,StartDate,EndDate,Status,Progress,Duration (in seconds),Finished,RecordedDate,RecipientLastName,RecipientFirstName,RecipientEmail,ExternalReference,LocationLatitude,LocationLongitude,DistributionChannel,UserLanguage,Q3,Q49,Q5,Q6,Q4,Q20_First Click,Q20_Last Click,Q20_Page Submit,Q20_Click Count,Q1_1,Q2_1,Q3_1,Q4_1,Q5_1,Q6_1,Q7_1,Q8_1,Q9_1,Q10_1,Q11_1,Belief questions_1,Belief questions_2,Belief questions_3,Belief questions_4,Belief questions_5,Belief questions_6,Belief questions_7,Belief questions_8,Create New Field or Choose From Dropdown...,CODE,age,gender,1handlowersubj,2handtogethersubj,3mosquitosubj,4TasteAverage,5rigidsubj,6immobilizationsubj,7musicsubj,8ballssubj,9amnesiasubj,10spaceGeoMean,10spacebarsubj1,10spacebarsubj2,4Tastesweetsubj,4Tastesoursubj
1,26/04/2022 08:34,26/04/2022 08:35,0,100,90,1,26/04/2022 08:35,NA,NA,NA,NA,50.8612,-0.1194,anonymous,EN,1,1,18,Woman,1,3.554,22.343,23.788,13,0,0,0,0,0,0,0,0,0,0,0,-1,-2,0,0,-2,0,-1,-2,NA,857,18,Woman,4,4,2,3,2,2,0,0,3,0,5,0,3,3
2,16/04/2022 10:34,16/04/2022 10:37,0,100,192,1,16/04/2022 10:37,NA,NA,NA,NA,51.0434,-1.7279,anonymous,EN,1,1,19,Woman,1,13.587,86.155,86.907,16,0,0,0,2,2,0,0,0,3,0,5,2,0,1,2,1,-1,2,0,NA,583,18,Woman,3,4,0,2,3,2,0,2,1,0,4,0,4,0
3,07/04/2022 10:07,07/04/2022 10:09,0,100,115,1,07/04/2022 10:09,NA,NA,NA,NA,51.5074,-0.1196,anonymous,EN,1,1,18,Woman,1,5.119,42.382,43.116,29,2,1,3,0,0,0,0,0,0,0,0,0,0,-1,0,-2,-1,-1,-2,NA,791,18,Woman,4,3,1,2,4,3,1,0,4,0,0,1,2,2
4,28/04/2022 16:01,28/04/2022 16:03,0,100,94,1,28/04/2022 16:03,NA,NA,NA,NA,51.3913,-2.3654,anonymous,EN,1,1,20,Man,1,11.997,55.341,56.744,11,0,0,0,0,0,0,0,0,0,0,0,-2,-2,-2,-2,-2,-2,-2,-2,NA,882,20,Man,4,2,2,4.5,5,4,0,0,0,0,0,5,4,5
5,14/04/2022 03:41,14/04/2022 03:47,0,100,397,1,14/04/2022 03:47,NA,NA,NA,NA,41.387,2.1701,anonymous,EN,1,1,20,Woman,1,115.97,346.183,347.384,13,0,0,0,3,3,0,3,0,0,0,0,0,0,0,0,0,0,0,0,NA,NA,NA,NA,NA,NA,NA,NA,NA,NA,NA,NA,NA,NA,NA,NA,NA,NA
6,26/04/2022 01:50,26/04/2022 01:52,0,100,143,1,26/04/2022 01:52,NA,NA,NA,NA,50.8612,-0.1194,anonymous,EN,1,1,19,Man,1,2.637,67.469,68.66,29,0,1,0,2,1,0,0,0,0,0,0,0,-1,-1,-1,1,-2,-2,-2,NA,569,19,Man,4,4,0,0,3,2,0,0,3,0,0,0,0,0
7,NA,NA,NA,NA,NA,NA,NA,NA,NA,NA,NA,NA,NA,NA,NA,NA,NA,NA,NA,NA,NA,NA,NA,NA,NA,NA,NA,NA,NA,NA,NA,NA,NA,NA,NA,NA,NA,NA,NA,NA,NA,NA,NA,NA,652,18,Woman,4,3,1,2.5,3,3,1,2,2,1,1,1,2,3
8,08/04/2022 15:10,08/04/2022 15:12,0,100,79,1,08/04/2022 15:12,NA,NA,NA,NA,50.80099487,-0.438095093,anonymous,EN,1,1,20,Woman,1,1.985,41.647,42.326,28,1,2,0,1,0,0,1,0,0,0,0,1,0,1,1,1,1,0,0,NA,709,20,Woman,4,3,0,0.5,1,0,0,0,1,2.45,2,3,1,0
9,27/04/2022 05:15,27/04/2022 05:18,0,100,217,1,27/04/2022 05:18,NA,NA,NA,NA,50.8612,-0.1194,anonymous,EN,1,1,20,Another,1,37.958,140.887,141.988,13,1,0,0,0,0,0,0,0,0,0,0,1,1,0,1,1,1,1,1,NA,NA,NA,NA,NA,NA,NA,NA,NA,NA,NA,NA,NA,NA,NA,NA,NA,NA
10,22/04/2022 10:14,22/04/2022 10:17,0,100,153,1,22/04/2022 10:17,NA,NA,NA,NA,50.8612,-0.1194,anonymous,EN,1,1,18,Woman,1,18.601,47.461,53.418,13,0,0,0,0,0,0,0,0,0,0,0,-1,-1,-1,-1,-1,-1,-1,-1,NA,752,18,Woman,2,3,1,2,5,4,0,0,0,0,0,1,2,2
11,07/04/2022 10:58,07/04/2022 11:02,0,100,192,1,07/04/2022 11:02,NA,NA,NA,NA,51.4224,-0.128,anonymous,EN,1,1,19,Woman,1,27.926,96.108,96.909,11,0,0,0,1,1,0,2,0,0,1,0,0,1,-1,0,0,1,1,0,NA,508,19,Woman,4,3,1,0.5,4,2,0,0,1,0,0,5,0,1
12,25/04/2022 08:16,25/04/2022 08:19,0,100,191,1,25/04/2022 08:20,NA,NA,NA,NA,51.8164,-0.3573,anonymous,EN,1,1,19,Woman,1,15.144,89.837,91.142,15,1,1,2,2,1,1,1,0,1,2,2,0,0,1,0,1,0,1,0,NA,NA,NA,NA,NA,NA,NA,NA,NA,NA,NA,NA,NA,NA,NA,NA,NA,NA
13,NA,NA,NA,NA,NA,NA,NA,NA,NA,NA,NA,NA,NA,NA,NA,NA,NA,NA,NA,NA,NA,NA,NA,NA,NA,NA,NA,NA,NA,NA,NA,NA,NA,NA,NA,NA,NA,NA,NA,NA,NA,NA,NA,NA,496,20,Woman,5,5,1,1,5,5,4,0,0,0,5,0,0,2
14,28/04/2022 06:33,28/04/2022 06:35,0,100,109,1,28/04/2022 06:35,NA,NA,NA,NA,51.5428,-0.1978,anonymous,EN,1,1,20,Woman,1,11.413,48.735,49.668,32,0,0,0,3,0,0,0,0,0,0,0,-2,-1,-2,-2,-1,-1,-2,-2,NA,NA,NA,NA,NA,NA,NA,NA,NA,NA,NA,NA,NA,NA,NA,NA,NA,NA
15,21/04/2022 07:36,21/04/2022 07:38,0,100,92,1,21/04/2022 07:38,NA,NA,NA,NA,50.7976,0.3029,anonymous,EN,1,1,19,Woman,1,16.161,52.852,54.1,12,1,4,4,4,4,2,4,4,1,4,3,1,1,1,1,2,0,1,1,NA,NA,NA,NA,NA,NA,NA,NA,NA,NA,NA,NA,NA,NA,NA,NA,NA,NA
16,28/04/2022 07:29,28/04/2022 07:32,0,100,187,1,28/04/2022 07:32,NA,NA,NA,NA,50.8612,-0.1194,anonymous,EN,1,1,20,Woman,1,23.369,128.681,131.591,12,1,2,5,5,5,4,3,0,5,0,3,2,2,2,2,2,2,2,2,NA,NA,NA,NA,NA,NA,NA,NA,NA,NA,NA,NA,NA,NA,NA,NA,NA,NA
17,28/04/2022 07:46,28/04/2022 07:48,0,100,138,1,28/04/2022 07:48,NA,NA,NA,NA,50.8612,-0.1194,anonymous,EN,1,1,19,Woman,1,8.507,57.567,58.508,26,2,2,3,4,3,3,2,2,2,2,3,1,1,1,0,0,1,0,0,NA,555,18,Woman,4,4,1,2,4,4,0,0,3,0,0,4,2,2
18,25/04/2022 05:34,25/04/2022 05:37,0,100,178,1,25/04/2022 05:37,NA,NA,NA,NA,50.8326,-0.0764,anonymous,EN,1,1,20,Woman,1,2.519,86.457,87.124,29,1,0,1,2,0,1,2,0,0,1,0,1,0,0,2,1,0,0,0,NA,NA,NA,NA,NA,NA,NA,NA,NA,NA,NA,NA,NA,NA,NA,NA,NA,NA
19,28/04/2022 09:37,28/04/2022 09:40,0,100,138,1,28/04/2022 09:40,NA,NA,NA,NA,50.8612,-0.1194,anonymous,EN,1,1,21,Man,1,16.902,67.822,70.409,14,0,0,0,1,0,0,0,0,0,0,1,-2,-2,-1,-1,-2,-2,-2,-2,NA,NA,NA,NA,NA,NA,NA,NA,NA,NA,NA,NA,NA,NA,NA,NA,NA,NA
20,20/04/2022 07:33,20/04/2022 07:36,0,100,181,1,20/04/2022 07:36,NA,NA,NA,NA,50.8612,-0.1194,anonymous,EN,1,1,20,Man,1,1.707,76.479,77.512,25,1,1,3,4,4,4,1,1,0,0,1,1,1,1,1,-1,1,-1,-2,NA,NA,NA,NA,NA,NA,NA,NA,NA,NA,NA,NA,NA,NA,NA,NA,NA,NA
21,28/04/2022 11:23,28/04/2022 11:28,0,100,305,1,28/04/2022 11:28,NA,NA,NA,NA,50.8612,-0.1194,anonymous,EN,1,1,19,Woman,1,5.339,82.318,82.946,31,2,3,1,3,1,0,5,4,3,1,3,1,1,0,1,2,0,1,2,NA,NA,NA,NA,NA,NA,NA,NA,NA,NA,NA,NA,NA,NA,NA,NA,NA,NA
22,28/04/2022 11:19,28/04/2022 11:20,0,27,20,0,05/05/2022 11:20,NA,NA,NA,NA,NA,NA,anonymous,EN,1,1,19,Woman,1,NA,NA,NA,NA,NA,NA,NA,NA,NA,NA,NA,NA,NA,NA,NA,NA,NA,NA,NA,NA,NA,NA,NA,NA,NA,NA,NA,NA,NA,NA,NA,NA,NA,NA,NA,NA,NA,NA,NA,NA,NA
23,22/04/2022 11:19,22/04/2022 11:21,0,100,144,1,22/04/2022 11:21,NA,NA,NA,NA,51.5975,0.2299,anonymous,EN,1,1,18,Woman,1,12.19,80.546,81.349,23,0,0,0,1,0,0,1,0,1,0,0,0,0,-1,-1,-1,1,-1,0,NA,454,18,Woman,5,4,2,2.5,5,3,0,0,1,0,0,5,2,3
24,26/04/2022 07:47,26/04/2022 11:57,0,5,15010,0,03/05/2022 11:57,NA,NA,NA,NA,NA,NA,anonymous,EN,NA,NA,NA,NA,NA,NA,NA,NA,NA,NA,NA,NA,NA,NA,NA,NA,NA,NA,NA,NA,NA,NA,NA,NA,NA,NA,NA,NA,NA,NA,NA,NA,NA,NA,NA,NA,NA,NA,NA,NA,NA,NA,NA,NA,NA,NA
25,27/04/2022 13:52,27/04/2022 13:54,0,100,159,1,27/04/2022 13:54,NA,NA,NA,NA,50.8326,-0.0764,anonymous,EN,1,1,19,Woman,1,11.35,91.319,92.303,11,0,0,0,2,1,0,0,0,0,0,0,-2,-2,-2,-2,-2,-2,-1,-2,NA,NA,NA,NA,NA,NA,NA,NA,NA,NA,NA,NA,NA,NA,NA,NA,NA,NA
26,17/04/2022 16:02,17/04/2022 16:07,0,100,291,1,17/04/2022 16:07,NA,NA,NA,NA,51.6216,0.309,anonymous,EN,1,1,19,Woman,1,22.024,185.88,186.966,31,2,2,0,3,0,2,5,5,0,0,5,2,2,1,2,2,2,2,2,NA,651,18,Woman,4,4,1,4,4,4,1,0,1,0,0,5,3,5
27,27/04/2022 10:30,27/04/2022 10:33,0,100,200,1,27/04/2022 10:33,NA,NA,NA,NA,50.8612,-0.1194,anonymous,EN,1,1,20,Woman,1,4.071,116.734,118.057,30,1,1,0,4,0,0,1,0,0,1,1,1,0,1,-1,0,1,1,2,NA,581,20,Woman,3,1,3,2,4,4,0,0,1,0,4,0,3,1
28,08/04/2022 06:32,08/04/2022 06:35,0,100,159,1,08/04/2022 06:35,NA,NA,NA,NA,50.8345,-0.186,anonymous,EN,1,1,21,Woman,1,10.989,66.489,68.423,23,5,5,5,5,5,5,2,0,0,0,3,2,2,1,-1,1,1,2,2,NA,NA,NA,NA,NA,NA,NA,NA,NA,NA,NA,NA,NA,NA,NA,NA,NA,NA
29,25/04/2022 07:29,25/04/2022 07:31,0,100,114,1,25/04/2022 07:31,NA,NA,NA,NA,52.0805,-0.1014,anonymous,EN,1,1,20,Woman,1,20.351,57.753,59.054,10,0,0,0,0,0,0,0,0,0,0,1,-1,-2,-2,-2,-2,2,2,-1,NA,NA,NA,NA,NA,NA,NA,NA,NA,NA,NA,NA,NA,NA,NA,NA,NA,NA
30,07/04/2022 14:07,07/04/2022 14:10,0,100,170,1,07/04/2022 14:10,NA,NA,NA,NA,50.8483,-0.4472,anonymous,EN,1,1,21,Woman,1,1.131,78.37,79.509,23,0,0,0,0,0,0,4,4,0,0,3,1,1,1,-1,2,1,2,2,NA,NA,NA,NA,NA,NA,NA,NA,NA,NA,NA,NA,NA,NA,NA,NA,NA,NA
31,27/04/2022 08:51,27/04/2022 08:54,0,100,136,1,27/04/2022 08:54,NA,NA,NA,NA,50.8326,-0.0764,anonymous,EN,1,1,19,Woman,1,5.136,81.879,82.929,24,0,0,0,1,0,2,0,0,0,5,1,1,2,2,1,2,2,2,2,NA,NA,NA,NA,NA,NA,NA,NA,NA,NA,NA,NA,NA,NA,NA,NA,NA,NA
32,12/04/2022 15:30,12/04/2022 15:32,0,100,172,1,12/04/2022 15:32,NA,NA,NA,NA,51.48890686,-0.231796265,anonymous,EN,1,1,19,Woman,1,6.503,97.709,98.579,22,3,3,0,0,0,0,3,0,0,0,2,0,-1,-2,-1,0,-1,1,1,NA,NA,NA,NA,NA,NA,NA,NA,NA,NA,NA,NA,NA,NA,NA,NA,NA,NA
33,25/04/2022 04:49,25/04/2022 04:52,0,100,203,1,25/04/2022 04:52,NA,NA,NA,NA,50.8612,-0.1194,anonymous,EN,1,1,18,Man,1,2.07,80.939,82.129,26,0,0,0,2,2,1,0,0,0,0,1,-1,-1,-2,-2,-2,-1,-1,-2,NA,825,18,Man,2,1,0,0,0,0,0,0,0,0,5,0,0,0
34,24/04/2022 12:14,24/04/2022 12:16,0,100,146,1,24/04/2022 12:16,NA,NA,NA,NA,51.1698,0.4424,anonymous,EN,1,1,27,Woman,1,12.763,71.59,72.547,13,3,0,0,4,0,0,5,1,0,0,5,0,0,1,1,0,0,2,2,NA,668,26,Woman,5,5,0,1.5,4,3,0,0,3,0,0,0,3,0
35,25/04/2022 09:17,25/04/2022 09:20,0,100,195,1,25/04/2022 09:20,NA,NA,NA,NA,51.1593,-2.16,anonymous,EN,1,1,22,Woman,1,13.096,123.438,125.001,18,0,0,0,3,0,0,2,0,0,0,0,-2,-2,-2,-2,-2,-2,-2,-2,NA,NA,NA,NA,NA,NA,NA,NA,NA,NA,NA,NA,NA,NA,NA,NA,NA,NA
36,29/04/2022 05:53,29/04/2022 05:54,0,100,55,1,29/04/2022 05:54,NA,NA,NA,NA,52.3111,4.861,anonymous,EN,1,1,19,Man,1,3.182,18.278,19.227,11,2,2,3,1,3,2,3,3,2,1,3,-1,0,1,-1,2,1,NA,0,NA,833,18,Man,4,2,0,0.5,4,3,0,0,1,2,4,1,0,1
37,26/04/2022 05:25,26/04/2022 05:27,0,100,152,1,26/04/2022 05:27,NA,NA,NA,NA,50.8612,-0.1194,anonymous,EN,1,1,22,Man,1,15.124,72.287,73.32,17,1,1,3,5,3,4,1,0,1,1,3,0,-1,2,1,2,2,2,2,NA,528,21,Other/prefer not to say,5,4,1,2.5,5,3,0,0,2,4.47,5,4,1,4
38,25/04/2022 15:58,25/04/2022 16:01,0,100,184,1,25/04/2022 16:01,NA,NA,NA,NA,47.0042,28.8574,anonymous,EN,1,1,19,Woman,1,21.236,126.736,128.348,11,0,0,1,2,1,0,1,0,0,0,3,1,1,1,1,1,1,1,1,NA,861,19,Woman,3,0,0,1,2,1,0,0,1,0,2,0,2,0
39,NA,NA,NA,NA,NA,NA,NA,NA,NA,NA,NA,NA,NA,NA,NA,NA,NA,NA,NA,NA,NA,NA,NA,NA,NA,NA,NA,NA,NA,NA,NA,NA,NA,NA,NA,NA,NA,NA,NA,NA,NA,NA,NA,NA,NA,NA,NA,NA,NA,NA,NA,NA,NA,NA,NA,NA,NA,NA,NA,NA,NA
40,11/04/2022 09:02,11/04/2022 09:06,0,100,241,1,11/04/2022 09:06,NA,NA,NA,NA,51.65390015,-0.088806152,anonymous,EN,1,1,20,Woman,1,53.808,153.525,153.986,14,0,0,0,2,0,0,0,0,0,0,1,0,0,1,-1,1,1,1,0,NA,510,19,Woman,3,3,0,1,2,3,0,0,4,0,0,0,0,2
41,26/04/2022 07:45,26/04/2022 07:49,0,100,192,1,26/04/2022 07:49,NA,NA,NA,NA,50.7749,-0.711,anonymous,EN,1,1,21,Woman,1,12.841,128.116,129.362,15,0,0,3,3,1,2,1,1,4,0,0,-1,0,2,1,-1,-1,1,1,NA,851,20,Woman,4,4,0,0,2,1,0,0,2,0,5,0,0,0
42,28/04/2022 07:13,28/04/2022 07:15,0,100,103,1,28/04/2022 07:15,NA,NA,NA,NA,50.8612,-0.1194,anonymous,EN,1,1,20,Woman,1,6.395,50.578,51.574,18,2,2,2,1,0,0,1,0,0,1,0,1,2,1,0,0,0,2,2,NA,590,20,Woman,5,4,1,1,5,5,5,0,3,1,1,1,1,1
43,12/04/2022 10:44,12/04/2022 10:45,0,100,92,1,12/04/2022 10:45,NA,NA,NA,NA,51.41079712,-0.67539978,anonymous,EN,1,1,19,Woman,1,11.747,45.606,46.84,13,2,1,1,0,0,0,2,0,0,0,1,1,1,1,-1,1,1,1,1,NA,574,19,Woman,4,3,4,0,5,1,0,0,2,0,0,1,0,0
44,NA,NA,NA,NA,NA,NA,NA,NA,NA,NA,NA,NA,NA,NA,NA,NA,NA,NA,NA,NA,NA,NA,NA,NA,NA,NA,NA,NA,NA,NA,NA,NA,NA,NA,NA,NA,NA,NA,NA,NA,NA,NA,NA,NA,474,20,Woman,5,5,2,4.5,4,4,0,0,2,2.24,5,1,4,5
45,29/04/2022 05:48,29/04/2022 05:49,0,100,50,1,29/04/2022 05:49,NA,NA,NA,NA,50.8612,-0.1194,anonymous,EN,1,1,18,Woman,1,5.599,21.785,23.011,11,0,2,1,3,1,2,1,0,0,0,0,-2,-2,-2,-2,-2,-2,-2,-2,NA,480,18,Woman,4,3,0,3.5,2,2,1,0,1,0,0,5,3,4
46,29/04/2022 07:52,29/04/2022 07:55,0,100,163,1,29/04/2022 07:55,NA,NA,NA,NA,50.8612,-0.1194,anonymous,EN,1,1,19,Another,1,10.696,82.381,84.912,23,0,0,2,3,4,1,0,0,0,0,0,1,0,-1,0,-1,1,-1,-2,NA,853,19,Non-binary,4,5,0,0.5,2,2,0,0,3,0,5,0,0,1
47,29/04/2022 06:23,29/04/2022 06:24,0,100,75,1,29/04/2022 06:24,NA,NA,NA,NA,51.3926,-0.1977,anonymous,EN,1,1,19,Woman,1,5.157,38.111,41.04,21,4,2,4,3,1,1,1,1,1,1,1,-1,0,-1,0,0,-1,-1,-1,NA,625,18,Woman,5,5,4,1,4,5,0,0,2,2.24,1,5,1,1
48,NA,NA,NA,NA,NA,NA,NA,NA,NA,NA,NA,NA,NA,NA,NA,NA,NA,NA,NA,NA,NA,NA,NA,NA,NA,NA,NA,NA,NA,NA,NA,NA,NA,NA,NA,NA,NA,NA,NA,NA,NA,NA,NA,NA,NA,NA,NA,NA,NA,NA,NA,NA,NA,NA,NA,NA,NA,NA,NA,NA,NA
49,23/04/2022 11:36,23/04/2022 11:41,0,100,300,1,23/04/2022 11:41,NA,NA,NA,NA,51.4746,-0.0924,anonymous,EN,1,1,22,Woman,1,13.587,174.065,175.096,33,0,0,0,2,1,0,2,0,0,0,1,1,1,0,-1,1,0,1,0,NA,NA,NA,NA,NA,NA,NA,NA,NA,NA,NA,NA,NA,NA,NA,NA,NA,NA
50,19/04/2022 03:43,19/04/2022 03:47,0,100,200,1,19/04/2022 03:47,NA,NA,NA,NA,53.4604,-3.0176,anonymous,EN,1,1,21,Woman,1,22.986,103.246,104.208,14,0,0,0,2,3,3,0,0,0,0,0,0,1,-1,-1,0,0,1,0,NA,NA,NA,NA,NA,NA,NA,NA,NA,NA,NA,NA,NA,NA,NA,NA,NA,NA
51,28/04/2022 12:04,28/04/2022 12:05,0,100,59,1,28/04/2022 12:05,NA,NA,NA,NA,50.831,-0.2734,anonymous,EN,1,1,19,Woman,1,1.424,18.127,19.383,13,2,3,2,3,2,3,3,2,2,3,2,1,-1,0,1,0,0,-1,1,NA,654,18,Woman,4,3,2,2,4,3,2,0,2,0,0,4,2,2
52,28/04/2022 07:11,28/04/2022 07:14,0,100,171,1,28/04/2022 07:14,NA,NA,NA,NA,50.8612,-0.1194,anonymous,EN,1,1,21,Woman,1,17.931,66.064,67.764,11,0,0,0,0,0,0,0,0,0,0,0,-1,-2,-1,-1,-1,-1,-1,-1,NA,470,20,Woman,1,3,2,0.5,3,2,0,0,1,0,4,0,1,0
53,11/04/2022 08:58,11/04/2022 09:05,0,100,449,1,11/04/2022 09:05,NA,NA,NA,NA,50.86120605,-0.119400024,anonymous,EN,1,1,18,Woman,1,5.694,96.486,97.641,16,0,0,1,4,1,0,3,2,1,0,1,1,0,1,-1,1,0,0,0,NA,NA,NA,NA,NA,NA,NA,NA,NA,NA,NA,NA,NA,NA,NA,NA,NA,NA
54,08/04/2022 03:37,08/04/2022 03:39,0,100,128,1,08/04/2022 03:39,NA,NA,NA,NA,51.4932,0.3411,anonymous,EN,1,1,18,Woman,1,10.337,48.385,49.578,11,0,0,2,0,0,0,0,0,0,0,0,-1,-2,-2,1,2,1,2,2,NA,702,18,Woman,3,3,2,2.5,1,1,0,0,4,0,5,0,1,4
55,15/04/2022 09:18,15/04/2022 09:23,0,100,314,1,15/04/2022 09:23,NA,NA,NA,NA,30.0778,31.2852,anonymous,EN,1,1,21,Man,1,17.915,219.662,226.122,14,0,0,0,5,0,3,0,0,0,0,0,-2,-2,-2,-1,1,1,1,2,NA,NA,NA,NA,NA,NA,NA,NA,NA,NA,NA,NA,NA,NA,NA,NA,NA,NA
56,19/04/2022 10:55,19/04/2022 10:57,0,100,102,1,19/04/2022 10:57,NA,NA,NA,NA,51.5565,0.134,anonymous,EN,1,1,18,Woman,1,14.98,51.958,53.382,11,0,0,0,3,3,4,4,3,0,0,0,2,2,2,2,2,2,2,2,NA,862,18,Woman,3,3,0,5,4,2,0,0,3,0,0,5,5,5
57,09/04/2022 04:52,09/04/2022 04:54,0,100,142,1,09/04/2022 04:54,NA,NA,NA,NA,50.16679382,-5.118103027,anonymous,EN,1,1,19,Another,1,11.237,73.504,74.565,13,0,1,1,4,1,2,3,1,0,0,4,0,1,1,-2,2,-2,2,1,NA,803,19,Non-binary,5,4,0,0,3,0,0,0,0,0,3,0,0,0
58,25/04/2022 14:12,25/04/2022 14:17,0,100,284,1,25/04/2022 14:17,NA,NA,NA,NA,50.8612,-0.1194,anonymous,EN,1,1,20,Man,1,11.127,167.961,168.628,46,0,0,0,0,0,0,0,0,0,0,0,-2,-2,-2,-2,-2,-2,-2,-2,NA,NA,NA,NA,NA,NA,NA,NA,NA,NA,NA,NA,NA,NA,NA,NA,NA,NA
59,29/04/2022 06:03,29/04/2022 06:06,0,100,165,1,29/04/2022 06:06,NA,NA,NA,NA,50.8326,-0.0764,anonymous,EN,1,1,22,Man,1,8.441,64.784,66.901,12,1,0,0,1,1,1,0,0,0,0,0,-1,-1,0,-1,0,-1,-1,-1,NA,NA,NA,NA,NA,NA,NA,NA,NA,NA,NA,NA,NA,NA,NA,NA,NA,NA
60,25/04/2022 06:57,25/04/2022 06:59,0,100,133,1,25/04/2022 06:59,NA,NA,NA,NA,50.8612,-0.1194,anonymous,EN,1,1,20,Woman,1,1.556,60.667,61.239,38,0,0,0,1,0,0,4,4,3,2,3,1,2,-1,0,2,-2,2,2,NA,763,19,Woman,5,5,0,0,4,2,0,0,0,0,0,0,0,0
61,11/04/2022 03:59,11/04/2022 04:02,0,100,141,1,11/04/2022 04:02,NA,NA,NA,NA,51.95939636,1.355300903,anonymous,EN,1,1,18,Woman,1,12.187,72.031,73.633,39,5,5,2,2,1,1,0,0,0,0,0,1,-1,-1,1,0,1,-1,-1,NA,830,18,Woman,3,1,1,1.5,4,3,0,0,4,0,0,5,2,1
62,25/04/2022 08:38,25/04/2022 08:41,0,100,143,1,25/04/2022 08:41,NA,NA,NA,NA,51.456,-0.0611,anonymous,EN,1,1,18,Woman,1,16.26,73.251,74.278,11,0,0,2,0,0,0,1,0,0,0,0,-2,-2,-2,-2,-2,-2,-1,-2,NA,NA,NA,NA,NA,NA,NA,NA,NA,NA,NA,NA,NA,NA,NA,NA,NA,NA
63,29/04/2022 09:36,29/04/2022 09:39,0,100,147,1,29/04/2022 09:39,NA,NA,NA,NA,50.8612,-0.1194,anonymous,EN,1,1,21,Woman,1,18.227,91.552,92.329,13,0,0,2,3,1,0,5,4,4,0,3,1,0,0,1,2,2,2,2,NA,NA,NA,NA,NA,NA,NA,NA,NA,NA,NA,NA,NA,NA,NA,NA,NA,NA
64,21/04/2022 11:02,21/04/2022 11:04,0,100,149,1,21/04/2022 11:04,NA,NA,NA,NA,51.6001,-0.2617,anonymous,EN,1,1,19,Woman,1,11.769,76.428,78.335,13,0,0,0,1,1,1,0,0,0,0,0,0,0,1,1,1,1,1,1,NA,NA,NA,NA,NA,NA,NA,NA,NA,NA,NA,NA,NA,NA,NA,NA,NA,NA
65,22/04/2022 04:48,22/04/2022 04:51,0,100,199,1,22/04/2022 04:51,NA,NA,NA,NA,50.8612,-0.1194,anonymous,EN,1,1,20,Woman,1,46.695,94.849,95.901,12,0,0,0,3,3,2,0,0,0,0,0,0,-1,0,0,0,-1,0,0,NA,500,20,Woman,3,4,0,0,4,5,0,0,3,0,0,4,0,0
66,18/04/2022 09:42,18/04/2022 09:45,0,100,222,1,18/04/2022 09:45,NA,NA,NA,NA,50.6138,-3.4037,anonymous,EN,1,1,20,Another,1,9.94,99.936,101.117,25,0,0,0,3,2,1,2,0,0,0,4,-1,-1,0,-2,1,1,2,1,NA,807,19,Non-binary,4,4,5,2,4,5,0,3,4,0,0,5,3,1
67,29/04/2022 06:26,29/04/2022 06:28,0,100,117,1,29/04/2022 06:28,NA,NA,NA,NA,50.8612,-0.1194,anonymous,EN,1,1,18,Woman,1,7.652,54.426,55.552,24,0,0,1,2,0,0,1,0,0,0,0,0,-2,-1,-1,-2,-2,-2,-2,NA,600,18,Woman,4,3,0,3,4,2,0,0,2,0,0,3,4,2
68,16/04/2022 10:22,16/04/2022 10:24,0,100,142,1,16/04/2022 10:24,NA,NA,NA,NA,51.4,-0.25,anonymous,EN,1,1,19,Man,1,9.31,66.289,68.135,12,3,1,0,0,0,0,3,0,0,4,0,1,1,-2,-2,-2,1,-2,-2,NA,516,18,Man,5,5,0,2,3,5,0,0,3,0,0,0,1,3
69,08/04/2022 08:48,08/04/2022 08:50,0,100,132,1,08/04/2022 08:50,NA,NA,NA,NA,52.6631,-2.4705,anonymous,EN,1,1,18,Woman,1,1.438,67.967,68.854,39,0,0,3,2,1,1,3,0,0,1,3,0,1,1,1,1,1,1,1,NA,552,18,Woman,4,5,3,0.5,4,4,0,0,3,2,1,4,1,0
70,18/04/2022 22:48,18/04/2022 22:53,0,100,281,1,18/04/2022 22:53,NA,NA,NA,NA,50.8612,-0.1194,anonymous,EN,1,1,20,Woman,1,9.68,213.326,214.031,14,0,0,2,3,1,1,2,4,4,0,1,0,1,0,0,2,1,1,1,NA,NA,NA,NA,NA,NA,NA,NA,NA,NA,NA,NA,NA,NA,NA,NA,NA,NA
71,28/04/2022 10:32,28/04/2022 10:38,0,100,324,1,28/04/2022 10:38,NA,NA,NA,NA,51.5245,-0.1567,anonymous,EN,1,1,19,Man,1,22.873,133.553,135.228,44,0,0,0,0,0,0,0,0,0,0,3,0,-2,-1,-2,2,-2,1,0,NA,498,18,Man,1,2,0,2.5,0,1,0,0,1,0,5,0,2,3
72,24/04/2022 10:32,24/04/2022 10:37,0,100,275,1,24/04/2022 10:37,NA,NA,NA,NA,51.5095,-0.0955,anonymous,EN,1,1,19,Woman,1,20.125,131.047,133.4,27,0,0,3,3,0,0,0,0,0,0,3,0,-2,-2,-2,2,2,2,0,NA,596,19,Woman,5,5,0,0,1,2,0,0,0,0,5,0,0,0
73,10/04/2022 04:41,10/04/2022 04:48,0,100,369,1,10/04/2022 04:48,NA,NA,NA,NA,51.11470032,-0.184005737,anonymous,EN,1,1,20,Woman,1,74.197,321.144,325.548,15,0,0,0,0,0,0,0,0,0,0,0,-2,-2,-2,-2,-2,-1,0,-2,NA,795,19,Woman,3,3,1,3,3,2,0,0,0,0,0,5,5,1
74,28/04/2022 13:17,28/04/2022 13:20,0,100,187,1,28/04/2022 13:20,NA,NA,NA,NA,50.8612,-0.1194,anonymous,EN,1,1,19,Woman,1,8.418,100.647,101.4,26,2,1,2,1,1,0,1,0,0,0,2,0,0,1,1,1,1,2,2,NA,511,18,Woman,4,5,3,2.5,4,1,0,0,0,0,5,0,2,3
75,25/04/2022 18:13,25/04/2022 18:16,0,100,166,1,25/04/2022 18:16,NA,NA,NA,NA,52.2445,0.7186,anonymous,EN,1,1,20,Woman,1,3.437,63.041,63.936,29,0,0,0,1,0,0,1,0,3,0,0,-1,-2,-1,-1,0,1,1,-1,NA,NA,NA,NA,NA,NA,NA,NA,NA,NA,NA,NA,NA,NA,NA,NA,NA,NA
76,24/04/2022 12:30,24/04/2022 12:32,0,100,109,1,24/04/2022 12:32,NA,NA,NA,NA,50.8345,-0.186,anonymous,EN,1,1,20,Woman,1,10.109,51.648,52.135,16,3,2,4,4,0,0,5,4,5,1,4,1,2,1,0,2,1,1,1,NA,NA,NA,NA,NA,NA,NA,NA,NA,NA,NA,NA,NA,NA,NA,NA,NA,NA
77,24/04/2022 16:38,24/04/2022 16:42,0,100,224,1,24/04/2022 16:42,NA,NA,NA,NA,50.8612,-0.1194,anonymous,EN,1,1,20,Woman,1,18.876,53.565,58.499,11,2,1,2,2,1,3,2,1,2,1,2,-1,1,0,-1,0,1,1,0,NA,608,19,Woman,4,3,2,2.5,5,2,0,1,2,0,0,3,3,2
78,29/04/2022 10:52,29/04/2022 10:54,0,100,127,1,29/04/2022 10:54,NA,NA,NA,NA,51.3926,-0.1977,anonymous,EN,1,1,21,Woman,1,7.775,64.972,65.513,28,3,3,4,5,3,2,5,3,1,0,5,0,1,-1,-1,2,0,2,2,NA,NA,NA,NA,NA,NA,NA,NA,NA,NA,NA,NA,NA,NA,NA,NA,NA,NA
79,21/04/2022 13:47,21/04/2022 13:51,0,100,218,1,21/04/2022 13:51,NA,NA,NA,NA,51.4535,-2.5917,anonymous,EN,1,1,19,Woman,1,28.452,109.122,109.821,12,0,0,0,5,4,0,0,0,0,0,0,-2,0,-1,-2,-2,-2,-1,-2,NA,615,19,Woman,5,4,0,0.5,2,0,0,0,2,0,3,0,1,0
80,11/04/2022 07:05,11/04/2022 07:08,0,100,189,1,11/04/2022 07:08,NA,NA,NA,NA,51.42790222,0.389602661,anonymous,EN,1,1,21,Man,1,46.08,112.724,113.406,12,2,2,3,5,4,3,3,0,0,0,4,1,1,1,2,2,1,1,1,NA,695,21,Man,2,4,1,1.5,2,1,0,0,3,0,5,0,0,3
81,29/04/2022 07:12,29/04/2022 07:17,0,100,320,1,29/04/2022 07:17,NA,NA,NA,NA,50.8326,-0.0764,anonymous,EN,1,1,21,Man,1,2.852,96.599,97.639,23,0,0,0,0,0,0,3,0,0,0,0,-1,0,-1,0,1,1,1,1,NA,NA,NA,NA,NA,NA,NA,NA,NA,NA,NA,NA,NA,NA,NA,NA,NA,NA
82,15/04/2022 03:45,15/04/2022 03:48,0,100,193,1,15/04/2022 03:48,NA,NA,NA,NA,50.8326,-0.0764,anonymous,EN,1,1,22,Prefer not to say,1,22.798,105.675,106.801,11,1,0,2,3,1,0,0,0,0,0,0,-2,1,1,-1,1,0,1,1,NA,NA,NA,NA,NA,NA,NA,NA,NA,NA,NA,NA,NA,NA,NA,NA,NA,NA
83,13/04/2022 11:54,13/04/2022 11:58,0,100,203,1,13/04/2022 11:58,NA,NA,NA,NA,51.7335,-0.5875,anonymous,EN,1,1,20,Man,1,17.789,117.203,118.044,14,0,0,0,0,0,0,0,0,0,0,0,-2,-2,-2,-2,-2,-2,-2,-2,NA,646,20,Man,0,3,0,0,0,0,0,0,0,0,0,0,0,0
84,25/04/2022 04:25,25/04/2022 04:28,0,100,169,1,25/04/2022 04:28,NA,NA,NA,NA,50.8612,-0.1194,anonymous,EN,1,1,20,Woman,1,9.544,73.955,74.934,25,0,0,0,1,2,2,0,0,0,0,1,0,-1,0,-2,-1,-1,0,0,NA,NA,NA,NA,NA,NA,NA,NA,NA,NA,NA,NA,NA,NA,NA,NA,NA,NA
85,25/04/2022 07:42,25/04/2022 07:43,0,100,100,1,25/04/2022 07:43,NA,NA,NA,NA,51.2476,-0.7672,anonymous,EN,1,1,19,Woman,1,8.339,45.001,45.546,41,0,0,2,1,0,0,1,0,1,0,1,0,0,-1,0,0,-1,1,1,NA,539,19,Woman,4,3,1,2,2,0,0,0,3,2,1,4,2,2
86,16/04/2022 18:42,16/04/2022 18:45,0,100,233,1,16/04/2022 18:45,NA,NA,NA,NA,50.8345,-0.186,anonymous,EN,1,1,25,Man,1,29.198,123.492,125.202,19,0,0,2,2,1,1,0,0,0,0,1,0,-1,0,-2,0,-1,-1,-1,NA,NA,NA,NA,NA,NA,NA,NA,NA,NA,NA,NA,NA,NA,NA,NA,NA,NA
87,NA,NA,NA,NA,NA,NA,NA,NA,NA,NA,NA,NA,NA,NA,NA,NA,NA,NA,NA,NA,NA,NA,NA,NA,NA,NA,NA,NA,NA,NA,NA,NA,NA,NA,NA,NA,NA,NA,NA,NA,NA,NA,NA,NA,701,19,Woman,0,2,0,1,1,2,0,0,0,0,0,5,1,1
88,12/04/2022 08:03,12/04/2022 08:05,0,100,105,1,12/04/2022 08:05,NA,NA,NA,NA,51.72189331,0.48109436,anonymous,EN,1,1,20,Woman,1,4.593,50.179,50.964,11,0,0,0,1,1,0,1,0,0,0,1,-1,-2,-2,-2,0,-2,-1,-2,NA,NA,NA,NA,NA,NA,NA,NA,NA,NA,NA,NA,NA,NA,NA,NA,NA,NA
89,17/04/2022 15:54,17/04/2022 15:56,0,100,156,1,17/04/2022 15:56,NA,NA,NA,NA,51.3214,-0.5915,anonymous,EN,1,1,19,Woman,1,20.389,91.966,92.822,17,0,0,2,3,2,1,4,5,5,2,3,-1,1,-2,0,2,1,2,1,NA,493,18,Woman,3,5,1,1,2,0,0,0,3,2,4,1,0,2
90,NA,NA,NA,NA,NA,NA,NA,NA,NA,NA,NA,NA,NA,NA,NA,NA,NA,NA,NA,NA,NA,NA,NA,NA,NA,NA,NA,NA,NA,NA,NA,NA,NA,NA,NA,NA,NA,NA,NA,NA,NA,NA,NA,NA,740,18,Man,5,5,0,2,3,1,1,0,2,0,0,1,1,3
91,25/04/2022 06:55,25/04/2022 06:57,0,100,95,1,25/04/2022 06:57,NA,NA,NA,NA,50.8326,-0.0764,anonymous,EN,1,1,20,Man,1,6.86,38.516,41.885,12,0,0,0,0,0,0,1,0,0,0,0,1,0,0,1,2,0,0,1,NA,NA,NA,NA,NA,NA,NA,NA,NA,NA,NA,NA,NA,NA,NA,NA,NA,NA
92,25/04/2022 10:57,25/04/2022 11:00,0,100,144,1,25/04/2022 11:00,NA,NA,NA,NA,50.8326,-0.0764,anonymous,EN,1,1,19,Woman,1,25.717,78.084,79.011,14,1,2,2,2,2,1,2,1,2,1,2,1,1,1,1,1,0,1,1,NA,513,19,Woman,2,1,0,2,2,1,1,0,0,0,1,0,2,2
93,28/04/2022 14:04,28/04/2022 14:08,0,100,223,1,28/04/2022 14:08,NA,NA,NA,NA,50.8345,-0.186,anonymous,EN,1,1,19,Woman,1,5.961,107.748,108.931,15,3,4,2,1,1,1,3,3,3,3,2,1,2,1,1,2,1,1,2,NA,NA,NA,NA,NA,NA,NA,NA,NA,NA,NA,NA,NA,NA,NA,NA,NA,NA
94,NA,NA,NA,NA,NA,NA,NA,NA,NA,NA,NA,NA,NA,NA,NA,NA,NA,NA,NA,NA,NA,NA,NA,NA,NA,NA,NA,NA,NA,NA,NA,NA,NA,NA,NA,NA,NA,NA,NA,NA,NA,NA,NA,NA,NA,NA,NA,NA,NA,NA,NA,NA,NA,NA,NA,NA,NA,NA,NA,NA,NA
95,07/04/2022 11:51,07/04/2022 11:55,0,100,223,1,07/04/2022 11:55,NA,NA,NA,NA,51.3488,-0.0321,anonymous,EN,1,1,18,Woman,1,22.797,93.876,94.934,23,0,0,0,0,0,0,1,0,0,0,1,-2,-2,0,0,1,0,2,1,NA,NA,NA,NA,NA,NA,NA,NA,NA,NA,NA,NA,NA,NA,NA,NA,NA,NA
96,09/04/2022 04:51,09/04/2022 04:54,0,100,167,1,09/04/2022 04:54,NA,NA,NA,NA,51.043396,-1.727905273,anonymous,EN,1,1,21,Woman,1,26.884,79.671,80.82,13,0,0,0,2,0,1,1,0,0,0,0,0,0,1,0,-1,0,1,0,NA,532,20,Woman,3,4,1,1.5,5,2,0,0,2,0,0,1,1,2
97,28/04/2022 15:41,28/04/2022 15:44,0,100,212,1,28/04/2022 15:44,NA,NA,NA,NA,50.8612,-0.1194,anonymous,EN,1,1,22,Woman,1,3.481,105.02,106.205,28,0,0,0,0,1,0,0,0,0,0,0,0,0,1,0,2,1,2,2,NA,788,21,Woman,4,2,1,0,4,4,0,0,4,0,5,0,0,0
98,16/04/2022 11:28,16/04/2022 11:31,0,100,204,1,16/04/2022 11:31,NA,NA,NA,NA,52.2125,0.1519,anonymous,EN,1,1,19,Woman,1,4.264,82.612,83.365,30,0,0,1,1,0,0,1,1,0,0,0,1,2,0,1,0,0,1,1,NA,859,18,Woman,4,2,3,2.5,4,2,0,0,2,2,1,4,3,2
99,26/04/2022 17:06,26/04/2022 17:09,0,100,178,1,26/04/2022 17:09,NA,NA,NA,NA,50.8161,-1.2341,anonymous,EN,1,1,19,Woman,1,14.713,104.27,107.157,19,2,1,0,2,2,0,3,0,0,0,0,0,1,0,0,1,1,0,1,NA,506,18,Woman,3,3,1,0.5,4,4,0,0,3,0,0,5,0,1
100,26/04/2022 19:34,26/04/2022 19:36,0,100,140,1,26/04/2022 19:36,NA,NA,NA,NA,50.8612,-0.1194,anonymous,EN,1,1,19,Woman,1,14.232,81.811,83.327,16,2,2,0,4,2,5,3,3,1,0,3,2,2,0,1,2,1,-2,-1,NA,487,18,Woman,5,3,0,2,2,0,0,0,3,3.16,5,2,1,3
101,28/04/2022 16:12,28/04/2022 16:15,0,100,132,1,28/04/2022 16:15,NA,NA,NA,NA,51.5888,-0.0247,anonymous,EN,1,1,20,Woman,1,8.944,64.762,65.259,16,2,3,1,3,2,1,0,2,0,2,4,0,1,1,0,1,1,2,2,NA,877,19,Woman,3,3,1,0,2,3,0,0,2,0,2,0,0,0
102,10/04/2022 05:57,10/04/2022 06:01,0,100,196,1,10/04/2022 06:01,NA,NA,NA,NA,51.43530273,-0.30960083,anonymous,EN,1,1,18,Woman,1,7.165,107.924,109.812,28,2,2,1,2,1,0,4,4,4,2,3,1,1,1,0,2,2,2,2,NA,490,18,Woman,4,1,0,0.5,1,0,0,0,0,0,5,0,1,0
103,19/04/2022 08:54,19/04/2022 08:57,0,100,166,1,19/04/2022 08:57,NA,NA,NA,NA,51.5095,-0.0955,anonymous,EN,1,1,20,Woman,1,19.296,65.165,67.005,12,0,0,0,0,0,0,1,0,0,0,0,1,1,0,0,1,0,0,0,NA,594,19,Woman,4,2,0,1.5,3,2,0,0,0,1.41,2,1,1,2
104,22/04/2022 06:04,22/04/2022 06:07,0,100,201,1,22/04/2022 06:07,NA,NA,NA,NA,51.4659,-0.2117,anonymous,EN,1,1,20,Man,1,14.104,125.478,126.371,41,0,0,0,3,3,1,2,1,2,0,3,0,0,2,2,1,1,2,2,NA,NA,NA,NA,NA,NA,NA,NA,NA,NA,NA,NA,NA,NA,NA,NA,NA,NA
105,22/04/2022 09:34,22/04/2022 09:36,0,100,151,1,22/04/2022 09:36,NA,NA,NA,NA,51.4513,-0.289,anonymous,EN,1,1,20,Woman,1,11.604,78.772,79.424,22,0,0,0,2,2,0,0,1,2,0,4,-1,0,0,-1,0,1,1,-1,NA,647,19,Woman,1,3,1,4,3,4,2,0,0,2,2,2,4,4
106,13/04/2022 03:59,13/04/2022 04:00,0,100,49,1,13/04/2022 04:00,NA,NA,NA,NA,24.6569,46.7179,anonymous,EN,1,1,19,Woman,1,1.681,15.784,18.824,11,1,3,1,2,2,1,3,2,4,4,3,-1,0,-1,0,1,0,0,1,NA,NA,NA,NA,NA,NA,NA,NA,NA,NA,NA,NA,NA,NA,NA,NA,NA,NA
107,27/04/2022 13:52,27/04/2022 13:55,0,100,150,1,27/04/2022 13:55,NA,NA,NA,NA,50.8612,-0.1194,anonymous,EN,1,1,19,Woman,1,21.981,76.175,77.283,13,0,0,2,0,0,0,1,0,0,0,0,-1,-1,-2,-2,-1,0,0,-1,NA,NA,NA,NA,NA,NA,NA,NA,NA,NA,NA,NA,NA,NA,NA,NA,NA,NA
108,27/04/2022 11:17,27/04/2022 11:19,0,100,137,1,27/04/2022 11:19,NA,NA,NA,NA,50.8612,-0.1194,anonymous,EN,1,1,19,Woman,1,4.48,52.241,54.216,11,0,0,0,1,0,0,0,0,0,0,0,0,0,0,0,0,0,0,0,NA,900,19,Woman,4,1,2,0.5,4,2,0,0,4,0,5,0,0,1
109,NA,NA,NA,NA,NA,NA,NA,NA,NA,NA,NA,NA,NA,NA,NA,NA,NA,NA,NA,NA,NA,NA,NA,NA,NA,NA,NA,NA,NA,NA,NA,NA,NA,NA,NA,NA,NA,NA,NA,NA,NA,NA,NA,NA,NA,NA,NA,NA,NA,NA,NA,NA,NA,NA,NA,NA,NA,NA,NA,NA,NA
110,20/04/2022 06:38,20/04/2022 06:40,0,100,126,1,20/04/2022 06:40,NA,NA,NA,NA,51.3304,-0.268,anonymous,EN,1,1,19,Woman,1,11.861,56.495,57.368,32,0,0,0,0,0,2,1,0,0,0,0,-1,0,-2,-2,-2,-1,-2,-2,NA,NA,NA,NA,NA,NA,NA,NA,NA,NA,NA,NA,NA,NA,NA,NA,NA,NA
111,07/04/2022 06:28,07/04/2022 06:30,0,100,138,1,07/04/2022 06:30,NA,NA,NA,NA,51.0822,0.0327,anonymous,EN,1,1,19,Woman,1,6.752,49.532,50.047,13,1,0,1,3,1,3,1,0,0,0,0,0,0,1,2,0,-1,1,0,NA,527,18,Woman,5,5,4,4.5,4,5,2,0,0,0,5,0,5,4
112,25/04/2022 08:29,25/04/2022 08:32,0,100,177,1,25/04/2022 08:32,NA,NA,NA,NA,50.8612,-0.1194,anonymous,EN,1,1,19,Woman,1,24.981,90.14,91.501,12,0,1,1,4,1,0,0,0,0,0,1,-1,0,-2,-2,-1,-1,0,0,NA,831,19,Woman,5,4,1,0.5,4,3,0,0,2,1.41,1,2,0,1
113,25/04/2022 05:21,25/04/2022 05:26,0,100,317,1,25/04/2022 05:26,NA,NA,NA,NA,50.8612,-0.1194,anonymous,EN,1,1,19,Man,1,3.224,164.104,166.287,25,0,0,0,3,2,2,0,0,0,0,2,-1,1,-1,1,0,0,-2,-2,NA,885,18,Man,4,4,1,2,4,3,0,0,3,1.41,2,1,3,1
114,20/04/2022 07:35,20/04/2022 07:37,0,100,168,1,20/04/2022 07:37,NA,NA,NA,NA,51.5834,-0.0755,anonymous,EN,1,1,20,Woman,1,27.678,103.871,105.652,11,2,0,2,0,0,0,3,1,1,1,1,1,0,-2,-2,1,0,1,1,NA,NA,NA,NA,NA,NA,NA,NA,NA,NA,NA,NA,NA,NA,NA,NA,NA,NA
115,29/04/2022 07:22,29/04/2022 07:25,0,100,121,1,29/04/2022 07:25,NA,NA,NA,NA,50.8612,-0.1194,anonymous,EN,1,1,19,Woman,1,7.885,67.639,69.258,13,0,0,0,4,4,1,5,5,5,5,5,1,1,2,1,2,2,2,2,NA,NA,NA,NA,NA,NA,NA,NA,NA,NA,NA,NA,NA,NA,NA,NA,NA,NA
116,24/04/2022 08:40,24/04/2022 08:42,0,100,127,1,24/04/2022 08:42,NA,NA,NA,NA,50.8612,-0.1194,anonymous,EN,1,1,19,Woman,1,9.811,63.458,64.671,12,0,3,0,4,0,2,2,0,0,0,1,1,1,0,-1,-1,0,2,2,NA,538,18,Woman,4,3,2,1,5,5,0,0,0,2.24,5,1,1,1
117,28/04/2022 14:33,28/04/2022 14:37,0,100,221,1,28/04/2022 14:37,NA,NA,NA,NA,51.543,0.1302,anonymous,EN,1,1,21,Man,1,4.885,140.516,141.933,34,1,0,0,1,1,1,0,0,0,0,0,-2,-2,-2,-2,-2,-1,-2,-2,NA,NA,NA,NA,NA,NA,NA,NA,NA,NA,NA,NA,NA,NA,NA,NA,NA,NA
118,19/04/2022 06:52,19/04/2022 06:56,0,100,210,1,19/04/2022 06:56,NA,NA,NA,NA,51.8951,-1.1585,anonymous,EN,1,1,18,Woman,1,27.482,113.177,114.718,14,3,1,0,4,0,1,0,1,3,0,0,2,2,0,0,2,1,2,2,NA,678,18,Woman,5,0,4,0.5,5,5,0,0,5,0,0,1,1,0
119,12/04/2022 05:30,12/04/2022 05:32,0,100,132,1,12/04/2022 05:32,NA,NA,NA,NA,51.06750488,-0.361999512,anonymous,EN,1,1,18,Woman,1,4.219,60.88,61.801,26,5,4,3,5,5,5,4,3,3,4,5,-2,-2,-2,-2,-2,-2,-2,-2,NA,526,18,Woman,4,3,4,3,4,3,0,0,4,0,5,0,1,5
120,14/04/2022 09:13,14/04/2022 09:15,0,100,85,1,14/04/2022 09:15,NA,NA,NA,NA,51.5245,-0.1567,anonymous,EN,1,1,19,Woman,1,7.044,36.011,36.543,13,2,2,2,0,0,0,1,0,0,0,1,-1,-1,-2,-2,-2,-2,2,2,NA,503,18,Woman,4,1,0,3,4,3,0,0,4,4.47,5,4,3,3
121,29/04/2022 04:43,29/04/2022 04:47,0,100,220,1,29/04/2022 04:47,NA,NA,NA,NA,50.8612,-0.1194,anonymous,EN,1,1,18,Woman,1,18.829,57.264,59.662,11,0,0,0,0,0,0,0,0,0,0,0,0,0,0,0,0,0,0,0,NA,461,18,Woman,3,2,3,1.5,3,4,0,0,0,0,0,0,1,2
122,27/04/2022 11:45,27/04/2022 11:49,0,100,258,1,27/04/2022 11:49,NA,NA,NA,NA,50.9532,0.2747,anonymous,EN,1,1,20,Woman,1,15.675,142.116,143.5,12,0,0,0,4,2,0,0,0,0,0,0,0,-1,0,-1,-1,-2,0,-1,NA,NA,NA,NA,NA,NA,NA,NA,NA,NA,NA,NA,NA,NA,NA,NA,NA,NA
123,15/04/2022 06:01,15/04/2022 06:04,0,100,144,1,15/04/2022 06:04,NA,NA,NA,NA,51.536,-0.0925,anonymous,EN,1,1,21,Woman,1,16.892,77.692,78.443,13,0,0,1,5,5,5,2,2,0,1,3,1,2,2,2,2,2,2,2,NA,NA,NA,NA,NA,NA,NA,NA,NA,NA,NA,NA,NA,NA,NA,NA,NA,NA
124,18/04/2022 13:42,18/04/2022 13:46,0,100,222,1,18/04/2022 13:46,NA,NA,NA,NA,51.2476,-0.7672,anonymous,EN,1,1,18,Woman,1,1.142,102.213,103.883,15,3,2,1,0,1,2,3,0,0,0,0,1,0,0,0,0,-1,1,2,NA,689,18,Woman,5,3,1,1.5,4,0,0,0,0,0,0,4,2,1
125,25/04/2022 13:37,25/04/2022 13:43,0,100,360,1,25/04/2022 13:43,NA,NA,NA,NA,50.8612,-0.1194,anonymous,EN,1,1,19,Woman,1,3.032,130.425,145.423,27,0,0,0,2,0,0,0,0,1,0,2,-1,0,-1,-2,-2,-2,1,1,NA,785,19,Woman,2,3,4,0.5,2,1,0,0,4,1.73,3,1,1,0
126,28/04/2022 05:17,28/04/2022 05:19,0,100,95,1,28/04/2022 05:19,NA,NA,NA,NA,50.8273,-0.4887,anonymous,EN,1,1,20,Woman,1,12.57,41.614,42.738,12,0,0,0,0,0,0,2,0,0,0,0,1,0,1,0,2,2,1,1,NA,NA,NA,NA,NA,NA,NA,NA,NA,NA,NA,NA,NA,NA,NA,NA,NA,NA
127,21/04/2022 13:34,21/04/2022 13:36,0,100,126,1,21/04/2022 13:36,NA,NA,NA,NA,50.916,-1.4993,anonymous,EN,1,1,20,Woman,1,13.289,63.128,65.056,12,0,2,3,0,0,0,1,0,0,0,0,0,0,0,0,0,0,0,0,NA,889,19,Woman,4,4,1,0,3,4,0,0,2,0,5,0,0,0
128,28/04/2022 10:57,28/04/2022 11:01,0,100,191,1,28/04/2022 11:01,NA,NA,NA,NA,50.8345,-0.186,anonymous,EN,1,1,22,Woman,1,16.018,78.504,79.982,11,0,0,0,0,0,0,0,0,0,0,0,-2,0,-1,-2,-1,0,-1,-2,NA,NA,NA,NA,NA,NA,NA,NA,NA,NA,NA,NA,NA,NA,NA,NA,NA,NA
129,22/04/2022 11:00,22/04/2022 11:04,0,100,260,1,22/04/2022 11:04,NA,NA,NA,NA,51.3503,-0.2014,anonymous,EN,1,1,20,Woman,1,13.149,139.361,141.005,13,0,0,0,5,4,1,0,0,2,1,0,-2,-1,-2,-2,-2,-2,-1,-2,NA,NA,NA,NA,NA,NA,NA,NA,NA,NA,NA,NA,NA,NA,NA,NA,NA,NA
130,13/04/2022 05:03,13/04/2022 05:44,0,100,2486,1,13/04/2022 05:44,NA,NA,NA,NA,50.8612,-0.1194,anonymous,EN,1,1,22,Woman,1,135.972,822.733,823.415,13,4,4,4,4,5,4,5,4,4,3,4,1,0,1,1,2,1,1,1,NA,675,21,Woman,3,2,2,3,4,3,0,0,1,0,4,0,3,3
131,14/04/2022 11:44,14/04/2022 11:49,0,100,282,1,14/04/2022 11:49,NA,NA,NA,NA,51.1932,-0.3423,anonymous,EN,1,1,20,Woman,1,16.909,193.975,195.309,12,3,4,1,4,4,4,1,0,0,0,0,0,0,1,2,0,1,0,0,NA,NA,NA,NA,NA,NA,NA,NA,NA,NA,NA,NA,NA,NA,NA,NA,NA,NA
132,27/04/2022 14:04,27/04/2022 14:06,0,100,103,1,27/04/2022 14:06,NA,NA,NA,NA,26.241,50.5779,anonymous,EN,1,1,19,Woman,1,5.585,50.575,51.904,12,2,1,4,5,3,2,4,2,2,1,2,1,1,1,1,1,1,1,1,NA,658,19,Woman,3,2,3,3.5,4,3,0,0,2,0,0,3,4,3
133,27/04/2022 12:46,27/04/2022 12:51,0,100,310,1,27/04/2022 12:51,NA,NA,NA,NA,50.8612,-0.1194,anonymous,EN,1,1,19,Woman,1,10.473,243.211,244.644,15,1,0,1,4,4,3,4,0,0,2,1,1,0,0,1,1,0,1,1,NA,NA,NA,NA,NA,NA,NA,NA,NA,NA,NA,NA,NA,NA,NA,NA,NA,NA
134,20/04/2022 11:22,20/04/2022 11:26,0,100,225,1,20/04/2022 11:26,NA,NA,NA,NA,52.5934,-0.7721,anonymous,EN,1,1,18,Woman,1,42.9,121.451,122.601,12,1,1,0,0,0,0,0,0,0,0,0,0,1,-2,-2,-1,0,1,0,NA,738,18,Woman,4,4,0,0,2,1,0,0,5,0,3,0,0,0
135,29/04/2022 06:31,29/04/2022 06:33,0,100,138,1,29/04/2022 06:33,NA,NA,NA,NA,50.8612,-0.1194,anonymous,EN,1,1,20,Man,1,6.195,53.11,54.111,11,0,0,0,0,0,0,0,0,0,3,0,-1,0,0,-1,1,0,1,0,NA,NA,NA,NA,NA,NA,NA,NA,NA,NA,NA,NA,NA,NA,NA,NA,NA,NA
136,29/04/2022 07:04,29/04/2022 07:07,0,100,174,1,29/04/2022 07:07,NA,NA,NA,NA,50.8612,-0.1194,anonymous,EN,1,1,20,Woman,1,25.553,108.217,109.162,13,0,2,0,2,2,0,2,0,0,0,0,-2,-2,-2,-2,-2,-2,-2,-2,NA,855,20,Woman,5,5,0,0,5,1,0,0,2,0,0,0,0,0
137,28/04/2022 12:26,28/04/2022 12:29,0,100,190,1,28/04/2022 12:29,NA,NA,NA,NA,50.8612,-0.1194,anonymous,EN,1,1,22,Woman,1,21.551,57.895,59.336,11,0,0,1,0,2,0,0,0,0,0,0,-1,-1,0,-1,-2,-2,NA,-2,NA,534,22,Woman,4,5,3,3,2,4,0,0,0,1.73,3,1,1,5
138,18/04/2022 08:07,18/04/2022 08:11,0,100,228,1,18/04/2022 08:11,NA,NA,NA,NA,50.8273,-0.4887,anonymous,EN,1,1,20,Man,1,31.709,132.895,133.891,20,4,3,1,2,5,2,3,1,0,3,4,-1,0,1,0,0,1,1,-2,NA,NA,NA,NA,NA,NA,NA,NA,NA,NA,NA,NA,NA,NA,NA,NA,NA,NA
139,28/04/2022 08:06,28/04/2022 08:14,0,100,483,1,28/04/2022 08:14,NA,NA,NA,NA,50.8612,-0.1194,anonymous,EN,1,1,19,Woman,1,26.388,158.789,159.896,20,2,1,0,5,5,3,1,0,0,2,1,1,1,0,-1,0,1,0,0,NA,826,18,Woman,5,2,1,1,3,0,0,0,0,0,0,0,1,1
140,28/04/2022 11:18,28/04/2022 11:26,0,100,513,1,28/04/2022 11:26,NA,NA,NA,NA,51.5646,0.0898,anonymous,EN,1,1,18,Man,1,4.255,35.093,47.779,11,0,0,0,0,0,0,0,0,0,0,3,0,1,0,0,2,-1,1,1,NA,777,18,Man,2,1,0,0.5,4,3,0,0,4,0,0,0,1,0
141,NA,NA,NA,NA,NA,NA,NA,NA,NA,NA,NA,NA,NA,NA,NA,NA,NA,NA,NA,NA,NA,NA,NA,NA,NA,NA,NA,NA,NA,NA,NA,NA,NA,NA,NA,NA,NA,NA,NA,NA,NA,NA,NA,NA,743,18,Non-binary,5,4,0,0,5,3,0,0,3,1.41,1,2,0,0
142,26/04/2022 18:02,26/04/2022 18:03,0,100,72,1,26/04/2022 18:03,NA,NA,NA,NA,51.6427,-0.3647,anonymous,EN,1,1,18,Man,1,14.432,30.013,31.927,15,1,1,1,2,1,1,2,1,2,3,1,-1,0,-1,0,-1,1,-1,-2,NA,NA,NA,NA,NA,NA,NA,NA,NA,NA,NA,NA,NA,NA,NA,NA,NA,NA
143,28/04/2022 05:32,28/04/2022 05:34,0,100,144,1,28/04/2022 05:34,NA,NA,NA,NA,50.8612,-0.1194,anonymous,EN,1,1,18,Man,1,8.934,54.555,63.423,14,0,0,0,1,0,0,0,0,0,0,0,-2,-2,-2,-2,-1,-2,-2,-2,NA,453,18,Man,3,2,1,0.5,2,3,0,0,0,1,1,1,0,1
144,NA,NA,NA,NA,NA,NA,NA,NA,NA,NA,NA,NA,NA,NA,NA,NA,NA,NA,NA,NA,NA,NA,NA,NA,NA,NA,NA,NA,NA,NA,NA,NA,NA,NA,NA,NA,NA,NA,NA,NA,NA,NA,NA,NA,NA,NA,NA,NA,NA,NA,NA,NA,NA,NA,NA,NA,NA,NA,NA,NA,NA
145,NA,NA,NA,NA,NA,NA,NA,NA,NA,NA,NA,NA,NA,NA,NA,NA,NA,NA,NA,NA,NA,NA,NA,NA,NA,NA,NA,NA,NA,NA,NA,NA,NA,NA,NA,NA,NA,NA,NA,NA,NA,NA,NA,NA,NA,NA,NA,NA,NA,NA,NA,NA,NA,NA,NA,NA,NA,NA,NA,NA,NA
146,NA,NA,NA,NA,NA,NA,NA,NA,NA,NA,NA,NA,NA,NA,NA,NA,NA,NA,NA,NA,NA,NA,NA,NA,NA,NA,NA,NA,NA,NA,NA,NA,NA,NA,NA,NA,NA,NA,NA,NA,NA,NA,NA,NA,NA,NA,NA,NA,NA,NA,NA,NA,NA,NA,NA,NA,NA,NA,NA,NA,NA
147,NA,NA,NA,NA,NA,NA,NA,NA,NA,NA,NA,NA,NA,NA,NA,NA,NA,NA,NA,NA,NA,NA,NA,NA,NA,NA,NA,NA,NA,NA,NA,NA,NA,NA,NA,NA,NA,NA,NA,NA,NA,NA,NA,NA,NA,NA,NA,NA,NA,NA,NA,NA,NA,NA,NA,NA,NA,NA,NA,NA,NA
148,17/04/2022 14:05,17/04/2022 14:08,0,100,160,1,17/04/2022 14:08,NA,NA,NA,NA,53.4353,-2.3892,anonymous,EN,1,1,20,Woman,1,17.258,75.475,76.704,24,0,0,0,0,0,0,2,0,1,0,0,0,1,1,-1,1,2,1,1,NA,693,19,Woman,3,4,1,0,5,3,0,0,3,2,4,1,0,0
149,25/04/2022 08:36,25/04/2022 08:38,0,100,78,1,25/04/2022 08:38,NA,NA,NA,NA,51.3478,-0.1469,anonymous,EN,1,1,29,Another,1,4.741,39.758,41.12,13,0,0,0,2,0,0,0,0,0,0,0,-2,-2,-2,-2,-2,-2,-2,-2,NA,706,28,Non-binary,3,3,2,3,4,2,0,2,3,0,5,0,3,3
150,28/04/2022 11:01,28/04/2022 11:04,0,100,199,1,28/04/2022 11:04,NA,NA,NA,NA,50.8612,-0.1194,anonymous,EN,1,1,18,Woman,1,15.343,105.432,107.105,11,0,0,0,0,0,0,0,0,0,0,0,0,0,0,0,0,0,0,0,NA,881,18,Woman,5,5,0,0,4,4,0,0,1,2,4,1,0,0
151,13/04/2022 02:50,13/04/2022 02:51,0,100,98,1,13/04/2022 02:51,NA,NA,NA,NA,51.6192,-0.3247,anonymous,EN,1,1,18,Woman,1,2.91,45.55,46.212,49,2,0,0,3,0,0,2,0,0,0,0,0,1,1,1,1,0,0,1,NA,772,18,Woman,4,3,0,1.5,2,1,0,0,2,0,0,5,1,2
152,19/04/2022 07:07,19/04/2022 07:09,0,100,144,1,19/04/2022 07:09,NA,NA,NA,NA,50.8326,-0.0764,anonymous,EN,1,1,21,Woman,1,8.35,55.815,57.548,17,0,0,0,1,0,0,0,0,0,0,0,-1,0,1,-1,1,-1,1,1,NA,883,20,Woman,3,5,1,0,0,1,0,0,0,0,4,0,0,0
153,29/04/2022 06:42,29/04/2022 06:46,0,100,209,1,29/04/2022 06:46,NA,NA,NA,NA,50.8612,-0.1194,anonymous,EN,1,1,27,Man,1,7.259,132.985,134.846,12,0,0,0,0,0,0,0,0,0,0,1,-1,-1,-1,-1,-1,0,-1,-1,NA,836,27,Man,4,3,2,4,2,2,0,0,0,0,0,0,4,4
154,27/04/2022 08:19,27/04/2022 08:22,0,100,199,1,27/04/2022 08:22,NA,NA,NA,NA,51.5565,0.5813,anonymous,EN,1,1,23,Woman,1,19.59,102.444,104.018,12,1,0,1,4,4,2,2,0,0,0,0,1,1,1,-1,1,1,1,-1,NA,908,23,Woman,5,2,0,0.5,5,0,0,0,0,0,5,0,1,0
155,11/04/2022 08:24,11/04/2022 08:27,0,100,161,1,11/04/2022 08:27,NA,NA,NA,NA,51.47459412,-0.092407227,anonymous,EN,1,1,19,Woman,1,28.782,95.468,96.137,11,2,0,1,2,0,0,4,0,0,0,4,0,1,-1,-1,-1,-1,1,1,NA,884,18,Woman,2,2,4,4.5,1,4,0,0,1,0,5,0,5,4
156,18/04/2022 09:01,18/04/2022 09:10,0,100,554,1,18/04/2022 09:10,NA,NA,NA,NA,50.8345,-0.186,anonymous,EN,1,1,25,Woman,1,11.202,288.239,288.902,25,2,4,3,3,2,2,5,2,1,0,5,1,1,1,-1,2,1,2,2,NA,NA,NA,NA,NA,NA,NA,NA,NA,NA,NA,NA,NA,NA,NA,NA,NA,NA
157,25/04/2022 09:50,25/04/2022 09:56,0,100,328,1,25/04/2022 09:56,NA,NA,NA,NA,51.3878,-0.2945,anonymous,EN,1,1,44,Woman,1,20.098,175.868,177.434,65,0,0,2,0,0,0,2,0,1,0,0,-1,-1,-1,-1,0,1,0,0,NA,565,43,Woman,5,4,3,1.5,5,5,1,0,1,0,3,0,2,1
158,19/04/2022 05:52,19/04/2022 05:55,0,100,159,1,19/04/2022 05:55,NA,NA,NA,NA,50.8612,-0.1194,anonymous,EN,1,1,18,Woman,1,11.141,79.286,81.155,14,0,3,1,3,4,1,3,3,0,0,3,1,1,2,2,2,2,2,2,NA,667,18,Non-binary,4,4,3,1,4,5,0,0,1,0,0,4,0,2
159,28/04/2022 15:53,28/04/2022 15:55,0,100,116,1,28/04/2022 15:55,NA,NA,NA,NA,50.8612,-0.1194,anonymous,EN,1,1,20,Man,1,10.64,56.147,57.646,13,1,1,0,1,0,0,3,1,0,0,1,-2,-2,1,0,1,1,1,1,NA,NA,NA,NA,NA,NA,NA,NA,NA,NA,NA,NA,NA,NA,NA,NA,NA,NA
160,29/04/2022 08:12,29/04/2022 08:17,0,100,306,1,29/04/2022 08:17,NA,NA,NA,NA,50.831,-0.2734,anonymous,EN,1,1,21,Woman,1,54.482,87.306,88.441,11,0,0,0,0,0,0,0,0,0,0,0,1,2,0,0,-2,0,0,0,NA,NA,NA,NA,NA,NA,NA,NA,NA,NA,NA,NA,NA,NA,NA,NA,NA,NA
161,07/04/2022 10:16,07/04/2022 10:19,0,100,140,1,07/04/2022 10:19,NA,NA,NA,NA,50.8612,-0.1194,anonymous,EN,1,1,20,Woman,1,18.986,79.265,80.836,11,1,0,1,2,0,0,1,0,0,1,0,0,1,1,-1,1,0,1,1,NA,741,20,Woman,4,5,2,2.5,3,4,0,0,1,2,4,1,1,4
162,28/04/2022 14:00,28/04/2022 14:03,0,100,142,1,28/04/2022 14:03,NA,NA,NA,NA,50.8345,-0.186,anonymous,EN,1,1,19,Woman,1,7.729,87.47,89.608,12,5,3,5,1,5,5,5,1,2,3,2,0,0,0,0,2,2,1,2,NA,NA,NA,NA,NA,NA,NA,NA,NA,NA,NA,NA,NA,NA,NA,NA,NA,NA
163,NA,NA,NA,NA,NA,NA,NA,NA,NA,NA,NA,NA,NA,NA,NA,NA,NA,NA,NA,NA,NA,NA,NA,NA,NA,NA,NA,NA,NA,NA,NA,NA,NA,NA,NA,NA,NA,NA,NA,NA,NA,NA,NA,NA,909,27,Man,1,0,0,1,0,0,0,0,3,1,1,1,1,1
164,23/04/2022 09:40,23/04/2022 09:42,0,100,136,1,23/04/2022 09:42,NA,NA,NA,NA,50.8612,-0.1194,anonymous,EN,1,1,18,Woman,1,13.328,58.833,61.101,13,0,0,0,2,0,1,0,0,0,0,0,1,0,2,2,2,2,2,1,NA,723,18,Woman,4,4,0,3,3,1,0,0,4,0,0,0,3,3
165,29/04/2022 07:56,29/04/2022 07:58,0,100,106,1,29/04/2022 07:58,NA,NA,NA,NA,50.8612,-0.1194,anonymous,EN,1,1,20,Man,1,5.008,47.022,47.895,24,0,0,0,3,1,0,1,0,0,0,0,-2,-1,-2,-2,2,0,0,-2,NA,NA,NA,NA,NA,NA,NA,NA,NA,NA,NA,NA,NA,NA,NA,NA,NA,NA
166,10/04/2022 22:58,10/04/2022 23:00,0,100,69,1,10/04/2022 23:00,NA,NA,NA,NA,52.92340088,-1.472503662,anonymous,EN,1,1,23,Man,1,2.088,19.297,21.124,12,2,2,1,3,1,3,1,3,2,2,3,0,0,1,1,1,1,0,0,NA,NA,NA,NA,NA,NA,NA,NA,NA,NA,NA,NA,NA,NA,NA,NA,NA,NA
167,23/04/2022 15:53,23/04/2022 15:55,0,100,122,1,23/04/2022 15:55,NA,NA,NA,NA,51.3848,-0.4139,anonymous,EN,1,1,18,Woman,1,15.336,57.91,58.908,12,2,2,0,3,3,3,2,1,0,0,1,1,0,1,0,1,1,0,0,NA,458,18,Woman,5,2,5,4,4,4,0,0,4,2.24,5,1,3,5
168,21/04/2022 07:11,21/04/2022 07:13,0,100,108,1,21/04/2022 07:13,NA,NA,NA,NA,50.8612,-0.1194,anonymous,EN,1,1,19,Woman,1,18.408,54.812,56.871,11,0,1,2,0,0,0,1,0,0,0,1,1,0,-1,-2,2,2,2,1,NA,838,18,Woman,2,4,0,0,3,2,0,0,0,0,0,0,0,0
169,NA,NA,NA,NA,NA,NA,NA,NA,NA,NA,NA,NA,NA,NA,NA,NA,NA,NA,NA,NA,NA,NA,NA,NA,NA,NA,NA,NA,NA,NA,NA,NA,NA,NA,NA,NA,NA,NA,NA,NA,NA,NA,NA,NA,NA,NA,NA,NA,NA,NA,NA,NA,NA,NA,NA,NA,NA,NA,NA,NA,NA
170,08/04/2022 14:34,08/04/2022 14:37,0,100,165,1,08/04/2022 14:37,NA,NA,NA,NA,51.52450562,-0.156692505,anonymous,EN,1,1,21,Man,1,11.796,95.339,96.934,12,0,0,0,0,0,0,0,0,0,0,5,1,0,2,2,2,2,2,0,NA,NA,NA,NA,NA,NA,NA,NA,NA,NA,NA,NA,NA,NA,NA,NA,NA,NA
171,29/04/2022 06:37,29/04/2022 06:39,0,100,137,1,29/04/2022 06:39,NA,NA,NA,NA,50.8612,-0.1194,anonymous,EN,1,1,19,Woman,1,5.277,80.663,80.7,37,0,1,3,5,0,0,3,2,0,0,5,0,1,2,0,2,2,0,0,NA,NA,NA,NA,NA,NA,NA,NA,NA,NA,NA,NA,NA,NA,NA,NA,NA,NA
172,NA,NA,NA,NA,NA,NA,NA,NA,NA,NA,NA,NA,NA,NA,NA,NA,NA,NA,NA,NA,NA,NA,NA,NA,NA,NA,NA,NA,NA,NA,NA,NA,NA,NA,NA,NA,NA,NA,NA,NA,NA,NA,NA,NA,771,18,Man,2,3,2,3,4,2,0,0,2,0,0,0,3,3
173,15/10/2022 12:41,15/10/2022 12:43,0,100,112,1,15/10/2022 12:43,NA,NA,NA,NA,50.8612,-0.1194,anonymous,EN,1,1,19,Woman,1,13.476,59.658,60.609,11,0,0,1,2,0,0,0,0,0,0,0,0,0,0,0,1,0,1,1,NA,140,19,Woman,4,3,2,3.5,0,0,0,0,0,0,3,0,3,4
174,18/10/2022 05:54,19/10/2022 08:39,0,100,96306,1,19/10/2022 08:39,NA,NA,NA,NA,50.9973,-0.1053,anonymous,EN,1,1,18,Woman,1,22.581,101.154,102.417,13,0,0,0,0,0,0,2,0,0,0,0,-1,0,-2,-2,0,0,-2,-2,NA,277,18,Woman,4,4,0,1.5,2,2,0,0,4,0,0,1,1,2
175,29/09/2022 09:16,29/09/2022 09:19,0,100,183,1,29/09/2022 09:19,NA,NA,NA,NA,50.8612,-0.1194,anonymous,EN,1,1,18,Woman,1,6.337,39.248,46.401,11,0,0,0,0,0,0,0,0,0,0,0,-2,-2,-1,-2,-1,-1,1,-2,NA,133,18,Woman,5,5,0,1,5,2,0,0,0,0,4,0,1,1
176,10/11/2022 04:49,10/11/2022 04:54,0,100,262,1,10/11/2022 04:54,NA,NA,NA,NA,50.8612,-0.1194,anonymous,EN,1,1,19,Woman,1,8.525,169.106,169.955,32,0,1,0,3,0,0,3,3,3,3,2,1,0,-1,-1,0,1,1,1,NA,NA,NA,NA,NA,NA,NA,NA,NA,NA,NA,NA,NA,NA,NA,NA,NA,NA
177,18/10/2022 05:43,18/10/2022 05:45,0,100,131,1,18/10/2022 05:45,NA,NA,NA,NA,51.3093,-0.1752,anonymous,EN,1,1,20,Woman,1,13.023,62.939,63.721,13,0,0,1,1,1,1,2,1,0,0,1,0,0,1,1,2,2,1,1,NA,592,19,Woman,4,3,2,0,4,4,0,0,3,3.87,5,3,0,0
178,21/10/2022 14:39,21/10/2022 14:43,0,100,186,1,21/10/2022 14:43,NA,NA,NA,NA,50.9583,-0.1342,anonymous,EN,1,1,21,Woman,1,17.727,88.52,90.571,11,0,0,0,3,1,0,3,0,0,0,3,0,-1,2,1,1,1,2,2,NA,NA,NA,NA,NA,NA,NA,NA,NA,NA,NA,NA,NA,NA,NA,NA,NA,NA
179,NA,NA,NA,NA,NA,NA,NA,NA,NA,NA,NA,NA,NA,NA,NA,NA,NA,NA,NA,NA,NA,NA,NA,NA,NA,NA,NA,NA,NA,NA,NA,NA,NA,NA,NA,NA,NA,NA,NA,NA,NA,NA,NA,NA,820,18,Woman,5,4,3,0,5,5,0,0,0,0,2,0,0,0
180,20/10/2022 08:58,20/10/2022 09:01,0,100,203,1,20/10/2022 09:01,NA,NA,NA,NA,50.8612,-0.1194,anonymous,EN,1,1,18,Woman,1,30.318,118.786,120.894,11,3,0,4,0,0,0,1,0,0,0,0,1,2,-1,1,0,-1,1,1,NA,232,18,Woman,1,2,4,0,1,2,0,0,0,0,5,0,0,0
181,03/11/2022 11:03,03/11/2022 11:06,0,100,184,1,03/11/2022 11:06,NA,NA,NA,NA,50.8612,-0.1194,anonymous,EN,1,1,19,Woman,1,18.268,89.664,91.497,12,3,1,0,4,2,1,3,2,1,2,0,-1,-1,-2,-1,-1,-2,-1,-1,NA,489,18,Woman,3,2,1,3,4,3,1,0,3,2.83,4,2,3,3
182,12/10/2022 17:26,12/10/2022 17:32,0,100,342,1,12/10/2022 17:32,NA,NA,NA,NA,50.8612,-0.1194,anonymous,EN,1,1,18,Woman,1,8.797,86.997,88.314,11,0,0,1,2,0,0,0,0,0,0,0,1,0,1,1,1,2,1,0,NA,136,18,Woman,4,3,1,2.5,4,4,0,0,2,0,5,0,2,3
183,06/10/2022 07:45,06/10/2022 07:49,0,100,225,1,06/10/2022 07:49,NA,NA,NA,NA,50.8612,-0.1194,anonymous,EN,1,1,18,Woman,1,5.9,112.35,113.921,29,3,1,3,5,2,0,3,0,0,0,0,1,1,1,-1,1,2,1,2,NA,338,18,Woman,5,4,0,2,3,4,0,0,0,0,0,2,3,1
184,27/09/2022 04:33,27/09/2022 04:36,0,100,186,1,27/09/2022 04:36,NA,NA,NA,NA,50.8612,-0.1194,anonymous,EN,1,1,20,Woman,1,27.28,105.391,106.787,13,0,0,0,0,0,0,0,0,0,0,0,-2,-2,-2,-2,-2,-1,-2,-2,NA,NA,NA,NA,NA,NA,NA,NA,NA,NA,NA,NA,NA,NA,NA,NA,NA,NA
185,13/11/2022 10:27,13/11/2022 10:30,0,100,160,1,13/11/2022 10:30,NA,NA,NA,NA,50.8612,-0.1194,anonymous,EN,1,1,19,Man,1,6.679,45.402,46.197,12,0,0,0,5,2,5,0,0,0,0,0,-2,-2,-2,-2,-2,-2,1,-2,NA,208,19,Man,5,4,0,0,4,3,2,0,3,0,0,0,0,0
186,29/09/2022 17:09,29/09/2022 17:13,0,100,273,1,29/09/2022 17:13,NA,NA,NA,NA,50.8429,-0.1158,anonymous,EN,1,1,20,Woman,1,15.766,160.031,161.172,27,0,0,0,3,0,0,5,5,0,5,5,1,1,0,-2,2,-2,2,2,NA,NA,NA,NA,NA,NA,NA,NA,NA,NA,NA,NA,NA,NA,NA,NA,NA,NA
187,05/11/2022 14:27,05/11/2022 14:31,0,100,214,1,05/11/2022 14:31,NA,NA,NA,NA,50.8345,-0.186,anonymous,EN,1,1,21,Woman,1,13.608,127.595,128.338,24,1,0,1,3,0,1,0,1,0,0,0,0,0,-1,0,1,1,0,1,NA,NA,NA,NA,NA,NA,NA,NA,NA,NA,NA,NA,NA,NA,NA,NA,NA,NA
188,09/11/2022 16:14,09/11/2022 16:17,0,100,199,1,09/11/2022 16:17,NA,NA,NA,NA,50.8612,-0.1194,anonymous,EN,1,1,51,Woman,1,4.809,99.24,100.448,39,2,2,3,5,5,4,5,5,4,4,4,2,2,2,1,1,1,1,1,NA,NA,NA,NA,NA,NA,NA,NA,NA,NA,NA,NA,NA,NA,NA,NA,NA,NA
189,23/10/2022 19:55,23/10/2022 19:57,0,100,98,1,23/10/2022 19:57,NA,NA,NA,NA,50.8612,-0.1194,anonymous,EN,1,1,19,Woman,1,1.007,40.978,41.992,31,0,0,0,0,0,0,0,0,0,0,0,-1,-1,-1,-1,0,0,0,0,NA,348,19,Woman,4,3,0,1.5,5,3,0,0,0,0,0,5,2,1
190,29/09/2022 09:59,29/09/2022 10:09,0,100,577,1,29/09/2022 10:09,NA,NA,NA,NA,50.8612,-0.1194,anonymous,EN,1,1,18,Woman,1,15.803,126.929,127.783,18,2,2,3,4,0,0,3,0,0,0,0,1,1,0,-1,2,-1,0,1,NA,307,18,Woman,4,5,3,1.5,4,3,0,0,4,0,5,0,2,1
191,05/11/2022 16:59,05/11/2022 17:04,0,100,299,1,05/11/2022 17:04,NA,NA,NA,NA,51.4964,-0.1224,anonymous,EN,1,1,18,Woman,1,19.054,189.15,189.933,51,0,2,1,3,3,3,5,1,5,2,4,1,2,2,0,0,2,2,2,NA,276,18,Woman,3,2,2,3.5,2,2,1,0,1,1.414213562,2,1,4,3
192,13/11/2022 09:49,13/11/2022 09:53,0,100,200,1,13/11/2022 09:53,NA,NA,NA,NA,50.8612,-0.1194,anonymous,EN,1,1,20,Another,1,24.915,101.983,103.34,11,0,0,0,2,0,0,0,0,0,0,0,-2,-2,-2,-2,-2,-2,-2,-2,NA,201,19,Non-binary,3,1,3,3,0,0,0,0,3,4.472135955,5,4,3,3
193,25/10/2022 07:23,25/10/2022 07:32,0,100,498,1,25/10/2022 07:32,NA,NA,NA,NA,50.8612,-0.1194,anonymous,EN,1,1,19,Man,1,23.2,301.378,304.192,26,4,4,3,4,3,3,4,4,2,1,4,1,0,1,0,0,0,1,0,NA,NA,NA,NA,NA,NA,NA,NA,NA,NA,NA,NA,NA,NA,NA,NA,NA,NA
194,26/09/2022 13:07,26/09/2022 13:11,0,100,224,1,26/09/2022 13:11,NA,NA,NA,NA,50.8431,-1.064,anonymous,EN,1,1,19,Woman,1,14.162,80.812,82.627,12,3,2,1,1,1,1,3,0,1,1,3,1,0,-1,-1,0,-1,1,0,NA,679,18,Woman,4,3,1,2,3,3,0,0,1,0,0,4,2,2
195,14/11/2022 07:30,14/11/2022 07:36,0,100,353,1,14/11/2022 07:36,NA,NA,NA,NA,50.8612,-0.1194,anonymous,EN,1,1,19,Man,1,13.128,221.358,222.375,16,3,3,4,4,4,0,2,0,0,0,3,-1,-1,1,0,1,1,-1,-1,NA,224,18,Man,5,2,0,3,3,3,0,0,1,0,5,0,2,4
196,09/10/2022 04:23,09/10/2022 04:26,0,100,176,1,09/10/2022 04:26,NA,NA,NA,NA,50.8612,-0.1194,anonymous,EN,1,1,20,Woman,1,3.35,93.476,94.813,29,0,0,0,3,0,0,0,0,0,0,0,1,0,0,-1,1,1,1,1,NA,455,19,Woman,4,3,2,4,5,2,0,0,1,0,0,3,4,4
197,29/09/2022 19:53,29/09/2022 19:57,0,100,242,1,29/09/2022 19:57,NA,NA,NA,NA,52.3824,4.8995,anonymous,EN,1,1,19,Man,1,1.655,135.719,137.196,67,0,0,0,0,0,0,0,0,0,0,0,0,1,1,0,1,0,1,1,NA,NA,NA,NA,NA,NA,NA,NA,NA,NA,NA,NA,NA,NA,NA,NA,NA,NA
198,01/10/2022 13:48,01/10/2022 13:50,0,100,121,1,01/10/2022 13:50,NA,NA,NA,NA,50.8612,-0.1194,anonymous,EN,1,1,19,Man,1,10.978,56.544,60.128,13,0,0,0,5,5,5,1,0,0,0,0,1,0,1,0,0,0,0,0,NA,NA,NA,NA,NA,NA,NA,NA,NA,NA,NA,NA,NA,NA,NA,NA,NA,NA
199,27/09/2022 07:29,27/09/2022 07:30,0,100,89,1,27/09/2022 07:30,NA,NA,NA,NA,50.8612,-0.1194,anonymous,EN,1,1,19,Man,1,6.559,43.103,46.097,15,5,5,0,5,0,0,0,0,0,1,0,0,0,1,1,-1,-2,1,0,NA,680,18,Man,5,4,3,1,3,2,0,3,2,1,1,1,0,2
200,27/09/2022 11:52,27/09/2022 11:55,0,100,192,1,27/09/2022 11:55,NA,NA,NA,NA,50.8612,-0.1194,anonymous,EN,1,1,19,Man,1,16.875,126.405,127.795,11,0,0,0,2,2,1,0,0,0,0,0,-2,-2,-2,-2,0,-1,-2,-2,NA,868,18,Man,4,4,2,3,4,1,0,0,1,0,0,0,4,2
201,12/11/2022 15:16,12/11/2022 15:18,0,100,125,1,12/11/2022 15:18,NA,NA,NA,NA,50.8612,-0.1194,anonymous,EN,1,1,19,Woman,1,14.36,59.992,61.804,12,0,0,1,1,1,1,0,0,0,0,0,0,0,-1,-1,0,0,0,0,NA,533,18,Woman,2,2,3,2,2,3,0,0,3,0,0,1,2,2
202,17/10/2022 04:43,17/10/2022 04:44,0,100,99,1,17/10/2022 04:44,NA,NA,NA,NA,50.8612,-0.1194,anonymous,EN,1,1,18,Woman,1,4.66,44.314,45.02,27,0,0,0,0,0,0,1,0,0,0,0,-2,-2,-2,-2,2,-2,-2,1,NA,187,18,Woman,4,1,0,3.5,3,4,0,0,0,0,5,0,4,3
203,30/10/2022 12:31,30/10/2022 12:33,0,100,157,1,30/10/2022 12:33,NA,NA,NA,NA,51.1147,-0.184,anonymous,EN,1,1,24,Woman,1,19.228,63.245,65.032,12,0,0,0,1,0,0,0,0,0,0,0,-2,0,-1,-1,0,0,0,0,NA,NA,NA,NA,NA,NA,NA,NA,NA,NA,NA,NA,NA,NA,NA,NA,NA,NA
204,19/10/2022 06:50,19/10/2022 06:54,0,100,242,1,19/10/2022 06:54,NA,NA,NA,NA,52.5279,-2.0705,anonymous,EN,1,1,20,Woman,1,7.808,158.872,160.477,22,0,1,0,0,0,0,3,4,4,4,4,0,0,1,1,1,2,2,2,NA,318,20,Woman,0,4,3,4.5,4,3,0,0,1,3.872983346,3,5,5,4
205,02/10/2022 06:18,02/10/2022 06:20,0,100,116,1,02/10/2022 06:20,NA,NA,NA,NA,50.8612,-0.1194,anonymous,EN,1,1,18,Woman,1,18.908,50.942,54.186,11,0,2,1,3,0,0,0,0,0,0,0,1,1,-1,0,2,2,1,1,NA,225,18,Woman,5,2,2,0,4,2,1,0,1,2,1,4,0,0
206,19/10/2022 11:40,19/10/2022 11:45,0,100,280,1,19/10/2022 11:45,NA,NA,NA,NA,50.8612,-0.1194,anonymous,EN,1,1,19,Man,1,23.887,115.901,117.421,15,0,2,1,0,0,0,3,3,3,0,5,-1,1,-1,1,-1,1,2,-2,NA,313,19,Man,5,3,1,4,5,4,0,0,0,0,0,2,3,5
207,15/10/2022 15:46,15/10/2022 15:49,0,100,198,1,15/10/2022 15:49,NA,NA,NA,NA,51.4537,-0.232,anonymous,EN,1,1,18,Woman,1,22.323,88.138,90.095,29,1,1,0,3,3,3,2,1,1,1,2,-1,-1,1,1,2,2,2,1,NA,270,18,Woman,4,5,2,2,4,3,2,0,3,1.414213562,2,1,2,2
208,06/10/2022 06:56,06/10/2022 06:58,0,100,137,1,06/10/2022 06:58,NA,NA,NA,NA,50.8612,-0.1194,anonymous,EN,1,1,18,Woman,1,6.439,68.401,71.001,12,0,0,0,2,0,0,0,0,0,0,0,1,0,-1,1,-2,-1,-1,0,NA,4,18,Woman,3,3,0,1,3,5,0,5,0,0,0,5,0,2
209,19/10/2022 07:41,19/10/2022 07:45,0,100,236,1,19/10/2022 07:45,NA,NA,NA,NA,51.4402,-0.0259,anonymous,EN,1,1,20,Woman,1,38.28,151.961,152.974,16,2,0,0,1,0,0,2,1,2,0,0,-1,-1,1,-1,-1,-1,0,1,NA,696,19,Woman,4,3,2,4,4,4,0,0,1,0,1,0,4,4
210,07/11/2022 17:41,07/11/2022 17:44,0,100,156,1,07/11/2022 17:44,NA,NA,NA,NA,50.8612,-0.1194,anonymous,EN,1,1,20,Woman,1,16.734,93.355,95.479,11,0,2,2,1,5,4,5,5,5,2,3,1,0,2,1,2,2,2,2,NA,267,20,Woman,0,0,1,0,0,0,0,0,0,0,5,0,0,0
211,06/10/2022 08:01,06/10/2022 08:08,0,100,433,1,06/10/2022 08:08,NA,NA,NA,NA,50.8612,-0.1194,anonymous,EN,1,1,18,Woman,1,31.544,172.087,173.399,26,1,1,3,2,0,0,2,0,0,1,0,1,0,-1,-2,0,0,-1,-1,NA,403,18,Woman,3,1,4,2.5,0,2,4,5,0,0,0,4,3,2
212,17/10/2022 17:55,17/10/2022 17:58,0,100,224,1,17/10/2022 17:58,NA,NA,NA,NA,50.8612,-0.1194,anonymous,EN,1,1,20,Woman,1,18.006,94.941,96.682,15,0,0,0,1,0,0,2,0,1,0,0,1,1,1,0,1,0,2,2,NA,872,19,Woman,5,5,3,3,3,4,0,0,4,1.73,3,1,4,2
213,10/11/2022 08:24,10/11/2022 08:27,0,100,168,1,10/11/2022 08:27,NA,NA,NA,NA,50.8612,-0.1194,anonymous,EN,1,1,19,Woman,1,14.274,73.033,75.002,11,0,0,1,0,0,0,0,0,0,0,1,-1,-1,-1,-1,-1,0,1,0,NA,NA,NA,NA,NA,NA,NA,NA,NA,NA,NA,NA,NA,NA,NA,NA,NA,NA
214,26/09/2022 04:39,26/09/2022 04:41,0,100,122,1,26/09/2022 04:41,NA,NA,NA,NA,50.8612,-0.1194,anonymous,EN,1,1,20,Woman,1,3.003,66.332,67.571,20,2,0,3,4,3,4,4,3,3,3,2,1,0,0,1,1,1,1,1,NA,633,19,Woman,5,5,3,0.5,5,4,1,0,3,0,4,0,1,0
215,07/10/2022 16:45,07/10/2022 16:49,0,100,232,1,07/10/2022 16:49,NA,NA,NA,NA,50.8612,-0.1194,anonymous,EN,1,1,20,Woman,1,24.655,148.65,149.889,11,0,1,0,2,2,1,1,1,1,0,2,-1,0,0,-1,0,1,1,0,NA,149,20,Woman,3,1,2,1,4,2,0,0,0,2,2,2,1,1
216,28/09/2022 04:29,28/09/2022 04:31,0,100,130,1,28/09/2022 04:31,NA,NA,NA,NA,50.8612,-0.1194,anonymous,EN,1,1,19,Woman,1,16.704,70.279,72.074,11,0,0,0,1,0,0,0,0,0,0,0,-2,-2,-2,-2,-2,-1,-2,-2,NA,839,18,Woman,1,1,2,3,0,2,0,0,2,0,5,0,3,3
217,03/10/2022 12:19,03/10/2022 12:22,0,100,151,1,03/10/2022 12:22,NA,NA,NA,NA,50.8612,-0.1194,anonymous,EN,1,1,18,Another,1,13.721,57.105,58.089,11,0,0,0,5,5,3,0,0,0,0,0,-2,-2,-1,0,-2,2,-1,-2,NA,379,18,Non-binary,0,5,0,0,1,2,0,0,2,2.236067977,5,1,0,0
218,26/10/2022 06:41,26/10/2022 06:44,0,100,157,1,26/10/2022 06:44,NA,NA,NA,NA,50.8612,-0.1194,anonymous,EN,1,1,19,Woman,1,11.738,70.308,70.646,17,4,3,2,5,4,4,5,3,3,3,5,2,2,2,1,2,2,1,1,NA,124,19,Woman,5,4,4,4,5,5,3,0,4,3.16227766,5,2,4,4
219,28/09/2022 06:02,28/09/2022 06:06,0,100,203,1,28/09/2022 06:06,NA,NA,NA,NA,50.8612,-0.1194,anonymous,EN,1,1,57,Woman,1,22.248,111.633,112.514,21,0,0,0,0,2,0,0,0,0,0,4,2,1,2,1,1,2,2,2,NA,566,56,Woman,3,1,0,0,0,0,0,0,0,0,0,0,0,0
220,24/10/2022 10:13,24/10/2022 10:19,0,100,366,1,24/10/2022 10:19,NA,NA,NA,NA,50.8345,-0.186,anonymous,EN,1,1,19,Woman,1,32.542,170.837,172.519,13,0,2,0,1,0,3,3,0,0,0,0,1,0,-1,0,-2,-1,-1,-1,NA,901,18,Woman,5,3,4,0.5,5,0,0,0,1,0,5,0,1,0
221,24/09/2022 10:25,24/09/2022 10:27,0,100,124,1,24/09/2022 10:27,NA,NA,NA,NA,50.8032,-0.6533,anonymous,EN,1,1,19,Woman,1,6.552,58.421,59.733,23,0,0,0,1,0,0,0,0,0,0,0,1,1,1,1,1,0,2,0,NA,716,18,Woman,4,3,5,0,3,5,0,0,2,0,5,0,0,0
222,26/09/2022 10:13,26/09/2022 10:17,0,100,245,1,26/09/2022 10:17,NA,NA,NA,NA,51.3603,-0.6815,anonymous,EN,1,1,27,Woman,1,22.659,164.225,168,12,3,3,4,5,3,1,5,2,0,1,3,1,1,2,-1,0,0,1,0,NA,123,27,Woman,4,4,0,1,3,2,0,0,3,0,0,3,0,2
223,10/10/2022 04:06,10/10/2022 04:10,0,100,205,1,10/10/2022 04:10,NA,NA,NA,NA,50.8612,-0.1194,anonymous,EN,1,1,18,Woman,1,15.818,71.842,73.99,12,0,1,0,0,0,0,2,0,0,0,1,0,1,0,-1,0,0,2,0,NA,129,18,Woman,2,0,2,0.5,0,3,3,0,1,0,5,0,0,1
224,17/11/2022 08:15,17/11/2022 08:26,0,100,685,1,17/11/2022 08:26,NA,NA,NA,NA,50.8612,-0.1194,anonymous,EN,1,1,19,Woman,1,358.562,434.649,435.566,22,0,1,2,3,0,3,1,0,0,0,2,1,1,2,0,1,2,1,1,NA,504,18,Woman,5,4,1,0.5,4,2,0,0,3,2,4,1,1,0
225,10/10/2022 06:28,10/10/2022 06:30,0,100,128,1,10/10/2022 06:30,NA,NA,NA,NA,50.8612,-0.1194,anonymous,EN,1,1,18,Woman,1,9.178,57.299,66.779,12,0,0,1,2,1,2,0,0,2,3,1,1,2,1,-2,-1,1,1,2,NA,61,18,Woman,4,5,1,3.5,5,4,1,0,3,2.236067977,5,1,4,3
226,12/10/2022 09:35,12/10/2022 09:40,0,100,269,1,12/10/2022 09:40,NA,NA,NA,NA,50.8612,-0.1194,anonymous,EN,1,1,18,Woman,1,4.753,160.622,161.75,24,3,1,3,2,4,0,2,0,0,0,0,1,1,1,1,-1,-1,1,0,NA,271,18,Woman,4,4,0,3.5,3,2,0,0,0,0,0,0,2,5
227,29/09/2022 16:36,29/09/2022 16:39,0,100,174,1,29/09/2022 16:39,NA,NA,NA,NA,50.8429,-0.1158,anonymous,EN,1,1,20,Woman,1,22.56,109.24,110.802,13,0,0,0,3,1,0,3,3,4,2,3,1,1,0,0,1,1,1,1,NA,627,19,Woman,5,3,0,0,5,3,0,0,3,2.45,3,2,0,0
228,09/10/2022 17:23,09/10/2022 17:26,0,100,149,1,09/10/2022 17:26,NA,NA,NA,NA,50.8612,-0.1194,anonymous,EN,1,1,19,Woman,1,0.89,90.989,91.659,45,0,0,0,2,1,0,2,0,0,3,3,1,1,1,2,1,0,2,1,NA,5,19,Woman,2,3,0,0,3,2,0,0,0,0,0,5,0,0
229,29/11/2022 04:54,29/11/2022 04:57,0,100,176,1,29/11/2022 04:57,NA,NA,NA,NA,50.8612,-0.1194,anonymous,EN,1,1,19,Woman,1,15.626,83.663,84.867,11,0,0,0,0,0,0,2,0,0,1,0,1,2,0,0,1,1,2,2,NA,NA,NA,NA,NA,NA,NA,NA,NA,NA,NA,NA,NA,NA,NA,NA,NA,NA
230,11/11/2022 18:36,11/11/2022 18:39,0,100,210,1,11/11/2022 18:39,NA,NA,NA,NA,50.8612,-0.1194,anonymous,EN,1,1,18,Man,1,25.743,89.758,91.949,12,4,3,0,3,1,5,0,0,0,0,1,1,1,0,-1,-2,-1,-2,-2,NA,117,18,Man,2,0,0,3,3,2,0,0,0,0,1,0,4,2
231,12/10/2022 16:05,12/10/2022 16:13,0,100,421,1,12/10/2022 16:13,NA,NA,NA,NA,50.8612,-0.1194,anonymous,EN,1,1,19,Woman,1,58.584,213.586,214.534,12,1,1,2,3,0,0,1,0,1,0,1,-1,0,-1,-2,1,-1,-1,1,NA,235,19,Woman,5,5,0,2.5,4,3,0,0,2,2.449489743,3,2,1,4
232,17/11/2022 07:24,17/11/2022 07:27,0,100,177,1,17/11/2022 07:27,NA,NA,NA,NA,50.8612,-0.1194,anonymous,EN,1,1,18,Woman,1,6.866,64.369,65.845,15,4,4,3,4,0,0,5,0,0,4,3,1,0,2,-2,1,1,1,2,NA,296,18,Woman,5,5,4,0.5,3,5,2,0,0,2.449489743,3,2,0,1
233,26/09/2022 08:25,26/09/2022 08:27,0,100,109,1,26/09/2022 08:27,NA,NA,NA,NA,51.4964,-0.1224,anonymous,EN,1,1,20,Woman,1,9.409,67.118,68.425,11,2,3,3,5,5,5,3,2,0,0,2,1,2,1,2,2,2,1,0,NA,NA,NA,NA,NA,NA,NA,NA,NA,NA,NA,NA,NA,NA,NA,NA,NA,NA
234,NA,NA,NA,NA,NA,NA,NA,NA,NA,NA,NA,NA,NA,NA,NA,NA,NA,NA,NA,NA,NA,NA,NA,NA,NA,NA,NA,NA,NA,NA,NA,NA,NA,NA,NA,NA,NA,NA,NA,NA,NA,NA,NA,NA,832,18,Woman,3,2,4,3,5,3,2,0,2,2.45,3,2,4,2
235,10/10/2022 12:20,10/10/2022 12:22,0,100,98,1,10/10/2022 12:22,NA,NA,NA,NA,50.8612,-0.1194,anonymous,EN,1,1,20,Woman,1,7.49,45.104,47.555,11,0,0,0,5,4,4,0,0,0,0,0,-2,-2,-2,-2,-2,-2,-2,-2,NA,324,20,Woman,4,3,0,1.5,3,3,0,0,2,0,0,5,2,1
236,06/10/2022 06:46,06/10/2022 06:55,0,100,582,1,06/10/2022 06:56,NA,NA,NA,NA,50.8612,-0.1194,anonymous,EN,1,1,20,Woman,1,24.554,116.207,117.95,12,0,0,0,2,1,0,4,2,0,0,3,1,0,1,0,2,1,2,2,NA,108,20,Woman,3,4,0,0,3,1,0,0,0,0,0,0,0,0
237,15/10/2022 12:11,15/10/2022 12:14,0,100,190,1,15/10/2022 12:14,NA,NA,NA,NA,50.8345,-0.186,anonymous,EN,1,1,19,Man,1,22.286,70.213,72.301,14,0,0,0,0,0,0,0,0,0,0,0,-2,-2,-2,-2,-2,-2,-2,-2,NA,758,18,Man,3,4,0,0,1,0,0,0,1,0,0,1,0,0
238,30/10/2022 17:43,30/10/2022 17:46,0,100,128,1,30/10/2022 17:46,NA,NA,NA,NA,49.1805,-2.0976,anonymous,EN,1,1,18,Man,1,6.167,69.386,70.482,26,1,1,0,3,1,0,0,0,0,0,0,1,1,-1,-2,1,1,-1,-1,NA,383,18,Man,5,4,1,3.5,5,3,2,0,2,1.732050808,3,1,3,4
239,01/10/2022 16:52,01/10/2022 16:56,0,100,227,1,01/10/2022 16:56,NA,NA,NA,NA,50.8612,-0.1194,anonymous,EN,1,1,18,Woman,1,1.263,131.819,132.409,35,0,0,1,5,5,5,4,0,0,0,3,-1,-1,2,2,-1,-2,1,-1,NA,96,18,Woman,5,3,3,1.5,4,2,0,0,0,2.236067977,5,1,0,3
240,29/11/2022 05:18,29/11/2022 05:22,0,100,252,1,29/11/2022 05:22,NA,NA,NA,NA,50.8612,-0.1194,anonymous,EN,1,1,22,Man,1,30.345,82.929,85.051,11,0,0,0,0,0,0,0,0,0,0,0,1,-1,0,-1,0,-1,0,0,NA,502,20,Man,3,3,2,2.5,2,1,0,0,1,0,3,0,2,3
241,18/11/2022 07:06,18/11/2022 07:13,0,100,439,1,18/11/2022 07:13,NA,NA,NA,NA,50.8612,-0.1194,anonymous,EN,1,1,19,Man,1,7.927,319.092,327.086,146,0,0,0,0,0,0,1,0,1,0,0,-2,-2,-2,-2,-2,-2,-2,-2,NA,240,19,Man,1,3,1,3,2,4,0,0,1,0,4,0,2,4
242,26/11/2022 12:39,26/11/2022 12:42,0,100,191,1,26/11/2022 12:42,NA,NA,NA,NA,50.8612,-0.1194,anonymous,EN,1,1,18,Man,1,39.202,95.485,98.245,12,1,0,0,0,0,0,1,0,0,0,2,-1,-1,-2,-2,0,0,1,-1,NA,436,18,Man,4,4,1,0,2,4,0,0,3,2.828427125,4,2,0,0
243,03/11/2022 08:11,03/11/2022 08:14,0,100,200,1,03/11/2022 08:14,NA,NA,NA,NA,50.8612,-0.1194,anonymous,EN,1,1,20,Another,1,51.064,117.573,118.83,15,0,0,3,5,3,3,4,0,0,3,0,-1,-2,-2,2,1,0,-2,-1,NA,446,19,Other/prefer not to say,5,3,4,1,2,4,0,0,0,0,0,0,1,1
244,20/09/2022 05:31,20/09/2022 05:34,0,100,211,1,20/09/2022 05:34,NA,NA,NA,NA,50.8345,-0.186,anonymous,EN,1,1,19,Woman,1,27.949,103.303,104.087,21,0,0,0,2,0,2,0,0,0,0,0,-2,-2,-2,-2,-2,-2,-2,-2,NA,507,18,Woman,4,4,1,0,3,3,0,0,0,0,5,0,0,0
245,10/10/2022 07:29,10/10/2022 07:31,0,100,149,1,10/10/2022 07:31,NA,NA,NA,NA,50.8612,-0.1194,anonymous,EN,1,1,18,Woman,1,10.164,104.463,106.254,11,0,0,0,0,0,0,0,0,0,0,0,-1,-1,-1,-1,-1,-1,-1,-1,NA,107,18,Woman,5,2,0,0,3,2,0,0,0,1.732050808,3,1,0,0
246,04/10/2022 08:38,04/10/2022 08:40,0,100,157,1,04/10/2022 08:40,NA,NA,NA,NA,50.8612,-0.1194,anonymous,EN,1,1,19,Woman,1,6.124,72.485,73.196,25,0,0,0,2,2,0,3,1,1,0,5,-1,-2,-2,-2,1,-1,1,1,NA,661,18,Woman,2,1,1,1.5,0,0,0,0,0,0,2,0,1,2
247,26/10/2022 08:04,26/10/2022 08:06,0,100,84,1,26/10/2022 08:06,NA,NA,NA,NA,50.8612,-0.1194,anonymous,EN,1,1,25,Man,1,5.725,38.325,38.702,12,0,0,0,0,0,0,0,0,0,0,0,-2,-2,-2,-2,-2,-2,-2,-2,NA,524,24,Man,2,0,0,0,1,0,1,0,4,0,0,0,0,0
248,16/11/2022 14:10,16/11/2022 14:11,0,100,50,1,16/11/2022 14:11,NA,NA,NA,NA,50.8612,-0.1194,anonymous,EN,1,1,19,Woman,1,2.863,16.63,17.952,11,4,4,3,2,2,3,4,4,4,3,3,1,0,1,0,1,1,2,1,NA,720,18,Woman,4,4,1,0,4,3,0,0,1,0,0,1,0,0
249,08/11/2022 09:39,08/11/2022 09:39,0,100,48,1,08/11/2022 09:39,NA,NA,NA,NA,50.8612,-0.1194,anonymous,EN,1,1,18,Woman,1,1.783,19.715,20.202,34,1,2,1,2,2,1,2,2,3,1,2,0,-2,-1,0,-1,0,0,-1,NA,NA,NA,NA,NA,NA,NA,NA,NA,NA,NA,NA,NA,NA,NA,NA,NA,NA
250,13/10/2022 08:06,13/10/2022 08:09,0,100,186,1,13/10/2022 08:09,NA,NA,NA,NA,50.8429,-0.1158,anonymous,EN,1,1,19,Woman,1,15.989,99.874,100.853,15,0,2,3,4,4,1,0,0,3,3,0,1,0,1,-1,-2,1,1,1,NA,NA,NA,NA,NA,NA,NA,NA,NA,NA,NA,NA,NA,NA,NA,NA,NA,NA
251,NA,NA,NA,NA,NA,NA,NA,NA,NA,NA,NA,NA,NA,NA,NA,NA,NA,NA,NA,NA,NA,NA,NA,NA,NA,NA,NA,NA,NA,NA,NA,NA,NA,NA,NA,NA,NA,NA,NA,NA,NA,NA,NA,NA,664,20,Woman,2,2,0,1.5,1,0,0,0,1,0,5,0,1,2
252,17/10/2022 07:32,17/10/2022 07:35,0,100,185,1,17/10/2022 07:35,NA,NA,NA,NA,50.8612,-0.1194,anonymous,EN,1,1,19,Man,1,11.043,68.778,69.91,29,0,0,0,4,1,0,3,0,0,0,0,1,1,1,0,1,2,1,1,NA,255,19,Man,5,4,3,1.5,5,5,0,0,3,0,5,0,1,2
253,17/10/2022 11:42,17/10/2022 11:51,0,100,570,1,17/10/2022 11:51,NA,NA,NA,NA,51.5032,-0.204,anonymous,EN,1,1,19,Woman,1,9.393,182.119,183.297,31,0,1,0,3,2,1,0,0,0,0,0,-1,-1,-1,-2,-2,-1,-2,-1,NA,616,18,Woman,5,4,2,0.5,3,2,1,0,3,0,3,0,1,0
254,05/12/2022 07:17,05/12/2022 07:20,0,100,173,1,05/12/2022 07:20,NA,NA,NA,NA,50.8429,-0.1158,anonymous,EN,1,1,22,Woman,1,12.6,79.493,80.248,16,1,0,0,3,1,3,2,1,0,0,0,1,0,0,-1,2,-2,1,0,NA,714,21,Woman,0,0,0,0,1,0,0,0,2,2,2,2,0,0
255,28/09/2022 07:06,28/09/2022 07:11,0,100,294,1,28/09/2022 07:11,NA,NA,NA,NA,50.8429,-0.1158,anonymous,EN,1,1,26,Woman,1,32.247,161.334,163.155,29,0,0,0,2,0,0,5,2,0,0,3,1,1,0,0,2,1,2,0,NA,697,25,Woman,5,2,0,2.5,3,2,0,0,3,0,5,0,4,1
256,10/10/2022 09:42,10/10/2022 09:45,0,100,154,1,10/10/2022 09:45,NA,NA,NA,NA,50.8429,-0.1158,anonymous,EN,1,1,22,Woman,1,10.906,76.556,77.389,16,0,0,3,3,0,0,4,0,0,0,4,0,0,-2,-2,0,0,1,1,NA,612,21,Woman,2,2,3,0.5,2,2,1,0,1,2.45,2,3,0,1
257,07/10/2022 03:42,07/10/2022 03:45,0,100,186,1,07/10/2022 03:45,NA,NA,NA,NA,50.8612,-0.1194,anonymous,EN,1,1,18,Woman,1,7.753,50.711,51.53,32,0,1,0,0,0,0,0,0,0,0,0,1,1,-1,-1,-1,2,1,1,NA,59,18,Woman,3,4,2,2,5,4,0,0,1,0,5,0,1,3
258,03/10/2022 03:59,03/10/2022 04:04,0,100,286,1,03/10/2022 04:04,NA,NA,NA,NA,51.4615,-0.1409,anonymous,EN,1,1,22,Woman,1,1.832,151.515,154.577,29,0,3,1,5,2,1,3,3,3,0,2,1,0,1,-2,0,-1,1,1,NA,NA,NA,NA,NA,NA,NA,NA,NA,NA,NA,NA,NA,NA,NA,NA,NA,NA
259,20/10/2022 10:28,20/10/2022 10:31,0,100,138,1,20/10/2022 10:31,NA,NA,NA,NA,50.8612,-0.1194,anonymous,EN,1,1,18,Woman,1,13.08,60.251,62.002,11,0,0,1,2,2,0,1,0,0,0,1,-1,-2,-1,-2,-1,-1,-1,-1,NA,109,18,Woman,4,4,1,2.5,5,2,0,0,2,1.732050808,3,1,3,2
260,18/10/2022 09:57,18/10/2022 09:59,0,100,144,1,18/10/2022 09:59,NA,NA,NA,NA,50.8612,-0.1194,anonymous,EN,1,1,18,Woman,1,21.417,76.954,78,11,0,0,0,0,0,0,0,0,0,0,0,-2,-2,-2,-2,-2,-2,-2,-2,NA,174,18,Woman,2,0,0,0.5,0,0,0,0,0,0,0,0,1,0
261,21/09/2022 09:05,21/09/2022 09:07,0,100,90,1,21/09/2022 09:07,NA,NA,NA,NA,50.8612,-0.1194,anonymous,EN,1,1,19,Woman,1,12.391,44.069,44.75,12,0,1,0,0,0,0,0,0,1,1,0,0,0,0,0,0,0,0,0,NA,725,18,Woman,3,2,0,1,2,3,0,5,2,0,0,0,1,1
262,02/11/2022 16:19,02/11/2022 16:23,0,100,234,1,02/11/2022 16:23,NA,NA,NA,NA,51.6518,-0.1933,anonymous,EN,1,1,18,Woman,1,9.364,120.189,121.094,31,1,1,2,2,5,4,5,5,3,3,5,1,0,1,2,1,1,1,0,NA,NA,NA,NA,NA,NA,NA,NA,NA,NA,NA,NA,NA,NA,NA,NA,NA,NA
263,04/10/2022 05:28,04/10/2022 05:31,0,100,194,1,04/10/2022 05:31,NA,NA,NA,NA,50.8612,-0.1194,anonymous,EN,1,1,19,Woman,1,11.112,109.701,110.48,14,4,5,3,0,0,0,3,3,0,3,2,1,1,-2,-2,0,-1,1,0,NA,186,19,Woman,4,4,1,2.5,3,3,0,0,0,0,4,0,1,4
264,09/10/2022 12:52,09/10/2022 12:56,0,100,283,1,09/10/2022 12:56,NA,NA,NA,NA,50.8429,-0.1158,anonymous,EN,1,1,19,Another,1,10.478,60.949,62.001,30,0,0,0,2,2,2,0,0,0,0,0,1,0,0,0,1,0,1,1,NA,707,18,Non-binary,2,3,2,2.5,1,1,0,0,0,0,4,0,2,3
265,25/10/2022 06:14,25/10/2022 06:19,0,100,303,1,25/10/2022 06:19,NA,NA,NA,NA,50.8612,-0.1194,anonymous,EN,1,1,18,Woman,1,13.157,95.327,102.097,12,0,0,0,0,0,0,0,0,0,0,0,-1,-2,-2,-2,-1,-1,-1,0,NA,349,18,Woman,4,2,0,0,3,4,0,0,2,0,0,5,0,0
266,08/10/2022 20:17,08/10/2022 20:19,0,100,102,1,08/10/2022 20:19,NA,NA,NA,NA,50.8612,-0.1194,anonymous,EN,1,1,18,Woman,1,7.085,43.868,44.777,11,0,0,0,1,0,0,1,0,0,0,0,-2,-2,-2,-2,0,-2,0,0,NA,429,18,Woman,4,2,1,0,2,3,0,0,0,0,5,0,0,0
267,20/11/2022 13:05,20/11/2022 13:07,0,100,164,1,20/11/2022 13:07,NA,NA,NA,NA,50.8612,-0.1194,anonymous,EN,1,1,18,Another,1,26.238,60.843,61.961,11,0,0,0,3,0,0,0,0,0,0,0,0,0,-2,-2,0,1,0,1,NA,NA,NA,NA,NA,NA,NA,NA,NA,NA,NA,NA,NA,NA,NA,NA,NA,NA
268,15/11/2022 11:15,15/11/2022 11:21,0,100,347,1,15/11/2022 11:21,NA,NA,NA,NA,50.9097,-0.2687,anonymous,EN,1,1,58,Woman,1,17.302,200.726,201.892,27,0,0,0,2,1,0,4,0,4,1,4,-1,-2,1,0,-1,-1,1,1,NA,659,57,Woman,4,4,0,2.5,3,4,0,0,0,0,0,3,2,3
269,30/10/2022 15:00,30/10/2022 15:03,0,100,170,1,30/10/2022 15:03,NA,NA,NA,NA,50.8429,-0.1158,anonymous,EN,1,1,19,Woman,1,11.157,71.788,72.948,29,0,0,0,3,0,0,1,0,0,0,2,1,1,0,2,1,1,1,1,NA,586,18,Woman,3,4,2,3.5,5,3,0,0,1,2.24,5,1,4,3
270,25/10/2022 09:34,25/10/2022 09:37,0,100,175,1,25/10/2022 09:37,NA,NA,NA,NA,50.8612,-0.1194,anonymous,EN,1,1,19,Woman,1,39.652,108.259,109.3,12,1,0,0,0,0,0,0,0,0,0,0,0,1,0,-1,0,1,1,1,NA,620,18,Woman,3,1,0,2,3,2,0,0,3,2.24,1,5,2,2
271,05/11/2022 16:26,05/11/2022 16:30,0,100,237,1,05/11/2022 16:30,NA,NA,NA,NA,50.8612,-0.1194,anonymous,EN,1,1,18,Woman,1,5.925,183.556,184.349,26,3,1,0,3,2,0,4,1,1,0,3,2,2,2,-1,2,0,2,1,NA,288,18,Woman,4,5,1,0,2,1,1,0,0,0,0,5,0,0
272,06/11/2022 08:53,06/11/2022 08:55,0,100,131,1,06/11/2022 08:55,NA,NA,NA,NA,51.5064,-0.02,anonymous,EN,1,1,20,Woman,1,23.137,68.294,69.246,11,3,1,3,5,3,0,5,0,0,0,1,1,2,1,2,2,2,2,2,NA,478,19,Woman,2,5,0,2.5,5,3,0,0,2,0,0,2,1,4
273,06/11/2022 07:20,06/11/2022 07:26,0,100,362,1,06/11/2022 07:26,NA,NA,NA,NA,50.8612,-0.1194,anonymous,EN,1,1,19,Woman,1,43.54,193.687,198.327,11,2,0,1,2,3,1,4,0,0,0,0,0,1,0,-1,-2,-1,0,-1,NA,234,19,Woman,5,4,3,2.5,4,2,0,0,1,0,0,5,2,3
274,12/10/2022 15:06,12/10/2022 15:10,0,100,224,1,12/10/2022 15:10,NA,NA,NA,NA,50.8069,-0.5834,anonymous,EN,1,1,20,Woman,1,26.991,94.42,95.938,13,1,0,0,1,0,0,0,0,0,0,2,-2,-2,-2,-2,-2,-2,1,-2,NA,724,19,Woman,5,1,1,0.5,3,2,0,0,1,0,5,0,1,0
275,11/10/2022 13:02,11/10/2022 13:03,0,100,62,1,11/10/2022 13:03,NA,NA,NA,NA,50.8612,-0.1194,anonymous,EN,1,1,18,Woman,1,0.545,35.618,36.033,36,5,1,3,4,1,2,2,1,3,3,2,1,1,0,0,1,0,0,0,NA,NA,NA,NA,NA,NA,NA,NA,NA,NA,NA,NA,NA,NA,NA,NA,NA,NA
276,20/11/2022 12:00,20/11/2022 16:25,0,100,15898,1,20/11/2022 16:25,NA,NA,NA,NA,50.8612,-0.1194,anonymous,EN,1,1,20,Woman,1,17.4,72,72.842,15,0,0,0,4,0,0,0,5,0,4,0,0,1,1,1,-1,1,-1,1,NA,727,19,Woman,1,1,0,1.5,0,1,0,0,0,0,0,5,1,2
277,20/10/2022 10:05,20/10/2022 10:07,0,100,139,1,20/10/2022 10:07,NA,NA,NA,NA,51.509,-0.1882,anonymous,EN,1,1,26,Woman,1,4.304,72.97,74.028,22,0,0,0,5,5,5,0,0,0,0,0,-2,-2,-2,-2,-2,0,-2,-2,NA,NA,NA,NA,NA,NA,NA,NA,NA,NA,NA,NA,NA,NA,NA,NA,NA,NA
278,01/10/2022 07:16,01/10/2022 07:18,0,100,136,1,01/10/2022 07:18,NA,NA,NA,NA,50.8612,-0.1194,anonymous,EN,1,1,19,Man,1,8.246,59.771,61.014,13,0,0,0,2,1,1,0,0,0,0,1,-1,-1,-1,-1,0,0,0,-1,NA,638,18,Man,2,3,4,2,2,1,0,0,0,1.41,2,1,2,2
279,03/10/2022 07:28,03/10/2022 07:30,0,100,144,1,03/10/2022 07:30,NA,NA,NA,NA,50.8612,-0.1194,anonymous,EN,1,1,19,Woman,1,21.42,76.037,76.73,16,0,0,0,2,2,0,3,1,0,0,0,-1,-2,-2,-1,-1,0,0,1,NA,472,18,Woman,2,3,1,1.5,4,3,0,0,2,0,0,3,1,2
280,01/10/2022 10:37,01/10/2022 10:40,0,100,151,1,01/10/2022 10:40,NA,NA,NA,NA,50.8429,-0.1158,anonymous,EN,1,1,19,Woman,1,16.497,80.538,82.229,11,0,0,0,2,1,0,0,0,0,0,0,-1,-2,-1,-2,-1,-2,-1,-1,NA,746,18,Woman,5,4,2,2,3,4,3,0,2,0,0,5,1,3
281,26/09/2022 13:03,26/09/2022 13:11,0,100,435,1,26/09/2022 13:11,NA,NA,NA,NA,50.8345,-0.186,anonymous,EN,1,1,21,Woman,1,10.708,256.631,260.394,15,0,1,0,4,2,0,3,1,2,0,4,-1,0,1,0,1,0,1,0,NA,867,20,Woman,3,2,4,3.5,5,3,0,0,4,0,0,5,3,4
282,29/09/2022 09:38,29/09/2022 09:41,0,100,175,1,29/09/2022 09:41,NA,NA,NA,NA,50.8612,-0.1194,anonymous,EN,1,1,19,Woman,1,35.383,85.963,86.949,11,0,0,1,0,0,0,0,0,0,0,0,-2,-1,-1,-2,-1,-1,-1,-2,NA,874,18,Woman,3,4,0,2,4,3,1,0,1,0,0,0,3,1
283,11/11/2022 08:47,11/11/2022 08:50,0,100,157,1,11/11/2022 08:50,NA,NA,NA,NA,50.8612,-0.1194,anonymous,EN,1,1,22,Another,1,10.841,77.692,78.936,12,0,0,0,4,2,2,4,2,2,3,5,-1,-1,0,0,0,1,1,1,NA,365,22,Non-binary,4,3,0,1.5,3,1,0,0,0,0,5,0,1,2
284,08/10/2022 10:49,08/10/2022 10:53,0,100,243,1,08/10/2022 10:53,NA,NA,NA,NA,50.8612,-0.1194,anonymous,EN,1,1,19,Woman,1,10.534,132.969,134.338,27,1,0,0,3,2,3,0,0,0,0,0,2,2,1,2,2,2,1,0,NA,NA,NA,NA,NA,NA,NA,NA,NA,NA,NA,NA,NA,NA,NA,NA,NA,NA
285,25/09/2022 09:47,25/09/2022 09:50,0,100,202,1,25/09/2022 09:50,NA,NA,NA,NA,50.8429,-0.1158,anonymous,EN,1,1,20,Man,1,6.897,133.871,139.025,24,0,0,1,3,3,0,2,0,0,0,3,-2,-2,0,-2,2,0,0,-1,NA,559,19,Man,4,4,0,4.5,5,4,0,0,2,0,0,5,5,4
286,08/11/2022 16:40,08/11/2022 16:45,0,100,278,1,08/11/2022 16:45,NA,NA,NA,NA,50.8612,-0.1194,anonymous,EN,1,1,20,Woman,1,25.676,153.377,157.656,17,0,0,0,1,0,0,2,0,0,0,1,-1,0,-1,-2,1,0,1,1,NA,NA,NA,NA,NA,NA,NA,NA,NA,NA,NA,NA,NA,NA,NA,NA,NA,NA
287,09/10/2022 14:24,09/10/2022 14:29,0,100,278,1,09/10/2022 14:29,NA,NA,NA,NA,51.5026,-0.1339,anonymous,EN,1,1,20,Woman,1,11.377,119.38,120.357,49,2,4,0,1,0,0,0,0,0,0,0,-1,-1,-1,-1,-1,-2,0,-1,NA,515,19,Woman,2,3,0,5,3,0,0,0,0,5,5,5,5,5
288,25/10/2022 04:01,25/10/2022 04:04,0,100,183,1,25/10/2022 04:04,NA,NA,NA,NA,50.8612,-0.1194,anonymous,EN,1,1,18,Woman,1,37.353,118.015,119.435,11,1,1,0,4,0,1,2,0,0,0,0,1,1,1,1,0,0,1,1,NA,9,18,Woman,3,4,4,2.5,2,3,1,0,2,2.236067977,5,1,3,2
289,26/09/2022 08:26,26/09/2022 08:29,0,100,187,1,26/09/2022 08:29,NA,NA,NA,NA,50.8612,-0.1194,anonymous,EN,1,1,18,Woman,1,18.7,82.684,83.388,36,0,0,0,4,3,3,0,3,0,0,0,1,0,1,0,-1,-1,0,-1,NA,85,18,Woman,0,1,0,0,0,0,1,0,0,0,5,0,0,0
290,20/10/2022 10:27,20/10/2022 10:29,0,100,129,1,20/10/2022 10:29,NA,NA,NA,NA,51.6013,-0.2636,anonymous,EN,1,1,19,Woman,1,7.389,54.18,55.108,14,0,0,0,3,2,1,0,0,0,0,0,-2,-1,-2,-1,-2,0,-1,-2,NA,636,18,Woman,2,4,2,3.5,3,4,2,3,2,1.73,3,1,4,3
291,24/10/2022 07:23,24/10/2022 07:26,0,100,150,1,24/10/2022 07:26,NA,NA,NA,NA,50.8612,-0.1194,anonymous,EN,1,1,19,Woman,1,8.942,79.323,80.373,12,0,0,1,1,0,0,1,0,0,0,1,0,1,1,1,0,1,1,1,NA,48,19,Woman,2,1,4,4,1,3,0,0,0,0,1,0,4,4
292,01/10/2022 09:57,01/10/2022 10:00,0,100,168,1,01/10/2022 10:00,NA,NA,NA,NA,50.8612,-0.1194,anonymous,EN,1,1,21,Woman,1,24.901,96.498,97.301,12,2,1,2,3,0,1,4,0,0,2,3,2,-1,1,-1,-1,1,2,2,NA,56,21,Woman,5,5,4,0,3,3,0,0,1,0,3,0,0,0
293,28/09/2022 17:05,28/09/2022 17:08,0,100,221,1,28/09/2022 17:08,NA,NA,NA,NA,51.5164,-0.093,anonymous,EN,1,1,18,Woman,1,22.45,92.717,93.701,12,0,0,0,2,0,0,0,0,0,0,0,0,-1,0,0,-1,-1,-1,-1,NA,197,18,Woman,4,2,3,2.5,1,3,0,0,2,1,1,1,2,3
294,29/09/2022 04:59,29/09/2022 05:02,0,100,200,1,29/09/2022 05:02,NA,NA,NA,NA,50.8612,-0.1194,anonymous,EN,1,1,19,Woman,1,15.049,105.754,106.694,37,0,0,0,2,5,0,1,0,2,0,0,-1,1,-2,-2,0,1,1,1,NA,154,19,Woman,3,3,2,2,2,2,0,0,0,0,5,0,2,2
295,15/11/2022 08:40,15/11/2022 08:43,0,100,171,1,15/11/2022 08:43,NA,NA,NA,NA,51.5788,-0.1235,anonymous,EN,1,1,19,Woman,1,0.923,30.118,30.656,32,2,1,2,2,1,2,2,3,2,3,2,0,-1,1,-1,1,-1,1,-1,NA,711,18,Woman,4,3,3,4,5,3,3,1,5,0,0,2,3,5
296,08/10/2022 13:44,08/10/2022 13:49,0,100,338,1,08/10/2022 13:49,NA,NA,NA,NA,51.1313,-0.0063,anonymous,EN,1,1,18,Woman,1,4.473,183.607,185.831,28,0,0,0,2,0,0,0,0,0,0,0,1,-2,-2,-2,-2,0,-1,-2,NA,397,18,Woman,3,1,1,4,3,2,0,0,0,0,4,0,3,5
297,23/11/2022 15:09,23/11/2022 15:13,0,100,211,1,23/11/2022 15:13,NA,NA,NA,NA,50.8612,-0.1194,anonymous,EN,1,1,18,Woman,1,35.891,143.062,143.951,34,1,2,2,3,4,4,1,3,2,3,2,1,1,0,0,1,1,2,2,NA,381,18,Woman,3,4,1,1.5,5,2,0,0,2,0,5,0,2,1
298,05/10/2022 05:36,05/10/2022 05:39,0,100,157,1,05/10/2022 05:39,NA,NA,NA,NA,50.8429,-0.1158,anonymous,EN,1,1,19,Woman,1,27.344,75.537,76.505,11,1,0,1,4,3,4,5,2,2,1,3,-1,-1,1,0,1,2,2,1,NA,525,18,Woman,4,4,2,3.5,2,3,0,0,4,0,5,0,3,4
299,06/11/2022 11:25,06/11/2022 11:27,0,100,130,1,06/11/2022 11:27,NA,NA,NA,NA,50.8612,-0.1194,anonymous,EN,1,1,18,Woman,1,3.749,58.658,59.337,25,0,1,0,0,0,0,0,0,1,0,0,-1,-1,0,-1,0,-1,0,0,NA,204,18,Woman,4,5,2,1.5,4,4,2,0,2,0,0,1,1,2
300,21/10/2022 09:37,21/10/2022 09:39,0,100,136,1,21/10/2022 09:39,NA,NA,NA,NA,50.8345,-0.186,anonymous,EN,1,1,19,Woman,1,21.94,56.428,58.07,11,1,2,4,1,0,0,0,0,0,0,2,1,0,1,-1,0,1,1,1,NA,486,18,Woman,5,3,3,1.5,3,4,0,0,2,4.47,5,4,1,2
301,02/11/2022 15:42,02/11/2022 15:46,0,100,224,1,02/11/2022 15:46,NA,NA,NA,NA,50.8612,-0.1194,anonymous,EN,1,1,18,Man,1,24.08,120.867,121.115,22,0,0,0,0,0,0,0,0,0,0,0,-2,-2,-2,-2,-2,-2,-2,-2,NA,404,18,Man,1,2,1,1.5,1,5,0,0,1,0,4,0,0,3
302,31/10/2022 09:24,31/10/2022 09:25,0,100,80,1,31/10/2022 09:25,NA,NA,NA,NA,50.8429,-0.1158,anonymous,EN,1,1,19,Woman,1,19.173,34.522,35.947,11,0,0,0,0,0,0,0,0,0,0,0,-2,-2,-2,-2,NA,-2,-2,-2,NA,622,18,Woman,5,4,0,0,3,2,0,0,0,0,2,0,0,0
303,09/10/2022 15:12,09/10/2022 15:14,0,100,124,1,09/10/2022 15:14,NA,NA,NA,NA,50.8612,-0.1194,anonymous,EN,1,1,18,Woman,1,5.757,74.346,76.495,17,4,3,2,3,2,1,1,0,0,0,0,-1,1,-2,-2,-2,0,-1,-1,NA,385,18,Woman,5,4,2,3.5,4,5,2,1,4,2.236067977,5,1,4,3
304,07/12/2022 09:51,07/12/2022 10:00,0,100,500,1,07/12/2022 10:00,NA,NA,NA,NA,50.8435,-0.2166,anonymous,EN,1,1,19,Woman,1,22.38,397.33,398.292,11,0,0,0,3,2,2,1,0,0,4,1,-1,1,-1,-1,-1,0,0,0,NA,481,18,Woman,2,1,0,2.5,4,2,1,0,0,0,1,0,1,4
305,17/10/2022 08:47,17/10/2022 08:50,0,100,229,1,17/10/2022 08:50,NA,NA,NA,NA,50.82,-1.0664,anonymous,EN,1,1,19,Woman,1,17.075,120.092,121.885,12,1,1,0,2,1,1,4,2,5,3,2,0,0,-1,0,-1,1,2,2,NA,793,18,Woman,5,4,2,2.5,4,3,2,0,1,3,3,3,2,3
306,11/10/2022 20:55,11/10/2022 20:57,0,100,165,1,11/10/2022 20:57,NA,NA,NA,NA,52.9453,-1.4953,anonymous,EN,1,1,21,Woman,1,1.621,86.817,87.559,46,0,0,3,2,2,0,3,0,0,0,0,0,1,-1,-1,0,1,1,1,NA,NA,NA,NA,NA,NA,NA,NA,NA,NA,NA,NA,NA,NA,NA,NA,NA,NA
307,26/09/2022 06:13,26/09/2022 06:15,0,100,113,1,26/09/2022 06:15,NA,NA,NA,NA,50.8612,-0.1194,anonymous,EN,1,1,19,Woman,1,3.367,55.014,55.905,22,3,3,1,2,1,1,3,0,0,1,0,1,1,-1,-1,-1,-1,-1,1,NA,824,18,Woman,4,3,1,1.5,3,1,2,0,1,0,0,1,1,2
308,29/11/2022 06:28,29/11/2022 06:31,0,100,156,1,29/11/2022 06:31,NA,NA,NA,NA,51.4746,-0.2517,anonymous,EN,1,1,20,Woman,1,24.856,63.37,69.838,12,2,3,0,0,0,0,0,0,0,0,0,0,-1,-1,-1,-2,-2,-1,0,NA,NA,NA,NA,NA,NA,NA,NA,NA,NA,NA,NA,NA,NA,NA,NA,NA,NA
309,10/10/2022 06:42,10/10/2022 06:49,0,100,393,1,10/10/2022 06:49,NA,NA,NA,NA,50.8612,-0.1194,anonymous,EN,1,1,19,Woman,1,43.157,265.407,269.346,11,1,0,0,2,1,0,0,1,1,0,1,1,0,-1,-1,0,0,-1,-1,NA,568,18,Woman,3,4,0,1,3,3,0,0,4,0,0,4,1,1
310,14/10/2022 05:21,14/10/2022 05:25,0,100,223,1,14/10/2022 05:25,NA,NA,NA,NA,50.8612,-0.1194,anonymous,EN,1,1,20,Woman,1,49.284,149.426,150.89,14,2,1,0,3,3,3,5,5,2,1,4,1,1,1,2,2,2,2,2,NA,NA,NA,NA,NA,NA,NA,NA,NA,NA,NA,NA,NA,NA,NA,NA,NA,NA
311,05/10/2022 02:25,05/10/2022 02:27,0,100,122,1,05/10/2022 02:27,NA,NA,NA,NA,50.8345,-0.186,anonymous,EN,1,1,22,Woman,1,9.746,66.048,68.179,11,0,0,5,2,0,0,1,0,0,0,5,1,2,2,2,2,2,2,2,NA,151,22,Woman,3,5,3,4,5,5,0,0,4,0,5,0,5,3
312,01/10/2022 10:24,01/10/2022 10:29,0,100,339,1,01/10/2022 10:29,NA,NA,NA,NA,50.8612,-0.1194,anonymous,EN,1,1,19,Woman,1,32.191,191.208,192.56,13,0,0,0,0,2,0,5,4,2,0,0,-1,-1,0,-2,2,0,1,2,NA,536,18,Woman,5,4,2,1,3,4,0,0,1,1.41,2,1,0,2
313,09/11/2022 07:02,09/11/2022 07:10,0,100,470,1,09/11/2022 07:10,NA,NA,NA,NA,50.8612,-0.1194,anonymous,EN,1,1,19,Woman,1,240.578,402.134,402.616,13,0,0,0,2,1,1,1,0,0,2,0,-2,-2,-1,-1,-1,-1,-1,-1,NA,540,18,Woman,2,3,0,0,3,2,0,0,1,1.73,1,3,0,0
314,21/11/2022 05:37,21/11/2022 05:42,0,100,274,1,21/11/2022 05:42,NA,NA,NA,NA,50.8612,-0.1194,anonymous,EN,1,1,19,Woman,1,5.44,135.487,136.243,52,1,2,4,4,1,2,3,0,0,0,0,1,1,0,-1,0,-1,1,1,NA,NA,NA,NA,NA,NA,NA,NA,NA,NA,NA,NA,NA,NA,NA,NA,NA,NA
315,29/11/2022 04:11,29/11/2022 04:15,0,100,252,1,29/11/2022 04:15,NA,NA,NA,NA,50.8345,-0.186,anonymous,EN,1,1,19,Woman,1,20.178,123.499,127.94,12,0,1,4,2,0,0,2,0,0,0,1,2,1,1,0,2,1,2,1,NA,834,18,Woman,5,4,0,2.5,4,4,0,0,2,0,0,0,1,4
316,20/10/2022 07:51,20/10/2022 07:53,0,100,89,1,20/10/2022 07:53,NA,NA,NA,NA,52.1073,-0.4649,anonymous,EN,1,1,19,Woman,1,4.808,35.884,36.629,12,0,1,0,0,0,0,0,0,0,0,0,1,1,1,1,0,1,1,1,NA,852,18,Woman,4,3,0,0,3,1,0,0,4,0,0,3,0,0
317,18/10/2022 06:43,18/10/2022 06:45,0,100,150,1,18/10/2022 06:45,NA,NA,NA,NA,50.8345,-0.186,anonymous,EN,1,1,19,Woman,1,5.414,85.798,87.489,18,0,0,0,3,3,1,0,0,0,0,0,0,-1,1,1,1,1,1,1,NA,871,18,Woman,4,1,1,2.5,1,2,0,0,0,0,0,5,2,3
318,30/09/2022 07:45,30/09/2022 07:48,0,100,188,1,30/09/2022 07:48,NA,NA,NA,NA,50.8429,-0.1158,anonymous,EN,1,1,19,Woman,1,5.974,78.226,79.99,12,0,0,0,0,0,0,0,0,0,0,0,-2,-2,-2,-2,-2,-2,-2,-2,NA,448,18,Woman,0,0,0,0,0,0,0,0,0,0,0,0,0,0
319,28/09/2022 07:00,28/09/2022 07:02,0,100,111,1,28/09/2022 07:02,NA,NA,NA,NA,50.8612,-0.1194,anonymous,EN,1,1,19,Woman,1,1.91,60.767,61.723,26,0,0,0,2,1,0,0,0,0,0,0,-2,-2,-1,-2,1,-2,-2,-2,NA,79,19,Woman,5,4,4,1,1,3,0,1,2,0,0,0,0,2
320,02/10/2022 11:41,02/10/2022 11:45,0,100,254,1,02/10/2022 11:45,NA,NA,NA,NA,50.8612,-0.1194,anonymous,EN,1,1,19,Woman,1,5.063,132.795,133.514,34,0,0,0,0,0,1,0,0,0,0,0,-2,-2,-1,-2,-2,-2,-1,-2,NA,434,19,Woman,3,1,2,3,1,5,0,0,0,0,4,0,2,4
321,11/10/2022 11:31,11/10/2022 11:34,0,100,211,1,11/10/2022 11:34,NA,NA,NA,NA,51.1398,-0.1206,anonymous,EN,1,1,19,Woman,1,2.972,115.764,117.566,39,0,0,0,1,1,0,2,0,0,0,0,-1,0,-1,-2,0,-2,-1,-1,NA,NA,NA,NA,NA,NA,NA,NA,NA,NA,NA,NA,NA,NA,NA,NA,NA,NA
322,27/11/2022 11:12,27/11/2022 11:16,0,100,241,1,27/11/2022 11:16,NA,NA,NA,NA,50.8546,0.5362,anonymous,EN,1,1,18,Woman,1,1.542,125.452,126.933,37,0,0,0,2,1,0,3,2,2,1,0,-1,-1,-2,-2,0,1,0,0,NA,268,18,Woman,1,2,0,0,2,1,0,0,0,1,1,1,0,0
323,01/10/2022 10:48,01/10/2022 10:52,0,100,203,1,01/10/2022 10:52,NA,NA,NA,NA,50.8612,-0.1194,anonymous,EN,1,1,18,Woman,1,12.178,112.5,113.196,43,0,0,1,0,0,0,3,1,0,0,0,2,1,2,1,2,1,2,1,NA,303,18,Woman,5,2,0,0.5,5,3,0,0,1,0,5,0,0,1
324,02/11/2022 05:15,02/11/2022 05:20,0,100,271,1,02/11/2022 05:20,NA,NA,NA,NA,51.5074,-0.1196,anonymous,EN,1,1,19,Woman,1,47.595,153.981,157.301,12,1,1,0,2,1,0,0,0,1,0,1,1,-1,-1,0,-1,-1,-1,-1,NA,416,19,Woman,4,5,1,0,3,2,0,0,0,1.414213562,2,1,0,0
325,21/10/2022 05:28,21/10/2022 05:32,0,100,225,1,21/10/2022 05:32,NA,NA,NA,NA,51.4964,-0.1224,anonymous,EN,1,1,18,Woman,1,21.871,84.927,85.385,12,1,1,5,0,0,0,3,2,1,4,2,1,0,2,0,1,1,2,2,NA,432,18,Woman,3,4,2,4.5,3,3,0,0,2,0,5,0,5,4
326,01/10/2022 14:17,01/10/2022 14:20,0,100,178,1,01/10/2022 14:20,NA,NA,NA,NA,50.8612,-0.1194,anonymous,EN,1,1,18,Woman,1,6.926,73.625,75.526,12,0,0,2,5,5,5,0,0,0,0,3,0,0,1,-1,-2,-2,1,-1,NA,392,18,Woman,5,4,0,0,4,4,0,0,1,0,0,0,0,0
327,12/10/2022 08:35,12/10/2022 08:37,0,100,122,1,12/10/2022 08:37,NA,NA,NA,NA,50.8612,-0.1194,anonymous,EN,1,1,18,Woman,1,5.781,53.8,55.132,14,4,0,1,2,3,0,0,0,0,0,2,0,-1,-2,1,-2,2,1,-2,NA,291,18,Woman,3,2,0,2.5,5,4,0,0,1,1.414213562,1,2,4,1
328,29/11/2022 07:26,29/11/2022 07:30,0,100,186,1,29/11/2022 07:30,NA,NA,NA,NA,50.8429,-0.1158,anonymous,EN,1,1,19,Woman,1,14.406,95.358,98.598,13,0,0,0,4,4,1,0,0,0,0,0,1,1,1,-1,0,1,-1,-1,NA,530,18,Woman,4,0,0,0,1,1,0,0,0,0,4,0,0,0
329,01/10/2022 10:30,01/10/2022 10:34,0,100,200,1,01/10/2022 10:34,NA,NA,NA,NA,50.8612,-0.1194,anonymous,EN,1,1,18,Another,1,4.828,64.877,66.046,44,0,0,2,5,1,4,0,0,0,0,0,-1,-1,1,1,0,0,0,0,NA,NA,NA,NA,NA,NA,NA,NA,NA,NA,NA,NA,NA,NA,NA,NA,NA,NA
330,06/10/2022 19:16,06/10/2022 19:18,0,100,84,1,06/10/2022 19:18,NA,NA,NA,NA,50.8612,-0.1194,anonymous,EN,1,1,19,Woman,1,5.237,31.508,32.895,13,1,2,2,3,3,3,1,0,0,0,0,0,1,-1,-1,-2,1,1,1,NA,767,18,Woman,4,3,2,2.5,5,4,0,2,1,1.41,2,1,2,3
331,01/10/2022 14:13,01/10/2022 14:16,0,100,228,1,01/10/2022 14:16,NA,NA,NA,NA,52.1981,-0.2078,anonymous,EN,1,1,19,Woman,1,2.09,66.47,67.148,29,0,0,0,0,0,0,0,0,0,0,0,0,-1,-1,-2,0,0,0,1,NA,370,19,Woman,3,3,1,0,3,1,1,0,0,0,0,0,0,0
332,03/10/2022 07:56,03/10/2022 08:01,0,100,301,1,03/10/2022 08:01,NA,NA,NA,NA,50.8345,-0.186,anonymous,EN,1,1,20,Woman,1,66.157,161.697,163.227,16,2,0,0,4,3,2,0,0,1,0,3,0,-1,-1,-1,-2,-2,0,-1,NA,708,19,Woman,4,3,0,1.5,2,3,0,0,1,4,4,4,0,3
333,13/11/2022 08:11,13/11/2022 08:14,0,100,191,1,13/11/2022 08:14,NA,NA,NA,NA,51.4203,-0.1175,anonymous,EN,1,1,19,Woman,1,21.544,95.864,97.346,11,0,0,0,0,0,0,0,0,0,0,5,-2,-2,-2,-2,2,-2,2,2,NA,439,19,Woman,3,3,2,0.5,1,0,0,5,0,0,5,0,1,0
334,03/10/2022 06:27,03/10/2022 06:29,0,100,135,1,03/10/2022 06:29,NA,NA,NA,NA,50.8612,-0.1194,anonymous,EN,1,1,18,Woman,1,4.827,77.438,79.392,36,0,1,1,3,2,3,4,3,0,3,5,0,0,1,1,1,-1,2,2,NA,91,18,Woman,5,4,1,2,5,4,0,0,2,2,1,4,2,2
335,28/10/2022 05:20,28/10/2022 05:23,0,100,163,1,28/10/2022 05:23,NA,NA,NA,NA,50.8612,-0.1194,anonymous,EN,1,1,22,Woman,1,10.479,100.813,102.673,17,0,0,0,5,2,2,3,2,2,0,5,1,1,2,1,2,2,2,2,NA,718,21,Woman,4,2,1,0,3,3,0,0,1,0,5,0,0,0
336,22/11/2022 05:10,22/11/2022 05:12,0,100,110,1,22/11/2022 05:12,NA,NA,NA,NA,50.8612,-0.1194,anonymous,EN,1,1,19,Woman,1,3.301,43.183,44.983,15,0,0,0,0,0,0,0,0,0,0,0,-2,0,-2,-2,0,1,1,1,NA,619,18,Woman,5,4,0,0,1,3,0,0,0,0,5,0,0,0
337,04/10/2022 07:24,04/10/2022 07:27,0,100,202,1,04/10/2022 07:27,NA,NA,NA,NA,50.8612,-0.1194,anonymous,EN,1,1,18,Woman,1,13.401,92.192,99.093,13,0,0,5,3,3,0,5,5,3,0,5,2,0,2,1,2,1,2,2,NA,19,18,Woman,4,5,0,0,3,0,0,1,1,0,0,0,0,0
338,09/10/2022 11:12,09/10/2022 11:14,0,100,107,1,09/10/2022 11:14,NA,NA,NA,NA,51.4964,-0.1224,anonymous,EN,1,1,18,Woman,1,3.781,48.367,50.67,41,5,5,3,1,1,5,5,3,3,0,0,2,2,0,-2,2,0,2,2,NA,169,18,Woman,2,3,0,0,2,2,0,0,3,0,0,1,0,0
339,03/11/2022 07:23,03/11/2022 07:28,0,100,339,1,03/11/2022 07:28,NA,NA,NA,NA,50.8612,-0.1194,anonymous,EN,1,1,19,Woman,1,21.072,150.974,152.404,15,0,0,0,1,0,0,0,0,0,1,1,-2,-2,-2,-2,-2,-2,-2,-2,NA,415,19,Woman,2,0,0,0,2,0,1,0,1,2.828427125,2,4,0,0
340,30/09/2022 11:22,30/09/2022 11:26,0,100,224,1,30/09/2022 11:26,NA,NA,NA,NA,50.8429,-0.1158,anonymous,EN,1,1,44,Woman,1,37.845,130.334,137.068,13,3,2,4,5,5,5,5,4,2,1,3,0,-1,0,0,1,0,1,0,NA,156,44,Woman,5,4,5,1.5,5,5,2,0,0,0,0,5,1,2
341,08/10/2022 04:10,08/10/2022 04:13,0,100,188,1,08/10/2022 04:13,NA,NA,NA,NA,50.8612,-0.1194,anonymous,EN,1,1,19,Woman,1,23.939,108.437,109.468,11,0,0,0,3,1,1,0,0,0,3,0,-2,-2,-1,0,-1,-1,-1,-1,NA,NA,NA,NA,NA,NA,NA,NA,NA,NA,NA,NA,NA,NA,NA,NA,NA,NA
342,16/11/2022 04:52,16/11/2022 04:55,0,100,131,1,16/11/2022 04:55,NA,NA,NA,NA,50.8388,-0.777,anonymous,EN,1,1,20,Man,1,6.504,56.423,57.083,11,0,0,1,2,1,1,1,0,0,0,1,1,0,0,-1,1,-1,1,-1,NA,623,19,Man,4,4,0,0.5,2,3,0,0,1,0,1,0,0,1
343,27/09/2022 08:41,27/09/2022 08:43,0,100,159,1,27/09/2022 08:43,NA,NA,NA,NA,51.1449,0.3225,anonymous,EN,1,1,19,Man,1,10.741,91.952,93.39,16,1,0,2,3,0,0,0,0,0,0,0,0,-1,2,1,0,1,1,0,NA,NA,NA,NA,NA,NA,NA,NA,NA,NA,NA,NA,NA,NA,NA,NA,NA,NA
344,10/10/2022 10:11,10/10/2022 10:13,0,100,113,1,10/10/2022 10:13,NA,NA,NA,NA,50.8612,-0.1194,anonymous,EN,1,1,19,Woman,1,14.697,50.508,50.907,14,1,0,1,0,0,0,3,3,3,0,0,0,1,1,-1,-2,0,-2,0,NA,557,18,Woman,4,2,0,1,3,2,0,0,5,0,0,0,1,1
345,27/09/2022 06:27,27/09/2022 06:31,0,100,216,1,27/09/2022 06:31,NA,NA,NA,NA,51.4964,-0.1224,anonymous,EN,1,1,18,Woman,1,6.672,91.563,93.143,19,1,0,1,3,2,3,4,1,2,4,3,-1,0,1,0,1,1,1,1,NA,NA,NA,NA,NA,NA,NA,NA,NA,NA,NA,NA,NA,NA,NA,NA,NA,NA
346,03/11/2022 05:54,03/11/2022 05:57,0,100,155,1,03/11/2022 05:57,NA,NA,NA,NA,50.8612,-0.1194,anonymous,EN,1,1,18,Woman,1,24.585,78.489,80.993,11,0,0,0,0,1,0,0,0,0,0,0,0,0,0,0,0,0,0,0,NA,185,18,Woman,4,4,0,0,1,1,0,3,4,0,5,0,0,0
347,29/11/2022 09:55,29/11/2022 09:57,0,100,126,1,29/11/2022 09:57,NA,NA,NA,NA,50.8612,-0.1194,anonymous,EN,1,1,19,Another,1,1.188,68.481,69.682,39,0,0,1,1,1,1,2,1,1,1,2,0,0,1,2,2,1,2,2,NA,250,19,Non-binary,5,1,0,0,0,0,0,0,3,0,5,0,0,0
348,08/10/2022 11:31,08/10/2022 11:35,0,100,246,1,08/10/2022 11:35,NA,NA,NA,NA,50.8612,-0.1194,anonymous,EN,1,1,20,Woman,1,28.634,139.883,141.232,11,3,2,1,2,0,0,1,0,0,0,0,0,0,-1,-2,0,0,0,0,NA,879,19,Woman,2,2,1,1,2,1,0,0,1,0,2,0,1,1
349,28/10/2022 07:11,28/10/2022 07:17,0,100,375,1,28/10/2022 07:17,NA,NA,NA,NA,50.8612,-0.1194,anonymous,EN,1,1,19,Man,1,13.634,157.691,158.86,12,1,2,3,0,0,0,1,0,0,0,0,-2,-2,-2,-2,-2,-1,-1,-2,NA,NA,NA,NA,NA,NA,NA,NA,NA,NA,NA,NA,NA,NA,NA,NA,NA,NA
350,06/10/2022 04:37,06/10/2022 04:39,0,100,127,1,06/10/2022 04:39,NA,NA,NA,NA,50.8612,-0.1194,anonymous,EN,1,1,20,Woman,1,1.536,63.04,63.937,35,0,0,0,0,0,0,0,0,0,0,0,-2,-2,-2,-2,-2,-2,-2,-2,NA,210,20,Woman,2,2,0,2.5,2,1,0,0,0,0,5,0,1,4
351,22/10/2022 10:38,22/10/2022 10:41,0,100,172,1,22/10/2022 10:41,NA,NA,NA,NA,50.8612,-0.1194,anonymous,EN,1,1,20,Woman,1,0.891,117.393,117.989,27,0,0,0,0,0,0,0,0,0,0,0,0,0,-1,-1,1,0,1,0,NA,215,20,Woman,4,4,0,0,3,0,0,0,4,0,5,0,0,0
352,16/11/2022 08:46,16/11/2022 08:47,0,100,111,1,16/11/2022 08:47,NA,NA,NA,NA,50.8612,-0.1194,anonymous,EN,1,1,20,Woman,1,13.419,60.308,61.987,12,1,4,0,0,0,0,0,0,0,1,0,0,0,-1,-1,1,-1,-1,-1,NA,509,19,Woman,4,3,0,2.5,3,4,0,0,3,0,0,5,2,3
353,19/10/2022 11:09,19/10/2022 11:12,0,100,205,1,19/10/2022 11:12,NA,NA,NA,NA,50.8429,-0.1158,anonymous,EN,1,1,19,Woman,1,0.852,95.041,96.233,29,0,0,2,2,1,0,0,0,0,0,0,-1,0,-2,-2,0,1,0,0,NA,102,19,Woman,5,4,0,2,4,2,0,0,3,0,0,5,2,2
354,17/10/2022 07:56,17/10/2022 08:00,0,100,227,1,17/10/2022 08:00,NA,NA,NA,NA,50.8612,-0.1194,anonymous,EN,1,1,18,Woman,1,15.23,103.918,105.093,12,0,0,0,1,2,1,3,0,0,0,2,1,0,1,1,2,-2,1,1,NA,218,18,Woman,4,2,0,0,3,4,0,0,0,0,5,0,0,0
355,25/10/2022 04:27,25/10/2022 04:30,0,100,197,1,25/10/2022 04:30,NA,NA,NA,NA,50.8612,-0.1194,anonymous,EN,1,1,20,Woman,1,14.701,103.224,104.678,13,0,0,0,0,0,0,3,0,0,0,0,0,1,-1,-1,1,0,0,1,NA,430,20,Woman,4,3,1,3,4,3,0,0,1,0,0,5,2,4
356,26/10/2022 04:37,26/10/2022 04:40,0,100,141,1,26/10/2022 04:40,NA,NA,NA,NA,50.8612,-0.1194,anonymous,EN,1,1,20,Woman,1,12.148,51.71,52.852,14,0,0,0,1,1,1,0,0,0,3,0,-2,-2,-2,-2,-2,-2,-2,-2,NA,751,19,Woman,4,0,0,0.5,2,0,0,0,0,0,5,0,0,1
357,28/10/2022 11:03,28/10/2022 11:08,0,100,320,1,28/10/2022 11:08,NA,NA,NA,NA,51.5269,-0.0991,anonymous,EN,1,1,20,Woman,1,39.345,135.241,136.468,11,0,0,0,0,0,0,5,0,0,5,5,-2,-2,2,2,2,2,2,2,NA,605,19,Woman,0,0,0,0,0,0,0,0,2,0,5,0,0,0
358,26/09/2022 16:36,26/09/2022 16:39,0,100,182,1,26/09/2022 16:39,NA,NA,NA,NA,51.3873,-0.1596,anonymous,EN,1,1,19,Woman,1,15.023,102.352,104.735,14,0,0,0,0,0,0,0,0,0,0,0,-2,-2,-2,-2,-2,-2,-2,-2,NA,519,18,Woman,5,2,1,1.5,4,3,0,5,0,0,4,0,2,1
359,06/11/2022 08:15,06/11/2022 08:18,0,100,169,1,06/11/2022 08:18,NA,NA,NA,NA,50.8612,-0.1194,anonymous,EN,1,1,19,Woman,1,3.597,63.755,64.598,31,0,0,0,0,0,0,0,0,0,0,0,-1,1,1,1,0,-1,-1,-1,NA,77,19,Woman,3,2,0,0.5,3,5,0,0,1,0,4,0,0,1
360,08/11/2022 20:45,08/11/2022 20:47,0,100,134,1,08/11/2022 20:47,NA,NA,NA,NA,50.8612,-0.1194,anonymous,EN,1,1,18,Woman,1,6.384,71.653,72.418,24,0,0,0,2,3,2,3,2,1,0,0,1,1,1,1,2,2,1,1,NA,220,18,Woman,1,3,0,1,4,1,0,0,0,0,5,0,2,0
361,27/09/2022 09:57,27/09/2022 10:00,0,100,164,1,27/09/2022 10:00,NA,NA,NA,NA,50.8612,-0.1194,anonymous,EN,1,1,19,Woman,1,11.982,83.581,84.922,12,0,0,0,2,4,0,0,0,0,0,0,-2,-2,-1,-1,0,-2,-2,-2,NA,327,19,Woman,5,4,0,0,5,3,0,0,0,0,5,0,0,0
362,05/11/2022 11:53,05/11/2022 11:56,0,100,189,1,05/11/2022 11:56,NA,NA,NA,NA,51.3604,-0.3023,anonymous,EN,1,1,18,Woman,1,11.286,114.735,116.009,14,0,0,3,5,3,0,4,0,0,1,0,1,2,-1,-2,1,0,1,1,NA,239,18,Woman,5,3,0,1.5,4,0,0,0,4,2,4,1,1,2
363,14/11/2022 09:55,14/11/2022 09:57,0,100,127,1,14/11/2022 09:57,NA,NA,NA,NA,51.4964,-0.1224,anonymous,EN,1,1,20,Woman,1,8.921,46.144,46.942,12,0,0,0,0,0,0,4,0,3,0,1,-1,-2,-1,-1,1,1,0,-2,NA,665,19,Woman,2,1,0,2,3,3,0,0,0,0,3,0,2,2
364,06/10/2022 17:39,06/10/2022 17:48,0,100,512,1,06/10/2022 17:48,NA,NA,NA,NA,50.8612,-0.1194,anonymous,EN,1,1,18,Woman,1,2.164,183.907,186.65,29,0,0,0,3,2,0,3,0,0,0,0,0,1,0,-2,0,1,2,0,NA,343,18,Woman,3,2,0,0.5,1,3,0,0,0,0,0,5,1,0
365,11/10/2022 13:05,11/10/2022 13:05,0,5,24,0,18/10/2022 13:05,NA,NA,NA,NA,NA,NA,anonymous,EN,NA,NA,NA,NA,NA,NA,NA,NA,NA,NA,NA,NA,NA,NA,NA,NA,NA,NA,NA,NA,NA,NA,NA,NA,NA,NA,NA,NA,NA,28,18,Woman,5,4,2,2.5,4,3,0,0,2,3.16227766,5,2,2,3
366,02/11/2022 12:53,02/11/2022 12:58,0,100,309,1,02/11/2022 12:58,NA,NA,NA,NA,50.8612,-0.1194,anonymous,EN,1,1,18,Woman,1,37.092,130.744,133.066,11,0,0,1,4,4,3,2,0,0,0,0,1,2,0,-1,1,1,1,0,NA,28,18,Woman,5,4,2,2.5,4,3,0,0,2,3.16227766,5,2,2,3
367,02/10/2022 11:46,02/10/2022 11:48,0,100,114,1,02/10/2022 11:48,NA,NA,NA,NA,50.8612,-0.1194,anonymous,EN,1,1,18,Woman,1,17.192,49.056,50.441,11,2,0,2,4,0,0,0,0,0,0,2,1,2,-1,-1,-1,1,0,0,NA,326,18,Woman,5,3,4,2.5,3,0,0,0,3,2,4,1,2,3
368,18/11/2022 13:08,18/11/2022 13:13,0,100,299,1,18/11/2022 13:13,NA,NA,NA,NA,50.8612,-0.1194,anonymous,EN,1,1,19,Woman,1,30.72,175.391,176.803,15,1,1,1,2,1,1,0,0,0,0,0,-1,-2,-1,-2,-2,1,-1,-1,NA,722,18,Woman,4,3,1,1.5,4,4,0,0,2,4.47,4,5,1,2
369,29/09/2022 09:30,29/09/2022 09:33,0,100,201,1,29/09/2022 09:33,NA,NA,NA,NA,50.8612,-0.1194,anonymous,EN,1,1,22,Woman,1,52.291,115.358,121.129,13,0,0,1,2,0,1,1,0,0,0,0,0,0,0,0,0,0,0,0,NA,NA,NA,NA,NA,NA,NA,NA,NA,NA,NA,NA,NA,NA,NA,NA,NA,NA
370,02/11/2022 09:56,03/11/2022 09:45,0,100,85713,1,03/11/2022 09:45,NA,NA,NA,NA,50.8612,-0.1194,anonymous,EN,1,1,18,Woman,1,1.045,146.605,147.13,77,5,4,4,2,1,0,0,0,0,0,2,2,0,0,1,-1,0,1,1,NA,105,18,Woman,4,2,0,1,4,1,2,0,2,0,5,0,2,0
371,01/12/2022 15:49,01/12/2022 15:52,0,100,202,1,01/12/2022 15:52,NA,NA,NA,NA,50.8612,-0.1194,anonymous,EN,1,1,19,Woman,1,12.814,72.406,73.589,12,0,0,0,5,2,5,0,0,0,0,0,-1,0,-1,-1,-2,-1,-1,-1,NA,315,19,Woman,4,2,0,2.5,3,0,0,0,1,1.732050808,1,3,2,3
372,09/11/2022 10:24,09/11/2022 10:31,0,100,381,1,09/11/2022 10:31,NA,NA,NA,NA,50.8612,-0.1194,anonymous,EN,1,1,18,Woman,1,9.583,243.027,244.359,12,0,0,0,1,1,1,1,0,0,0,0,-1,-2,-1,-2,-2,1,1,1,NA,188,18,Woman,2,5,1,3,0,0,0,0,1,0,0,1,2,4
373,01/11/2022 14:31,01/11/2022 14:34,0,100,173,1,01/11/2022 14:34,NA,NA,NA,NA,51.4863,-0.101,anonymous,EN,1,1,29,Woman,1,9.779,80.606,81.623,13,0,3,3,4,4,5,4,0,0,0,4,2,0,1,1,2,2,2,2,NA,775,28,Woman,4,3,2,0,5,3,0,0,0,0,0,0,0,0
374,01/10/2022 11:09,01/10/2022 11:12,0,100,194,1,01/10/2022 11:12,NA,NA,NA,NA,50.8345,-0.186,anonymous,EN,1,1,19,Woman,1,14.605,93.317,96.442,11,0,0,0,0,0,0,1,0,0,1,1,-1,1,1,-1,-1,-1,-1,-1,NA,687,18,Woman,3,1,0,2.5,3,3,0,0,2,0,0,4,3,2
375,02/10/2022 09:09,02/10/2022 09:12,0,100,184,1,02/10/2022 09:12,NA,NA,NA,NA,50.8612,-0.1194,anonymous,EN,1,1,20,Woman,1,12.626,83.396,84.301,22,0,0,0,0,0,0,1,1,3,0,2,1,1,2,1,0,1,1,0,NA,389,20,Woman,2,0,0,0,2,0,0,0,3,2.828427125,4,2,0,0
376,09/10/2022 05:40,09/10/2022 05:42,0,100,157,1,09/10/2022 05:42,NA,NA,NA,NA,50.8546,0.5362,anonymous,EN,1,1,19,Woman,1,4.821,77.845,81.283,26,3,2,4,3,3,4,1,2,2,0,2,2,2,0,-1,1,1,1,-1,NA,325,19,Woman,5,5,1,1.5,5,3,0,3,2,2.449489743,2,3,1,2
377,01/10/2022 10:34,01/10/2022 10:37,0,100,137,1,01/10/2022 10:37,NA,NA,NA,NA,50.8612,-0.1194,anonymous,EN,1,1,21,Man,1,9.084,89.294,90.53,20,2,2,1,5,5,5,4,1,2,0,3,-1,-1,2,2,2,2,0,0,NA,517,20,Man,5,2,0,1.5,3,1,3,0,0,0,0,5,3,0
378,NA,NA,NA,NA,NA,NA,NA,NA,NA,NA,NA,NA,NA,NA,NA,NA,NA,NA,NA,NA,NA,NA,NA,NA,NA,NA,NA,NA,NA,NA,NA,NA,NA,NA,NA,NA,NA,NA,NA,NA,NA,NA,NA,NA,69,18,Man,5,1,2,1,4,4,2,0,1,3,3,3,1,1
379,11/10/2022 02:38,11/10/2022 02:41,0,100,189,1,11/10/2022 02:41,NA,NA,NA,NA,51.4327,-0.1693,anonymous,EN,1,1,21,Man,1,14.778,108.069,108.829,13,0,0,0,0,0,0,0,0,0,0,0,-2,-2,0,-1,-2,-2,0,-1,NA,NA,NA,NA,NA,NA,NA,NA,NA,NA,NA,NA,NA,NA,NA,NA,NA,NA
380,02/10/2022 11:53,02/10/2022 12:00,0,100,407,1,02/10/2022 12:00,NA,NA,NA,NA,51.6056,0.0124,anonymous,EN,1,1,19,Woman,1,22.879,220.994,224.449,14,1,0,5,5,5,5,5,4,0,5,0,1,0,1,-1,2,0,1,2,NA,842,18,Woman,5,4,0,2.5,3,3,0,0,0,0,3,0,1,4
381,08/10/2022 18:02,08/10/2022 18:08,0,100,394,1,08/10/2022 18:08,NA,NA,NA,NA,51.2344,-0.3336,anonymous,EN,1,1,21,Woman,1,5.701,186.053,187.174,32,0,0,0,2,1,1,3,1,1,1,2,0,0,0,0,1,0,1,1,NA,742,20,Woman,4,4,1,2.5,2,4,0,0,3,2.24,5,1,2,3
382,25/10/2022 08:54,25/10/2022 08:56,0,100,111,1,25/10/2022 08:56,NA,NA,NA,NA,50.8612,-0.1194,anonymous,EN,1,1,18,Woman,1,5.206,48.97,50.492,13,2,2,3,2,2,2,1,4,4,4,3,1,1,1,0,-1,1,2,0,NA,86,18,Woman,3,4,2,2,4,4,0,0,3,2,2,2,2,2
383,14/10/2022 14:49,14/10/2022 14:54,0,100,304,1,14/10/2022 14:54,NA,NA,NA,NA,50.8612,-0.1194,anonymous,EN,1,1,18,Woman,1,1.91,125.578,126.448,24,0,0,0,0,0,0,0,0,0,0,0,-1,-1,-1,-1,-1,-1,-1,-1,NA,NA,NA,NA,NA,NA,NA,NA,NA,NA,NA,NA,NA,NA,NA,NA,NA,NA
384,03/10/2022 06:40,03/10/2022 06:42,0,100,109,1,03/10/2022 06:42,NA,NA,NA,NA,51.5064,-0.02,anonymous,EN,1,1,18,Woman,1,18.786,54.922,55.758,12,3,2,0,2,0,0,3,0,0,0,0,2,-1,1,0,1,2,2,1,NA,NA,NA,NA,NA,NA,NA,NA,NA,NA,NA,NA,NA,NA,NA,NA,NA,NA
385,14/10/2022 11:43,14/10/2022 11:48,0,100,302,1,14/10/2022 11:48,NA,NA,NA,NA,51.5095,-0.0955,anonymous,EN,1,1,24,Woman,1,50.584,245.713,246.703,16,1,1,4,5,2,1,1,1,1,0,0,2,2,1,0,2,2,2,2,NA,195,24,Woman,2,4,3,1.5,1,3,0,0,1,0,5,0,2,1
386,03/10/2022 08:11,03/10/2022 08:15,0,100,229,1,03/10/2022 08:15,NA,NA,NA,NA,50.8612,-0.1194,anonymous,EN,1,1,21,Woman,1,7.116,139.642,140.377,22,5,4,5,4,2,2,1,3,4,4,5,0,0,-1,-1,-1,1,2,1,NA,856,20,Woman,0,2,0,0.5,0,0,0,0,3,0,0,2,0,1
387,14/10/2022 08:42,14/10/2022 08:51,0,100,557,1,14/10/2022 08:51,NA,NA,NA,NA,50.8612,-0.1194,anonymous,EN,1,1,20,Woman,1,20.853,463.095,465.154,14,0,0,0,3,3,0,3,0,0,5,5,-2,-2,1,0,2,1,2,2,NA,766,19,Woman,5,5,0,1,5,3,0,0,4,0,0,5,2,0
388,27/11/2022 16:41,27/11/2022 16:47,0,100,391,1,27/11/2022 16:47,NA,NA,NA,NA,50.8612,-0.1194,anonymous,EN,1,1,18,Woman,1,30.951,206.134,208.151,12,1,0,2,3,0,2,1,1,0,0,3,-1,0,-1,0,0,0,0,0,NA,237,18,Woman,5,4,3,2.5,3,4,1,1,3,3,3,3,2,3
389,29/09/2022 09:00,29/09/2022 09:05,0,100,290,1,29/09/2022 09:05,NA,NA,NA,NA,50.8612,-0.1194,anonymous,EN,1,1,18,Woman,1,9.112,128.3,129.049,61,1,0,1,2,0,0,1,1,0,1,1,-1,-1,0,-2,-1,-1,1,1,NA,47,18,Woman,3,1,0,2,3,0,0,0,2,2,2,2,3,1
390,06/12/2022 05:30,06/12/2022 05:34,0,100,282,1,06/12/2022 05:34,NA,NA,NA,NA,50.8345,-0.186,anonymous,EN,1,1,20,Woman,1,36.084,169.861,170.925,65,0,0,0,3,3,3,2,2,1,0,1,0,1,2,2,2,1,0,2,NA,NA,NA,NA,NA,NA,NA,NA,NA,NA,NA,NA,NA,NA,NA,NA,NA,NA
391,07/10/2022 04:40,07/10/2022 04:42,0,100,127,1,07/10/2022 04:42,NA,NA,NA,NA,50.8612,-0.1194,anonymous,EN,1,1,18,Prefer not to say,1,7.857,67.849,68.62,36,0,0,0,4,0,4,0,0,0,0,0,-2,-2,-2,-2,-2,-2,-2,-2,NA,358,19,Other/prefer not to say,4,4,4,0,5,2,0,0,0,5,5,5,0,0
392,03/10/2022 10:06,03/10/2022 10:15,0,100,515,1,03/10/2022 10:15,NA,NA,NA,NA,50.8612,-0.1194,anonymous,EN,1,1,18,Woman,1,44.122,350.164,351,19,0,1,0,1,0,1,2,0,0,0,0,-1,-1,-2,0,1,-1,1,1,NA,23,18,Woman,3,3,1,1.5,3,2,0,0,3,2.236067977,1,5,1,2
393,27/09/2022 12:24,27/09/2022 12:29,0,100,317,1,27/09/2022 12:29,NA,NA,NA,NA,50.8612,-0.1194,anonymous,EN,1,1,18,Woman,1,16.397,75.54,76.763,12,0,0,0,1,1,0,0,0,0,0,0,-1,-1,-1,-2,-2,0,-1,-2,NA,53,18,Woman,4,2,0,0,1,1,0,0,2,0,3,0,0,0
394,11/10/2022 11:34,11/10/2022 11:38,0,100,284,1,11/10/2022 11:38,NA,NA,NA,NA,50.8612,-0.1194,anonymous,EN,1,1,19,Woman,1,12.335,105.044,105.836,12,0,0,0,0,0,0,2,3,0,0,0,-2,0,-2,-2,0,-2,0,-1,NA,733,18,Woman,4,2,1,2,3,4,0,0,0,0,4,0,2,2
395,25/10/2022 06:28,25/10/2022 06:30,0,100,125,1,25/10/2022 06:30,NA,NA,NA,NA,50.8612,-0.1194,anonymous,EN,1,1,20,Woman,1,7.991,58.473,59.401,12,0,0,0,0,0,1,0,0,0,0,0,0,0,1,1,-2,1,1,0,NA,715,19,Woman,5,3,1,2.5,4,3,0,0,2,0,0,5,3,2
396,02/10/2022 09:13,02/10/2022 09:15,0,100,99,1,02/10/2022 09:15,NA,NA,NA,NA,50.8612,-0.1194,anonymous,EN,1,1,19,Woman,1,9.577,47.688,48.356,16,0,0,2,1,1,1,0,0,0,0,0,1,1,0,0,0,-1,1,1,NA,NA,NA,NA,NA,NA,NA,NA,NA,NA,NA,NA,NA,NA,NA,NA,NA,NA
397,24/10/2022 10:03,24/10/2022 10:06,0,100,171,1,24/10/2022 10:06,NA,NA,NA,NA,50.8612,-0.1194,anonymous,EN,1,1,18,Woman,1,29.651,86.226,90.027,14,1,2,0,1,0,0,0,0,0,0,1,-1,-1,-2,-1,-2,-2,0,-2,NA,374,18,Woman,5,3,0,1.5,4,3,0,0,3,0,0,3,0,3
398,27/09/2022 04:33,27/09/2022 04:35,0,100,112,1,27/09/2022 04:35,NA,NA,NA,NA,50.9321,-1.3892,anonymous,EN,1,1,21,Woman,1,23.719,60.38,62.689,13,1,0,0,2,0,2,0,0,0,0,0,-1,-2,-2,-1,0,-2,-2,-2,NA,497,20,Woman,3,5,2,2,4,4,0,0,3,2,1,4,3,1
399,30/09/2022 02:24,30/09/2022 02:27,0,100,174,1,30/09/2022 02:27,NA,NA,NA,NA,50.8345,-0.186,anonymous,EN,1,1,20,Woman,1,13.004,75.383,81.607,11,0,0,0,0,0,0,0,0,0,0,0,-2,-2,-2,-2,0,-2,0,0,NA,649,19,Woman,2,2,3,0,3,3,0,0,1,1,1,1,0,0
400,08/10/2022 11:31,08/10/2022 11:33,0,100,145,1,08/10/2022 11:33,NA,NA,NA,NA,50.8429,-0.1158,anonymous,EN,1,1,21,Man,1,5.947,56.767,58.219,41,0,0,0,0,0,0,0,0,0,0,0,0,0,0,0,0,0,0,0,NA,815,20,Man,5,5,0,1,5,0,0,0,2,2,2,2,0,2
401,27/09/2022 15:07,27/09/2022 15:11,0,100,191,1,27/09/2022 15:11,NA,NA,NA,NA,50.8612,-0.1194,anonymous,EN,1,1,20,Woman,1,5.981,98.914,100.37,54,0,0,0,1,0,0,0,0,0,0,0,-2,-2,-2,-2,-2,-2,-2,-2,NA,135,20,Woman,2,2,0,0.5,1,1,0,0,1,2,1,4,0,1
402,04/10/2022 06:53,04/10/2022 06:55,0,100,135,1,04/10/2022 06:55,NA,NA,NA,NA,50.8612,-0.1194,anonymous,EN,1,1,18,Woman,1,7.125,50.909,51.815,13,0,1,1,4,0,0,0,0,0,0,1,-1,-1,1,-2,-2,-2,-1,-1,NA,167,18,Woman,4,2,0,4.5,4,0,0,0,4,0,0,0,5,4
403,02/10/2022 03:58,02/10/2022 04:03,0,100,263,1,02/10/2022 04:03,NA,NA,NA,NA,50.8345,-0.186,anonymous,EN,1,1,21,Man,1,31.422,153.371,154.466,21,3,3,4,4,4,4,4,2,0,0,2,1,-1,1,1,1,0,1,0,NA,579,20,Man,0,0,0,0,0,0,0,0,0,0,0,0,0,0
404,07/10/2022 05:24,07/10/2022 05:30,0,100,310,1,07/10/2022 05:30,NA,NA,NA,NA,50.8612,-0.1194,anonymous,EN,1,1,21,Man,1,10.876,136.921,141.5,28,0,0,0,3,0,0,0,0,0,0,3,-1,-1,-1,-1,0,0,1,0,NA,560,20,Man,4,4,1,3,4,2,0,0,2,0,2,0,1,5
405,06/10/2022 09:24,06/10/2022 09:26,0,100,103,1,06/10/2022 09:26,NA,NA,NA,NA,50.8612,-0.1194,anonymous,EN,1,1,18,Man,1,7.04,57.671,58.496,12,0,0,0,3,1,0,2,0,0,0,0,-2,-2,-2,-2,-1,0,0,-1,NA,NA,NA,NA,NA,NA,NA,NA,NA,NA,NA,NA,NA,NA,NA,NA,NA,NA
406,07/11/2022 18:04,07/11/2022 18:08,0,100,196,1,07/11/2022 18:08,NA,NA,NA,NA,50.8612,-0.1194,anonymous,EN,1,1,18,Woman,1,5.38,54.504,55.271,31,0,0,0,3,3,0,2,0,0,0,2,0,-2,2,1,2,-1,2,2,NA,317,18,Woman,5,3,1,3,5,3,0,5,2,0,0,5,2,4
407,23/11/2022 09:01,23/11/2022 09:03,0,100,169,1,23/11/2022 09:03,NA,NA,NA,NA,51.5555,-0.6212,anonymous,EN,1,1,20,Woman,1,12.581,86.208,87.337,17,2,3,2,4,4,1,5,3,2,1,2,1,0,1,0,1,-1,2,2,NA,NA,NA,NA,NA,NA,NA,NA,NA,NA,NA,NA,NA,NA,NA,NA,NA,NA
408,04/10/2022 06:38,04/10/2022 06:49,0,100,649,1,04/10/2022 06:49,NA,NA,NA,NA,50.8612,-0.1194,anonymous,EN,1,1,18,Man,1,10.573,75.23,81.201,13,1,1,1,5,5,2,5,5,0,5,5,1,2,2,1,2,2,2,2,NA,402,18,Man,3,3,3,1.5,2,3,1,0,1,2,1,4,2,1
409,07/11/2022 08:18,07/11/2022 08:20,0,100,166,1,07/11/2022 08:20,NA,NA,NA,NA,50.8612,-0.1194,anonymous,EN,1,1,19,Man,1,2.954,79.668,82.95,20,1,1,0,5,3,4,0,0,1,0,0,-2,0,-2,1,0,-1,0,-1,NA,NA,NA,NA,NA,NA,NA,NA,NA,NA,NA,NA,NA,NA,NA,NA,NA,NA
410,08/12/2022 11:05,08/12/2022 11:07,0,100,166,1,08/12/2022 11:07,NA,NA,NA,NA,50.8612,-0.1194,anonymous,EN,1,1,20,Woman,1,9.202,81.575,83.756,16,3,4,2,1,3,2,1,1,1,2,4,1,1,1,-1,1,0,1,1,NA,860,19,Woman,5,3,1,1.5,4,1,0,0,3,0,0,0,0,3
411,27/10/2022 04:18,27/10/2022 04:22,0,100,214,1,27/10/2022 04:22,NA,NA,NA,NA,50.8612,-0.1194,anonymous,EN,1,1,19,Woman,1,21.204,97.443,99.039,12,0,0,0,2,0,0,1,1,1,0,0,-1,-2,-2,-2,-1,-1,-1,-1,NA,411,19,Woman,5,4,1,1.5,3,4,0,0,4,1.732050808,3,1,1,2
412,08/10/2022 15:14,08/10/2022 15:18,0,100,251,1,08/10/2022 15:18,NA,NA,NA,NA,51.0675,-0.362,anonymous,EN,1,1,18,Woman,1,31.682,123.713,124.746,16,3,2,0,4,0,0,4,2,0,4,0,1,2,1,-2,0,2,2,2,NA,NA,NA,NA,NA,NA,NA,NA,NA,NA,NA,NA,NA,NA,NA,NA,NA,NA
413,03/11/2022 09:25,03/11/2022 09:27,0,100,124,1,03/11/2022 09:27,NA,NA,NA,NA,50.8612,-0.1194,anonymous,EN,1,1,19,Man,1,14.286,51.768,53.814,11,0,0,0,0,0,0,0,0,0,0,0,0,-1,-2,-2,-2,-2,-2,-2,NA,345,19,Man,2,3,0,0,4,5,0,0,3,0,5,0,0,0
414,13/10/2022 07:45,13/10/2022 08:01,0,100,914,1,13/10/2022 08:01,NA,NA,NA,NA,50.8345,-0.186,anonymous,EN,1,1,22,Woman,1,14.33,622.439,623.225,14,4,3,1,4,0,2,0,0,0,0,2,1,-1,1,1,1,0,1,1,NA,653,21,Woman,5,4,0,2.5,0,0,5,0,2,0,5,0,2,3
415,17/10/2022 02:53,17/10/2022 03:00,0,100,431,1,17/10/2022 03:00,NA,NA,NA,NA,51.1147,-0.184,anonymous,EN,1,1,19,Woman,1,9.002,171.254,173.064,26,0,0,0,1,0,0,2,2,0,3,1,-1,2,1,-1,0,-1,0,0,NA,144,19,Woman,3,4,3,2.5,4,3,0,0,2,0,0,4,2,3
416,25/10/2022 16:01,25/10/2022 16:02,0,100,95,1,25/10/2022 16:02,NA,NA,NA,NA,50.8345,-0.186,anonymous,EN,1,1,19,Woman,1,5.769,32.461,33.7,11,1,2,0,1,0,0,0,0,0,0,0,-2,1,-1,-2,-1,-1,-2,-2,NA,479,18,Woman,4,1,0,1.5,2,2,0,0,0,0,4,0,3,0
417,11/11/2022 06:41,11/11/2022 06:43,0,100,126,1,11/11/2022 06:43,NA,NA,NA,NA,50.8612,-0.1194,anonymous,EN,1,1,20,Another,1,1.001,63.506,63.585,43,0,0,0,4,2,3,0,0,0,0,0,-2,-2,-2,-2,0,-2,-2,-2,NA,630,19,Woman,5,5,0,2,1,0,0,0,3,0,0,0,1,3
418,02/10/2022 08:14,02/10/2022 08:19,0,100,280,1,02/10/2022 08:19,NA,NA,NA,NA,50.8612,-0.1194,anonymous,EN,1,1,18,Woman,1,21.986,135.879,137.026,27,3,5,0,1,0,0,3,0,0,1,1,-1,0,-1,-1,1,0,0,1,NA,222,18,Woman,5,5,2,2.5,2,1,4,0,3,3.16227766,5,2,0,5
419,29/11/2022 12:40,29/11/2022 12:42,0,100,85,1,29/11/2022 12:42,NA,NA,NA,NA,50.8429,-0.1158,anonymous,EN,1,1,20,Woman,1,5.117,33.46,34.79,11,1,0,2,0,1,0,3,0,0,1,0,0,-1,-1,1,1,1,1,0,NA,NA,NA,NA,NA,NA,NA,NA,NA,NA,NA,NA,NA,NA,NA,NA,NA,NA
420,21/09/2022 08:55,21/09/2022 08:59,0,100,239,1,21/09/2022 08:59,NA,NA,NA,NA,50.8612,-0.1194,anonymous,EN,1,1,19,Prefer not to say,1,13.975,168.064,168.981,13,0,0,0,4,1,3,1,0,0,0,0,0,0,0,1,0,0,0,0,NA,806,18,Non-binary,0,4,0,0,1,0,0,0,2,0,2,0,0,0
421,24/11/2022 09:26,24/11/2022 09:27,0,100,55,1,24/11/2022 09:27,NA,NA,NA,NA,50.8612,-0.1194,anonymous,EN,1,1,18,Woman,1,0.961,26.515,27.291,21,4,3,3,4,1,2,2,1,0,0,2,0,1,-1,2,0,-1,1,1,NA,281,18,Woman,5,4,0,0.5,5,1,0,0,2,2.828427125,2,4,0,1
422,26/09/2022 07:33,26/09/2022 07:35,0,100,151,1,26/09/2022 07:35,NA,NA,NA,NA,51.5967,-0.1593,anonymous,EN,1,1,19,Woman,1,19.744,74.426,75.121,11,0,0,1,2,0,0,1,0,0,0,0,1,1,0,0,1,0,1,2,NA,813,18,Woman,3,4,4,2,4,3,0,0,1,3,3,3,2,2
423,01/12/2022 12:08,01/12/2022 12:11,0,100,201,1,01/12/2022 12:11,NA,NA,NA,NA,50.8612,-0.1194,anonymous,EN,1,1,20,Woman,1,14.611,111.081,113.289,16,3,3,1,1,1,1,3,1,1,0,3,1,1,2,1,0,1,2,2,NA,157,19,Woman,3,5,3,3.5,4,4,0,0,2,2.828427125,2,4,3,4
424,18/10/2022 10:35,18/10/2022 10:40,0,100,300,1,18/10/2022 10:40,NA,NA,NA,NA,50.8429,-0.1158,anonymous,EN,1,1,19,Man,1,34.357,147.684,152.866,14,2,3,0,0,0,0,3,3,0,3,2,-2,0,-2,-2,0,-1,1,0,NA,880,18,Man,3,4,2,1,4,4,1,0,2,0,0,3,1,1
425,09/11/2022 14:16,09/11/2022 14:23,0,100,406,1,09/11/2022 14:23,NA,NA,NA,NA,50.8612,-0.1194,anonymous,EN,1,1,19,Woman,1,27.309,213.013,215.64,11,0,0,0,1,1,0,3,0,1,0,0,-1,-1,0,-2,1,0,1,1,NA,798,18,Woman,5,4,3,2,4,2,0,0,2,0,5,0,2,2
426,04/11/2022 09:24,04/11/2022 09:27,0,100,187,1,04/11/2022 09:27,NA,NA,NA,NA,50.8612,-0.1194,anonymous,EN,1,1,20,Woman,1,17.944,62.878,63.778,11,1,1,0,4,3,3,3,3,2,2,2,0,0,0,1,1,-2,0,-1,NA,441,20,Woman,3,3,4,0,3,3,0,0,2,0,0,1,0,0
427,03/10/2022 13:01,03/10/2022 13:04,0,100,144,1,03/10/2022 13:04,NA,NA,NA,NA,50.8612,-0.1194,anonymous,EN,1,1,18,Man,1,15.461,58.061,60.148,12,0,0,0,3,0,0,0,0,0,0,0,0,0,0,0,0,1,1,1,NA,70,18,Other/prefer not to say,5,3,3,2.5,0,0,0,0,2,0,5,0,0,5
428,04/11/2022 08:34,04/11/2022 08:37,0,100,194,1,04/11/2022 08:37,NA,NA,NA,NA,51.5212,-0.2197,anonymous,EN,1,1,20,Man,1,4.459,79.847,80.568,64,0,0,2,0,0,0,1,1,0,0,0,-2,-2,-2,-2,-2,-2,-2,-2,NA,213,20,Man,5,4,0,0,1,4,0,0,0,0,0,0,0,0
429,30/10/2022 06:00,30/10/2022 06:04,0,100,190,1,30/10/2022 06:04,NA,NA,NA,NA,50.8612,-0.1194,anonymous,EN,1,1,56,Man,1,18.463,73.971,76.637,11,0,0,0,0,0,0,0,0,0,0,0,-2,-2,-2,-2,-2,-2,-2,-2,NA,NA,NA,NA,NA,NA,NA,NA,NA,NA,NA,NA,NA,NA,NA,NA,NA,NA
430,25/09/2022 09:42,25/09/2022 09:44,0,100,129,1,25/09/2022 09:44,NA,NA,NA,NA,50.8345,-0.186,anonymous,EN,1,1,20,Woman,1,12.555,62.025,63.697,12,0,0,0,0,0,0,3,0,0,0,0,-1,1,-2,-2,2,-2,1,2,NA,NA,NA,NA,NA,NA,NA,NA,NA,NA,NA,NA,NA,NA,NA,NA,NA,NA
431,15/11/2022 08:08,15/11/2022 08:10,0,100,134,1,15/11/2022 08:10,NA,NA,NA,NA,50.8612,-0.1194,anonymous,EN,1,1,19,Man,1,10.183,64.749,65.919,17,0,0,0,1,1,0,3,0,0,0,2,0,1,-1,-2,1,2,2,-1,NA,435,19,Man,4,3,0,1,3,2,0,0,1,0,2,0,1,1
432,02/10/2022 03:19,02/10/2022 03:26,0,100,438,1,02/10/2022 03:26,NA,NA,NA,NA,51.4536,-0.4233,anonymous,EN,1,1,49,Man,1,33.144,194.325,195.303,15,0,0,0,0,0,0,0,0,0,0,2,-1,-1,0,-1,-2,-1,0,-1,NA,162,49,Man,2,0,2,0,1,2,0,0,0,0,0,0,0,0
433,04/10/2022 06:35,04/10/2022 06:40,0,100,259,1,04/10/2022 06:40,NA,NA,NA,NA,50.8612,-0.1194,anonymous,EN,1,1,19,Woman,1,26.307,136.601,138.284,14,1,2,1,3,3,3,4,2,1,3,0,1,1,0,1,0,1,2,1,NA,286,19,Woman,5,5,1,0.5,4,2,1,0,2,2.449489743,2,3,1,0
434,11/10/2022 02:54,11/10/2022 02:56,0,100,144,1,11/10/2022 02:56,NA,NA,NA,NA,50.8612,-0.1194,anonymous,EN,1,1,19,Woman,1,10.308,61.295,62.39,12,5,0,2,4,4,4,4,4,4,4,4,2,2,2,0,2,2,2,2,NA,39,19,Woman,4,5,0,4,5,4,1,0,4,1,1,1,5,3
435,29/09/2022 05:34,29/09/2022 05:37,0,100,210,1,29/09/2022 05:37,NA,NA,NA,NA,50.8612,-0.1194,anonymous,EN,1,1,18,Man,1,15.014,55.041,57.627,11,0,0,0,0,0,0,0,0,0,0,0,-1,1,0,0,0,1,-1,-1,NA,83,18,Man,5,5,0,0,4,3,1,0,0,0,5,0,0,0
436,01/10/2022 10:54,01/10/2022 10:58,0,100,252,1,01/10/2022 10:58,NA,NA,NA,NA,50.8612,-0.1194,anonymous,EN,1,1,18,Woman,1,9.067,114.789,115.219,28,0,0,0,0,0,0,0,0,0,0,0,-1,0,-1,-2,0,-1,-1,-1,NA,92,18,Woman,3,1,4,0,1,1,0,0,0,0,2,0,0,0
437,06/12/2022 20:07,06/12/2022 20:09,0,100,116,1,06/12/2022 20:09,NA,NA,NA,NA,50.8429,-0.1158,anonymous,EN,1,1,20,Woman,1,19.277,61.284,62.182,18,3,3,1,1,0,0,3,0,0,0,1,-1,-2,2,-2,2,2,1,2,NA,459,19,Woman,3,4,0,1,3,1,0,0,1,0,0,5,1,1
438,11/10/2022 07:15,11/10/2022 07:18,0,100,171,1,11/10/2022 07:18,NA,NA,NA,NA,50.8612,-0.1194,anonymous,EN,1,1,18,Woman,1,21.683,96.678,97.502,14,1,3,1,4,4,2,4,4,2,0,1,2,2,2,1,2,2,2,2,NA,46,18,Woman,5,4,0,0.5,4,1,0,0,1,1.732050808,3,1,1,0
439,31/10/2022 08:13,31/10/2022 08:16,0,100,189,1,31/10/2022 08:16,NA,NA,NA,NA,50.8612,-0.1194,anonymous,EN,1,1,19,Woman,1,13.474,85.753,87.379,12,0,0,0,0,0,0,0,1,0,0,0,0,1,0,0,-2,0,1,-2,NA,342,19,Woman,3,3,0,2,3,1,0,0,1,0,0,1,1,3
440,05/10/2022 09:17,05/10/2022 09:19,0,100,119,1,05/10/2022 09:19,NA,NA,NA,NA,50.8435,-0.2166,anonymous,EN,1,1,20,Woman,1,0.979,57.437,58.034,39,0,0,0,1,0,0,2,0,0,0,2,-2,-2,0,-2,2,2,2,2,NA,166,20,Woman,0,5,2,3,3,0,1,1,0,0,1,0,3,3
441,11/11/2022 04:28,11/11/2022 04:30,0,100,131,1,11/11/2022 04:30,NA,NA,NA,NA,51.3997,-0.2515,anonymous,EN,1,1,22,Woman,1,7.431,61.31,62.06,11,0,0,0,0,0,0,1,0,0,0,0,1,0,0,1,1,0,1,1,NA,NA,NA,NA,NA,NA,NA,NA,NA,NA,NA,NA,NA,NA,NA,NA,NA,NA
442,13/10/2022 07:11,14/10/2022 06:22,0,100,83439,1,14/10/2022 06:22,NA,NA,NA,NA,51.1488,-0.7177,anonymous,EN,1,1,19,Woman,1,23.808,99.153,100.041,18,0,1,1,3,1,1,5,3,2,0,2,-1,1,2,-2,0,1,2,2,NA,846,18,Woman,3,3,0,1,2,2,0,0,0,0,4,0,1,1
443,16/11/2022 09:53,16/11/2022 09:56,0,100,155,1,16/11/2022 09:56,NA,NA,NA,NA,50.8612,-0.1194,anonymous,EN,1,1,18,Prefer not to say,1,15.41,80.257,82.802,11,1,1,2,3,0,1,5,1,0,0,3,1,2,2,2,2,2,2,2,NA,41,18,Other/prefer not to say,4,5,0,2.5,1,1,0,0,0,0,4,0,1,4
444,13/11/2022 06:46,13/11/2022 06:48,0,100,143,1,13/11/2022 06:48,NA,NA,NA,NA,50.8612,-0.1194,anonymous,EN,1,1,18,Another,1,13.059,60.204,60.757,12,0,0,0,1,0,1,0,0,0,0,0,-2,-1,-1,-1,-2,-2,-2,-1,NA,359,18,Other/prefer not to say,4,4,0,0,1,1,0,0,1,0,5,0,0,0
445,16/10/2022 08:10,16/10/2022 08:11,0,100,95,1,16/10/2022 08:12,NA,NA,NA,NA,50.8612,-0.1194,anonymous,EN,1,1,19,Woman,1,14.407,41.079,42.301,10,0,0,0,0,0,0,0,0,0,0,0,-2,-2,-1,-2,-1,-1,-1,-1,NA,790,18,Woman,5,5,0,1,4,4,0,0,1,0,0,3,1,1
446,05/10/2022 04:07,05/10/2022 04:09,0,100,138,1,05/10/2022 04:09,NA,NA,NA,NA,50.8345,-0.186,anonymous,EN,1,1,20,Woman,1,17.471,73.809,75.074,12,0,0,1,0,0,0,0,0,1,0,0,0,-2,-2,-1,-2,1,0,-1,NA,691,20,Woman,4,4,0,2.5,4,2,0,0,3,0,0,5,3,2
447,01/10/2022 10:55,01/10/2022 11:00,0,100,300,1,01/10/2022 11:00,NA,NA,NA,NA,50.8612,-0.1194,anonymous,EN,1,1,19,Woman,1,11.886,135.008,137.001,14,0,0,0,3,1,0,0,0,0,0,0,-2,-2,-2,-2,0,-2,-2,-2,NA,NA,NA,NA,NA,NA,NA,NA,NA,NA,NA,NA,NA,NA,NA,NA,NA,NA
448,01/10/2022 10:51,01/10/2022 10:53,0,100,153,1,01/10/2022 10:53,NA,NA,NA,NA,51.0595,0.2588,anonymous,EN,1,1,18,Woman,1,2.821,76.987,78.249,32,1,2,0,2,2,0,5,2,4,0,0,1,0,1,1,0,2,1,1,NA,100,18,Woman,3,4,0,0.5,2,3,0,0,1,0,5,0,0,1
449,27/11/2022 08:05,27/11/2022 08:08,0,100,156,1,27/11/2022 08:08,NA,NA,NA,NA,50.8612,-0.1194,anonymous,EN,1,1,18,Woman,1,19.14,80.665,82.029,34,2,2,0,2,3,0,1,0,0,0,0,1,1,1,0,1,1,2,1,NA,382,18,Woman,1,3,0,1,2,1,0,0,2,2,2,2,1,1
450,02/10/2022 12:02,02/10/2022 12:03,0,5,5,0,09/10/2022 12:03,NA,NA,NA,NA,NA,NA,anonymous,EN,NA,NA,NA,NA,NA,NA,NA,NA,NA,NA,NA,NA,NA,NA,NA,NA,NA,NA,NA,NA,NA,NA,NA,NA,NA,NA,NA,NA,NA,753,19,Woman,1,1,2,0,1,0,0,0,0,0,1,0,0,0
451,25/11/2022 10:58,25/11/2022 11:02,0,100,199,1,25/11/2022 11:02,NA,NA,NA,NA,52.085,-0.2683,anonymous,EN,1,1,18,Woman,1,9.298,104.939,105.983,23,1,0,1,2,1,0,2,1,1,0,1,1,2,-1,-1,0,0,2,1,NA,256,18,Woman,5,4,0,0,1,3,0,0,3,2,2,2,0,0
452,04/10/2022 02:58,04/10/2022 03:01,0,100,190,1,04/10/2022 03:01,NA,NA,NA,NA,50.8612,-0.1194,anonymous,EN,1,1,18,Woman,1,6.25,107.488,108.428,28,1,2,4,5,4,3,4,2,0,3,1,0,1,1,-1,0,2,0,0,NA,131,18,Woman,4,5,3,3,4,1,0,0,5,0,5,0,2,4
453,05/12/2022 09:33,05/12/2022 09:36,0,100,147,1,05/12/2022 09:36,NA,NA,NA,NA,50.8612,-0.1194,anonymous,EN,1,1,20,Woman,1,19.488,66.275,68.057,12,0,0,0,3,3,3,0,0,0,0,0,-2,-2,-2,-1,-2,-2,-2,-2,NA,850,19,Woman,2,1,3,0,3,3,0,0,3,0,0,2,0,0
454,08/10/2022 09:58,08/10/2022 10:03,0,100,288,1,08/10/2022 10:03,NA,NA,NA,NA,51.532,0.0884,anonymous,EN,1,1,19,Woman,1,5.745,151.75,153.321,46,0,1,2,0,0,0,4,1,0,0,4,0,2,1,-1,1,0,2,1,NA,309,19,Woman,3,4,0,0.5,3,2,3,0,0,0,0,5,1,0
455,10/10/2022 10:23,10/10/2022 10:26,0,100,173,1,10/10/2022 10:26,NA,NA,NA,NA,50.8612,-0.1194,anonymous,EN,1,1,18,Woman,1,8.175,90.884,91.614,45,0,0,0,2,1,3,1,1,0,1,0,0,1,1,-1,1,2,1,0,NA,354,18,Woman,4,3,1,0.5,4,2,0,0,3,0,0,3,1,0
456,01/12/2022 05:47,01/12/2022 05:49,0,100,155,1,01/12/2022 05:49,NA,NA,NA,NA,50.8612,-0.1194,anonymous,EN,1,1,18,Woman,1,13.445,70.88,71.507,36,0,0,0,2,0,0,0,0,0,0,0,1,0,0,1,0,1,0,0,NA,311,18,Woman,4,2,4,3.5,4,5,0,0,2,0,0,0,4,3
457,30/11/2022 06:25,30/11/2022 06:28,0,100,174,1,30/11/2022 06:28,NA,NA,NA,NA,50.8345,-0.186,anonymous,EN,1,1,19,Man,1,25.025,77.132,78.782,11,0,0,0,0,0,0,0,0,0,0,0,1,-2,-1,-2,1,-2,-2,-2,NA,617,18,Man,1,1,0,2,0,0,0,0,0,0,2,0,2,2
458,21/10/2022 19:32,21/10/2022 19:35,0,100,201,1,21/10/2022 19:35,NA,NA,NA,NA,50.8612,-0.1194,anonymous,EN,1,1,20,Prefer not to say,1,12.484,94.065,94.782,40,0,0,1,2,1,0,4,2,2,0,1,-2,0,-1,-2,1,0,-1,-2,NA,74,20,Other/prefer not to say,4,2,3,3.5,5,3,1,0,3,0,0,5,3,4
459,10/10/2022 06:34,10/10/2022 06:37,0,100,161,1,10/10/2022 06:37,NA,NA,NA,NA,50.8612,-0.1194,anonymous,EN,1,1,18,Woman,1,16.835,99.063,100.541,14,3,1,2,4,1,3,4,1,3,2,2,1,1,0,2,1,2,2,-1,NA,248,18,Woman,3,3,4,5,5,2,0,0,4,1.732050808,3,1,5,5
460,13/11/2022 07:55,13/11/2022 07:58,0,100,169,1,13/11/2022 07:58,NA,NA,NA,NA,50.8612,-0.1194,anonymous,EN,1,1,18,Another,1,8.253,97.019,98.078,18,0,0,2,1,0,1,4,0,0,1,0,-2,-2,-2,-2,1,1,1,1,NA,254,18,Non-binary,3,2,4,1,2,2,2,0,2,0,0,5,1,1
461,04/10/2022 03:37,04/10/2022 03:38,0,27,14,0,11/10/2022 04:03,NA,NA,NA,NA,NA,NA,anonymous,EN,1,1,19,Woman,1,NA,NA,NA,NA,NA,NA,NA,NA,NA,NA,NA,NA,NA,NA,NA,NA,NA,NA,NA,NA,NA,NA,NA,NA,NA,NA,NA,NA,NA,NA,NA,NA,NA,NA,NA,NA,NA,NA,NA,NA,NA
462,12/10/2022 02:49,12/10/2022 02:51,0,100,102,1,12/10/2022 02:51,NA,NA,NA,NA,50.8612,-0.1194,anonymous,EN,1,1,19,Woman,1,12.997,32.865,33.486,12,0,0,0,0,0,0,0,0,0,0,0,-2,-2,-2,-2,0,0,0,-2,NA,NA,NA,NA,NA,NA,NA,NA,NA,NA,NA,NA,NA,NA,NA,NA,NA,NA
463,06/10/2022 11:36,06/10/2022 11:39,0,100,212,1,06/10/2022 11:39,NA,NA,NA,NA,50.8612,-0.1194,anonymous,EN,1,1,19,Woman,1,16.077,119.425,130.72,12,0,0,0,3,0,0,0,0,0,0,0,-1,0,-1,-2,0,0,1,-1,NA,189,19,Woman,3,5,2,2,5,4,0,0,3,2.236067977,5,1,2,2
464,15/11/2022 16:51,15/11/2022 16:53,0,100,133,1,15/11/2022 16:53,NA,NA,NA,NA,50.8612,-0.1194,anonymous,EN,1,1,18,Woman,1,13.974,63.418,64.548,11,2,1,0,1,1,1,2,1,2,1,0,-1,1,1,-2,1,-2,1,1,NA,128,18,Woman,4,2,1,2,4,1,0,0,2,0,3,0,3,1
465,06/10/2022 10:01,06/10/2022 10:04,0,100,193,1,06/10/2022 10:04,NA,NA,NA,NA,50.8612,-0.1194,anonymous,EN,1,1,18,Woman,1,7.329,77.866,78.974,11,0,0,0,0,0,0,3,1,1,0,0,0,0,1,-1,2,0,1,1,NA,106,18,Woman,3,1,0,1.5,3,4,0,0,1,1.732050808,3,1,2,1
466,16/10/2022 17:19,16/10/2022 17:23,0,100,201,1,16/10/2022 17:23,NA,NA,NA,NA,50.8429,-0.1158,anonymous,EN,1,1,20,Woman,1,45.608,119.204,128.607,11,0,0,0,3,1,0,0,0,1,0,0,-2,-2,-2,-2,-2,-2,-2,-2,NA,835,19,Woman,2,2,2,2.5,2,1,0,0,0,0,3,0,3,2
467,29/11/2022 05:22,29/11/2022 05:26,0,100,244,1,29/11/2022 05:26,NA,NA,NA,NA,50.8612,-0.1194,anonymous,EN,1,1,19,Another,1,12.355,141.221,142.542,14,0,1,0,4,4,2,4,2,2,2,2,0,-1,1,-1,1,2,1,0,NA,823,18,Non-binary,4,3,2,3,4,2,1,0,1,0,0,4,2,4
468,12/10/2022 12:15,12/10/2022 12:25,0,100,570,1,12/10/2022 12:25,NA,NA,NA,NA,50.8612,-0.1194,anonymous,EN,1,1,18,Woman,1,15.263,158.949,160.467,29,0,0,0,2,1,0,3,1,1,0,0,1,2,1,0,2,2,2,2,NA,66,18,Woman,4,3,0,0,1,1,0,0,1,0,2,0,0,0
469,27/10/2022 18:18,27/10/2022 18:21,0,100,179,1,27/10/2022 18:21,NA,NA,NA,NA,50.8612,-0.1194,anonymous,EN,1,1,18,Woman,1,6.871,113.525,114.3,24,3,2,0,4,2,3,0,0,0,0,0,1,1,-1,1,-1,1,-1,-2,NA,113,18,Woman,5,3,3,3,4,2,1,0,2,1.414213562,2,1,4,2
470,20/09/2022 05:55,20/09/2022 06:00,0,100,293,1,20/09/2022 06:00,NA,NA,NA,NA,50.8345,-0.186,anonymous,EN,1,1,19,Woman,1,13.338,141.735,143.059,25,1,0,0,2,1,0,1,0,1,0,3,0,0,0,0,1,1,1,1,NA,898,18,Woman,2,4,0,3,3,2,0,0,3,0,0,4,4,2
471,04/10/2022 07:12,04/10/2022 07:15,0,100,139,1,04/10/2022 07:15,NA,NA,NA,NA,50.8612,-0.1194,anonymous,EN,1,1,19,Woman,1,18.923,75.806,77.035,12,1,1,4,4,4,4,3,3,3,2,2,1,1,0,0,1,0,1,1,NA,NA,NA,NA,NA,NA,NA,NA,NA,NA,NA,NA,NA,NA,NA,NA,NA,NA
472,05/10/2022 05:39,05/10/2022 05:44,0,100,288,1,05/10/2022 05:44,NA,NA,NA,NA,50.8612,-0.1194,anonymous,EN,1,1,18,Woman,1,60.28,191.422,192.652,15,2,2,2,3,3,2,4,0,0,0,4,1,1,2,2,2,1,2,2,NA,NA,NA,NA,NA,NA,NA,NA,NA,NA,NA,NA,NA,NA,NA,NA,NA,NA
473,06/11/2022 14:10,06/11/2022 14:13,0,100,171,1,06/11/2022 14:13,NA,NA,NA,NA,50.8612,-0.1194,anonymous,EN,1,1,19,Woman,1,2.598,101.472,102.147,36,0,0,3,2,0,2,5,2,1,0,3,1,1,0,-1,-2,2,2,2,NA,71,19,Woman,4,5,1,1,2,3,0,0,1,0,4,0,1,1
474,10/10/2022 06:22,10/10/2022 06:26,0,100,247,1,10/10/2022 06:26,NA,NA,NA,NA,51.6518,-0.1933,anonymous,EN,1,1,18,Woman,1,14.847,68.814,96.801,13,2,1,2,4,4,2,4,4,3,3,3,1,1,2,1,2,2,1,1,NA,126,18,Woman,4,2,3,3,3,4,0,1,2,4,4,4,3,3
475,12/10/2022 12:43,12/10/2022 12:52,0,100,584,1,12/10/2022 12:52,NA,NA,NA,NA,51.0675,-0.362,anonymous,EN,1,1,25,Woman,1,13.915,437.673,439.459,16,0,0,1,4,4,5,5,1,1,2,3,-1,0,-1,-1,2,1,1,1,NA,NA,NA,NA,NA,NA,NA,NA,NA,NA,NA,NA,NA,NA,NA,NA,NA,NA
476,25/09/2022 09:16,25/09/2022 09:20,0,100,223,1,25/09/2022 09:20,NA,NA,NA,NA,50.8612,-0.1194,anonymous,EN,1,1,19,Woman,1,18.084,143.712,147.362,12,3,1,1,4,4,3,5,3,2,3,1,2,2,0,1,2,0,1,1,NA,692,18,Woman,5,4,0,2.5,4,4,0,0,1,2.24,1,5,2,3
477,28/09/2022 12:03,28/09/2022 12:05,0,100,136,1,28/09/2022 12:05,NA,NA,NA,NA,50.8429,-0.1158,anonymous,EN,1,1,19,Man,1,5.282,66.185,67.022,19,0,0,0,2,0,0,0,0,0,0,0,-2,-2,-2,-2,0,-1,-2,-2,NA,NA,NA,NA,NA,NA,NA,NA,NA,NA,NA,NA,NA,NA,NA,NA,NA,NA
478,03/11/2022 09:41,03/11/2022 09:45,0,100,244,1,03/11/2022 09:45,NA,NA,NA,NA,50.8612,-0.1194,anonymous,EN,1,1,22,Man,1,13.073,104.752,106.121,24,1,1,0,0,0,0,0,0,0,2,0,-1,-1,-1,0,0,0,1,1,NA,797,21,Man,4,4,3,4.5,5,4,1,0,2,0,2,0,5,4
479,27/11/2022 17:57,27/11/2022 18:00,0,100,151,1,27/11/2022 18:00,NA,NA,NA,NA,50.8612,-0.1194,anonymous,EN,1,1,18,Woman,1,4.079,91.25,92.145,13,4,4,3,4,3,3,4,5,4,4,4,2,1,0,1,2,1,2,2,NA,52,18,Woman,5,4,1,1,5,4,0,0,2,0,5,0,0,2
480,NA,NA,NA,NA,NA,NA,NA,NA,NA,NA,NA,NA,NA,NA,NA,NA,NA,NA,NA,NA,NA,NA,NA,NA,NA,NA,NA,NA,NA,NA,NA,NA,NA,NA,NA,NA,NA,NA,NA,NA,NA,NA,NA,NA,535,26,Man,1,2,0,1,1,1,4,0,3,0,4,0,1,1
481,09/10/2022 06:22,09/10/2022 06:25,0,100,195,1,09/10/2022 06:25,NA,NA,NA,NA,50.8612,-0.1194,anonymous,EN,1,1,19,Woman,1,4.987,68.045,69.591,21,0,0,0,0,0,0,0,0,0,0,0,0,0,0,-2,-1,1,1,0,NA,873,18,Woman,4,1,3,2,2,2,1,0,3,2.45,3,2,1,3
482,15/11/2022 07:35,15/11/2022 07:37,0,100,134,1,15/11/2022 07:37,NA,NA,NA,NA,50.8612,-0.1194,anonymous,EN,1,1,21,Woman,1,9.022,74.463,75.475,22,0,0,1,3,3,1,2,1,0,0,4,-2,2,-2,-2,0,0,1,-1,NA,176,21,Woman,4,3,0,0,4,2,0,0,3,0,5,0,0,0
483,02/10/2022 12:30,02/10/2022 12:32,0,100,135,1,02/10/2022 12:32,NA,NA,NA,NA,50.8612,-0.1194,anonymous,EN,1,1,18,Woman,1,14.664,59.278,60.969,11,0,0,0,0,0,0,0,0,0,0,0,-1,0,-2,0,0,0,0,-2,NA,183,18,Woman,4,2,0,0,1,4,0,5,2,0,5,0,0,0
484,13/10/2022 08:04,13/10/2022 08:08,0,100,209,1,13/10/2022 08:08,NA,NA,NA,NA,50.8612,-0.1194,anonymous,EN,1,1,18,Woman,1,0.544,89.397,91.304,14,0,0,0,0,0,0,1,0,0,0,0,1,0,1,0,0,1,1,0,NA,97,18,Woman,4,3,1,2,5,3,2,0,1,0,5,0,3,1
485,01/10/2022 07:48,01/10/2022 07:51,0,100,169,1,01/10/2022 07:51,NA,NA,NA,NA,50.8612,-0.1194,anonymous,EN,1,1,18,Woman,1,11.005,57.585,59.601,11,2,2,3,5,3,5,4,2,1,1,3,0,0,0,0,0,1,1,1,NA,173,18,Woman,3,2,0,0,3,1,0,0,0,0,0,2,0,0
486,20/11/2022 15:39,20/11/2022 15:42,0,100,204,1,20/11/2022 15:42,NA,NA,NA,NA,50.8612,-0.1194,anonymous,EN,1,1,19,Woman,1,24.713,102.478,104.276,11,3,1,1,3,2,1,4,1,0,4,1,1,0,-1,-1,2,1,2,1,NA,265,19,Woman,4,5,1,1.5,3,3,0,0,2,3.16227766,5,2,2,1
487,26/10/2022 08:59,26/10/2022 09:02,0,100,228,1,26/10/2022 09:02,NA,NA,NA,NA,50.8612,-0.1194,anonymous,EN,1,1,21,Another,1,20.057,99.938,103.929,11,0,0,0,0,0,0,0,0,0,0,0,-1,2,1,-1,0,2,0,-2,NA,393,21,Non-binary,0,0,0,0.5,0,0,0,0,1,0,0,0,0,1
488,13/10/2022 07:52,13/10/2022 07:54,0,100,149,1,13/10/2022 07:54,NA,NA,NA,NA,50.8612,-0.1194,anonymous,EN,1,1,20,Woman,1,2.971,79.881,80.57,35,5,5,2,5,4,4,5,4,3,3,4,2,1,0,1,2,1,1,1,NA,726,19,Woman,4,4,3,1.5,4,4,0,0,2,0,1,0,2,1
489,28/10/2022 06:32,28/10/2022 06:36,0,100,242,1,28/10/2022 06:36,NA,NA,NA,NA,50.8612,-0.1194,anonymous,EN,1,1,19,Woman,1,14.476,80.691,82.398,12,0,1,1,3,1,1,0,0,0,0,1,0,-1,0,-2,0,0,-1,-1,NA,NA,NA,NA,NA,NA,NA,NA,NA,NA,NA,NA,NA,NA,NA,NA,NA,NA
490,24/10/2022 09:33,24/10/2022 09:35,0,100,121,1,24/10/2022 09:35,NA,NA,NA,NA,50.8612,-0.1194,anonymous,EN,1,1,18,Woman,1,8.746,45.378,46.43,11,0,0,0,0,0,0,0,0,0,0,0,-2,-1,-2,-2,-1,0,0,0,NA,15,18,Woman,4,3,2,3.5,5,3,0,0,0,0,0,5,3,4
491,10/10/2022 12:50,10/10/2022 12:53,0,100,174,1,10/10/2022 12:53,NA,NA,NA,NA,50.8429,-0.1158,anonymous,EN,1,1,18,Woman,1,13.598,102.013,102.762,13,3,1,3,5,5,3,5,1,3,2,0,-1,0,2,-1,2,-1,2,2,NA,104,18,Woman,5,2,0,0,5,2,0,0,0,2.236067977,5,1,0,0
492,08/12/2022 05:01,08/12/2022 05:05,0,100,215,1,08/12/2022 05:05,NA,NA,NA,NA,50.8429,-0.1158,anonymous,EN,1,1,20,Woman,1,28.239,101.852,102.649,22,0,0,0,2,1,2,0,0,0,0,0,0,0,-1,0,-1,-1,-1,-2,NA,564,19,Woman,1,0,0,0,0,0,3,0,2,0,5,0,0,0
493,01/10/2022 10:55,01/10/2022 10:58,0,100,182,1,01/10/2022 10:58,NA,NA,NA,NA,50.8612,-0.1194,anonymous,EN,1,1,18,Woman,1,4.846,85.043,86.23,42,0,0,0,2,0,0,2,0,0,0,0,0,1,0,-1,-1,1,0,-1,NA,184,18,Woman,4,0,0,0,1,0,0,0,0,1,1,1,0,0
494,01/10/2022 18:02,01/10/2022 18:05,0,100,150,1,01/10/2022 18:05,NA,NA,NA,NA,50.8612,-0.1194,anonymous,EN,1,1,19,Woman,1,14.684,79.292,80.406,13,0,0,2,5,5,5,3,0,0,1,5,0,0,-1,-2,-2,-1,-2,-1,NA,602,18,Woman,3,2,3,0,5,1,0,0,0,0,0,0,0,0
495,01/10/2022 10:24,01/10/2022 10:27,0,100,144,1,01/10/2022 10:27,NA,NA,NA,NA,50.8612,-0.1194,anonymous,EN,1,1,19,Woman,1,2.027,66.628,67.249,38,2,4,5,5,4,3,2,4,3,3,5,1,1,1,-1,1,2,1,1,NA,799,18,Woman,5,4,5,4,3,4,1,0,1,3.16,5,2,3,5
496,06/10/2022 06:02,06/10/2022 06:04,0,100,123,1,06/10/2022 06:04,NA,NA,NA,NA,50.8345,-0.186,anonymous,EN,1,1,21,Woman,1,0.913,50.652,51.601,13,1,1,1,1,1,1,1,1,1,1,1,0,0,-1,-2,0,0,1,1,NA,639,20,Woman,4,5,4,0.5,5,3,0,0,2,0,0,5,0,1
497,10/10/2022 14:40,10/10/2022 14:45,0,100,272,1,10/10/2022 14:45,NA,NA,NA,NA,50.8612,-0.1194,anonymous,EN,1,1,19,Woman,1,49.829,199.358,201.546,14,0,0,1,0,0,0,1,0,0,0,0,-1,0,-2,-2,1,1,1,0,NA,84,19,Woman,4,4,1,2,2,3,0,0,2,0,3,0,2,2
498,01/10/2022 10:12,01/10/2022 10:18,0,100,327,1,01/10/2022 10:18,NA,NA,NA,NA,50.8429,-0.1158,anonymous,EN,1,1,20,Woman,1,10.047,58.032,59.596,11,0,0,0,0,0,0,0,0,0,0,0,-2,-1,-2,-2,-2,-1,-1,-1,NA,705,19,Woman,4,4,0,0,2,0,0,0,1,3.46,4,3,0,0
499,01/10/2022 05:36,01/10/2022 06:02,0,100,1608,1,01/10/2022 06:02,NA,NA,NA,NA,50.8612,-0.1194,anonymous,EN,1,1,19,Woman,1,27.404,807.507,808.413,24,3,1,1,3,0,1,0,0,0,0,0,1,2,-2,-2,-2,-1,1,1,NA,68,19,Woman,4,1,1,1.5,1,1,0,0,1,0,0,5,1,2
500,24/10/2022 16:08,24/10/2022 16:10,0,100,111,1,24/10/2022 16:10,NA,NA,NA,NA,51.367,-0.8042,anonymous,EN,1,1,19,Woman,1,21.084,59.814,60.61,11,1,0,2,5,5,4,5,5,4,4,5,0,1,2,2,2,2,2,2,NA,NA,NA,NA,NA,NA,NA,NA,NA,NA,NA,NA,NA,NA,NA,NA,NA,NA
501,03/11/2022 08:04,03/11/2022 08:09,0,100,295,1,03/11/2022 08:09,NA,NA,NA,NA,50.8612,-0.1194,anonymous,EN,1,1,19,Another,1,16.489,130.914,132.484,22,0,0,0,4,3,0,4,5,5,3,3,-1,-1,1,-1,1,0,1,1,NA,295,19,Non-binary,4,5,0,2.5,1,2,0,0,0,0,5,0,1,4
502,26/10/2022 05:46,26/10/2022 05:47,0,100,116,1,26/10/2022 05:47,NA,NA,NA,NA,50.8612,-0.1194,anonymous,EN,1,1,19,Woman,1,10.006,54.201,55.766,11,0,0,0,0,0,0,2,0,0,0,0,1,0,0,0,0,1,1,1,NA,328,19,Woman,4,2,0,2,3,2,0,0,0,0,5,0,3,1
503,18/11/2022 11:29,18/11/2022 11:31,0,100,117,1,18/11/2022 11:31,NA,NA,NA,NA,50.8612,-0.1194,anonymous,EN,1,1,19,Woman,1,1.56,55.057,62.638,26,0,0,0,0,0,0,1,1,1,0,1,1,1,0,1,1,1,1,1,NA,143,19,Woman,4,4,2,3.5,2,4,0,0,4,3.464101615,3,4,4,3
504,03/10/2022 09:18,03/10/2022 09:22,0,100,217,1,03/10/2022 09:22,NA,NA,NA,NA,50.8612,-0.1194,anonymous,EN,1,1,18,Another,1,20.46,79.92,81.962,11,0,0,0,2,2,0,0,0,0,0,0,1,0,1,0,0,0,0,1,NA,390,18,Non-binary,3,4,1,0.5,2,1,0,0,3,0,5,0,0,1
505,11/11/2022 14:11,11/11/2022 14:13,0,100,118,1,11/11/2022 14:13,NA,NA,NA,NA,50.7883,0.2817,anonymous,EN,1,1,18,Woman,1,10.194,46.961,47.848,25,0,0,0,0,0,0,2,0,0,0,0,-2,-2,2,-2,2,0,2,2,NA,NA,NA,NA,NA,NA,NA,NA,NA,NA,NA,NA,NA,NA,NA,NA,NA,NA
506,25/10/2022 03:27,25/10/2022 03:30,0,100,181,1,25/10/2022 03:30,NA,NA,NA,NA,50.9583,-0.1342,anonymous,EN,1,1,23,Woman,1,16.354,91.411,93.04,13,0,0,0,1,2,0,4,4,4,3,5,1,2,1,1,1,1,2,1,NA,906,22,Woman,4,3,1,4,1,3,0,0,4,0,5,0,4,4
507,25/10/2022 03:27,25/10/2022 03:30,0,100,181,1,25/10/2022 03:30,NA,NA,NA,NA,50.9583,-0.1342,anonymous,EN,1,1,23,Woman,1,16.354,91.411,93.04,13,0,0,0,1,2,0,4,4,4,3,5,1,2,1,1,1,1,2,1,NA,427,23,Woman,4,1,0,4.5,3,2,0,0,1,0,1,0,4,5
508,05/11/2022 17:17,05/11/2022 17:21,0,100,251,1,05/11/2022 17:21,NA,NA,NA,NA,51.418,-0.1752,anonymous,EN,1,1,19,Woman,1,13.318,136.972,139.928,26,0,0,1,1,0,0,2,3,0,1,4,0,-1,0,1,1,0,2,1,NA,35,19,Woman,4,4,1,0.5,4,5,0,0,0,0,0,0,0,1
509,12/10/2022 12:49,12/10/2022 12:53,0,100,218,1,12/10/2022 12:53,NA,NA,NA,NA,50.8612,-0.1194,anonymous,EN,1,1,19,Man,1,13.496,120.914,122.04,13,0,0,0,3,2,4,0,1,0,0,0,1,0,-2,-1,0,-2,-2,-2,NA,298,19,Man,3,1,0,1.5,1,3,1,0,0,0,0,5,2,1
510,NA,NA,NA,NA,NA,NA,NA,NA,NA,NA,NA,NA,NA,NA,NA,NA,NA,NA,NA,NA,NA,NA,NA,NA,NA,NA,NA,NA,NA,NA,NA,NA,NA,NA,NA,NA,NA,NA,NA,NA,NA,NA,NA,NA,NA,NA,NA,NA,NA,NA,NA,NA,NA,NA,NA,NA,NA,NA,NA,NA,NA
511,03/10/2022 10:20,03/10/2022 10:25,0,100,318,1,03/10/2022 10:25,NA,NA,NA,NA,50.8612,-0.1194,anonymous,EN,1,1,18,Woman,1,23.105,177.224,179.811,14,0,1,2,1,1,0,0,0,0,0,0,-1,0,0,-2,-1,0,-1,-1,NA,72,18,Woman,3,2,0,0.5,2,0,0,0,2,0,5,0,0,1
512,27/11/2022 17:37,27/11/2022 17:40,0,91,149,0,04/12/2022 17:40,NA,NA,NA,NA,NA,NA,anonymous,EN,1,1,22,Woman,1,3.104,75.768,77.592,32,3,2,1,2,2,3,1,0,0,0,0,1,1,-1,-2,-2,0,1,0,NA,NA,NA,NA,NA,NA,NA,NA,NA,NA,NA,NA,NA,NA,NA,NA,NA,NA
513,20/10/2022 14:27,20/10/2022 14:30,0,100,217,1,20/10/2022 14:30,NA,NA,NA,NA,50.8612,-0.1194,anonymous,EN,1,1,18,Another,1,35.815,114.609,117.046,11,1,3,0,0,0,0,0,0,0,0,3,2,1,1,1,-1,-1,0,-2,NA,426,18,Other/prefer not to say,5,0,5,4,5,4,0,0,0,0,5,0,4,4
514,30/10/2022 07:08,30/10/2022 07:13,0,100,261,1,30/10/2022 07:13,NA,NA,NA,NA,51.0955,-0.5116,anonymous,EN,1,1,24,Woman,1,7.437,137.954,140.597,12,0,0,0,0,0,0,5,2,0,0,3,2,2,0,-2,2,0,1,1,NA,598,23,Woman,3,4,2,4,3,4,0,0,2,2.45,2,3,3,5
515,24/11/2022 14:16,24/11/2022 14:17,0,100,65,1,24/11/2022 14:17,NA,NA,NA,NA,51.4535,-2.5917,anonymous,EN,1,1,20,Woman,1,13.656,36.84,37.646,11,2,3,1,2,3,1,4,1,2,1,2,0,-1,0,-1,0,0,-1,-1,NA,352,20,Woman,4,1,4,1,0,2,0,0,0,0,0,4,2,0
516,19/10/2022 10:33,19/10/2022 10:38,0,100,263,1,19/10/2022 10:38,NA,NA,NA,NA,50.8612,-0.1194,anonymous,EN,1,1,18,Woman,1,39.036,127.204,128.102,12,1,2,0,4,2,4,2,0,0,0,0,-2,-1,-1,-2,-2,-2,0,-2,NA,175,18,Woman,5,3,2,1.5,2,1,1,0,0,0,1,0,2,1
517,25/10/2022 06:02,25/10/2022 06:06,0,100,209,1,25/10/2022 06:06,NA,NA,NA,NA,50.8612,-0.1194,anonymous,EN,1,1,19,Woman,1,8.868,91.634,93.062,11,0,0,0,3,1,2,2,0,0,1,0,-1,1,0,0,-1,-1,-2,-2,NA,190,19,Woman,5,4,3,1.5,3,3,1,0,3,0,4,0,2,1
518,01/10/2022 10:59,01/10/2022 11:01,0,100,136,1,01/10/2022 11:01,NA,NA,NA,NA,51.5158,-0.4234,anonymous,EN,1,1,19,Woman,1,14.543,70.027,71.221,15,3,3,2,4,4,5,3,2,1,1,1,1,-1,1,1,-1,-1,-1,-1,NA,285,19,Woman,4,4,3,2.5,3,3,3,2,2,0,0,5,3,2
519,22/11/2022 05:30,22/11/2022 05:31,0,100,42,1,22/11/2022 05:31,NA,NA,NA,NA,50.8429,-0.1158,anonymous,EN,1,1,20,Woman,1,1.967,15.494,16.024,12,1,2,1,0,1,0,1,0,1,0,1,-1,-1,-1,-2,-2,-1,-2,-2,NA,849,19,Woman,4,4,2,2.5,2,3,1,0,1,0,5,0,2,3
520,10/11/2022 03:45,10/11/2022 03:48,0,100,219,1,10/11/2022 03:48,NA,NA,NA,NA,50.8345,-0.186,anonymous,EN,1,1,38,Woman,1,16.983,122.306,123.667,23,0,3,2,0,4,1,5,0,0,0,1,1,-2,-1,-2,2,1,2,1,NA,322,38,Woman,2,0,0,5,1,0,0,0,1,0,0,3,5,5
521,03/11/2022 05:38,03/11/2022 05:40,0,100,161,1,03/11/2022 05:40,NA,NA,NA,NA,50.8612,-0.1194,anonymous,EN,1,1,19,Woman,1,12.566,77.888,79.192,13,0,1,0,2,0,0,0,0,1,1,0,-1,-1,-1,0,-1,-1,0,1,NA,142,19,Woman,4,3,0,2,2,4,0,0,4,3,3,3,1,3
522,03/10/2022 14:52,03/10/2022 14:55,0,100,181,1,03/10/2022 14:55,NA,NA,NA,NA,50.8612,-0.1194,anonymous,EN,1,1,19,Man,1,19.588,91.945,94.209,11,1,1,3,4,0,4,0,0,0,0,3,0,-1,-2,-2,0,0,-1,0,NA,367,20,Man,3,2,0,2,1,2,0,0,0,1,1,1,3,1
523,20/11/2022 11:14,20/11/2022 11:17,0,100,162,1,20/11/2022 11:17,NA,NA,NA,NA,54.3508,-6.6674,anonymous,EN,1,1,20,Man,1,18.685,68.782,70.958,13,0,0,0,0,0,0,0,0,0,0,0,0,-2,-2,-2,0,-2,0,0,NA,784,19,Man,5,3,2,3.5,1,3,2,0,0,3,3,3,4,3
524,NA,NA,NA,NA,NA,NA,NA,NA,NA,NA,NA,NA,NA,NA,NA,NA,NA,NA,NA,NA,NA,NA,NA,NA,NA,NA,NA,NA,NA,NA,NA,NA,NA,NA,NA,NA,NA,NA,NA,NA,NA,NA,NA,NA,809,19,Woman,4,3,3,4.5,4,2,2,0,3,2.24,5,1,4,5
525,18/10/2022 05:16,18/10/2022 05:18,0,100,113,1,18/10/2022 05:18,NA,NA,NA,NA,50.8612,-0.1194,anonymous,EN,1,1,19,Woman,1,8.886,52.739,54.228,12,1,1,3,2,3,2,3,4,3,2,2,0,1,1,2,1,1,0,0,NA,378,19,Non-binary,4,5,1,0,4,3,0,0,4,0,5,0,0,0
526,19/10/2022 03:44,19/10/2022 03:48,0,100,189,1,19/10/2022 03:48,NA,NA,NA,NA,53.4236,-2.3113,anonymous,EN,1,1,21,Another,1,19.21,97.468,98.179,16,4,4,2,5,4,5,5,0,1,3,3,NA,0,2,0,0,1,2,0,NA,437,21,Non-binary,4,5,0,3,3,0,0,0,0,0,0,5,2,4
527,08/10/2022 12:52,08/10/2022 13:00,0,100,478,1,08/10/2022 13:00,NA,NA,NA,NA,50.8345,-0.186,anonymous,EN,1,1,19,Woman,1,19.354,123.801,125.046,11,0,0,0,1,0,2,0,0,1,0,0,-1,1,-1,-1,-1,1,-1,-1,NA,899,18,Woman,4,4,1,0,4,2,0,0,1,0,5,0,0,0
528,09/11/2022 07:30,09/11/2022 07:36,0,100,336,1,09/11/2022 07:36,NA,NA,NA,NA,50.8612,-0.1194,anonymous,EN,1,1,19,Woman,1,26.995,214.197,215.05,20,2,2,3,5,5,3,3,3,2,3,3,0,0,1,0,1,1,0,0,NA,549,18,Woman,4,5,1,0,4,3,0,0,1,0,0,4,0,0
529,30/11/2022 09:34,30/11/2022 09:35,0,100,56,1,30/11/2022 09:35,NA,NA,NA,NA,50.8612,-0.1194,anonymous,EN,1,1,19,Woman,1,6.447,27.732,27.767,27,0,4,1,3,3,2,4,3,3,3,3,-1,1,-1,2,2,-1,1,-1,NA,148,18,Woman,3,4,5,2,2,3,0,0,3,2.236067977,1,5,1,3
530,07/11/2022 13:25,07/11/2022 13:28,0,100,187,1,07/11/2022 13:28,NA,NA,NA,NA,51.7626,0.471,anonymous,EN,1,1,19,Woman,1,5.039,109.398,111.505,53,0,0,0,0,0,0,0,0,0,0,0,1,1,0,1,0,0,0,1,NA,NA,NA,NA,NA,NA,NA,NA,NA,NA,NA,NA,NA,NA,NA,NA,NA,NA
531,03/10/2022 08:30,03/10/2022 08:33,0,100,181,1,03/10/2022 08:33,NA,NA,NA,NA,50.8612,-0.1194,anonymous,EN,1,1,18,Woman,1,17.955,88.404,90.239,15,0,0,1,0,0,0,0,0,0,0,0,1,1,-1,1,1,1,0,1,NA,283,18,Woman,4,4,3,2,4,3,1,0,0,0,5,0,1,3
532,24/10/2022 07:20,24/10/2022 07:23,0,100,176,1,24/10/2022 07:23,NA,NA,NA,NA,50.8612,-0.1194,anonymous,EN,1,1,20,Woman,1,27.198,74.364,74.69,14,0,0,0,3,0,0,0,0,1,0,0,1,-1,-1,-1,-1,0,-1,-1,NA,571,19,Woman,3,2,0,0,3,1,0,0,3,0,0,5,0,0
533,26/09/2022 12:14,26/09/2022 12:20,0,100,376,1,26/09/2022 12:20,NA,NA,NA,NA,50.801,-0.4381,anonymous,EN,1,1,20,Another,1,15.484,217.308,221.451,31,2,2,1,3,3,3,4,5,5,4,4,1,1,1,1,1,0,1,1,NA,98,20,Non-binary,4,5,3,2.5,3,3,0,0,0,0,5,0,1,4
534,04/10/2022 15:58,04/10/2022 16:01,0,100,212,1,04/10/2022 16:01,NA,NA,NA,NA,50.8429,-0.1158,anonymous,EN,1,1,21,Woman,1,24.339,104.907,105.584,24,1,1,0,2,2,1,1,0,0,0,0,-2,0,-2,-2,-1,-1,-2,-2,NA,537,20,Woman,2,1,0,0.5,0,0,0,0,3,0,0,0,0,1
535,20/10/2022 09:13,20/10/2022 09:15,0,100,119,1,20/10/2022 09:15,NA,NA,NA,NA,50.8612,-0.1194,anonymous,EN,1,1,21,Woman,1,2.798,44.981,46.111,22,0,0,0,1,1,0,0,0,0,0,0,-1,-1,0,-1,-1,0,-2,-2,NA,628,20,Woman,4,5,0,2,4,5,0,0,1,2,1,4,1,3
536,03/10/2022 09:41,03/10/2022 09:43,0,100,139,1,03/10/2022 09:43,NA,NA,NA,NA,51.4964,-0.1224,anonymous,EN,1,1,18,Woman,1,2.16,55.926,56.726,31,0,0,0,3,0,0,4,0,3,0,0,0,0,1,0,-1,0,1,1,NA,110,19,Woman,4,4,0,0,3,5,0,0,0,1.414213562,2,1,0,0
537,09/10/2022 09:05,09/10/2022 09:07,0,100,82,1,09/10/2022 09:07,NA,NA,NA,NA,51.4402,-0.0259,anonymous,EN,1,1,18,Woman,1,19.562,39.726,40.79,11,3,3,3,3,3,3,3,3,3,3,3,1,1,1,1,1,1,1,1,NA,219,18,Woman,4,3,2,3,3,4,0,5,3,0,0,4,3,3
538,22/10/2022 11:56,22/10/2022 11:58,0,100,117,1,22/10/2022 11:58,NA,NA,NA,NA,52.9044,-1.2326,anonymous,EN,1,1,18,Woman,1,5.68,50.261,51.15,35,0,2,2,3,3,0,4,4,4,2,2,-1,-1,1,-2,1,-1,2,2,NA,82,18,Woman,2,1,0,3,5,2,0,0,0,0,2,0,3,3
539,16/10/2022 14:45,16/10/2022 14:48,0,100,161,1,16/10/2022 14:48,NA,NA,NA,NA,51.5689,0.008,anonymous,EN,1,1,19,Woman,1,9.998,98.348,100.325,15,3,3,3,4,5,4,5,3,3,5,2,1,2,2,1,2,1,2,2,NA,759,18,Woman,5,4,0,0.5,5,2,3,0,1,0,5,0,1,0
540,03/10/2022 13:19,03/10/2022 13:24,0,100,282,1,03/10/2022 13:24,NA,NA,NA,NA,50.8612,-0.1194,anonymous,EN,1,1,19,Woman,1,13.055,102.375,103.104,22,0,0,0,0,0,0,0,0,0,0,0,0,0,-1,-1,0,0,1,1,NA,363,19,Woman,2,2,0,3,3,1,0,0,2,2.828427125,4,2,4,2
541,23/11/2022 06:48,23/11/2022 06:50,0,100,164,1,23/11/2022 06:50,NA,NA,NA,NA,50.8345,-0.186,anonymous,EN,1,1,19,Woman,1,15.431,85.191,86.469,27,5,5,5,4,3,2,2,2,2,1,3,1,-1,-1,-2,-1,-2,1,1,NA,13,19,Woman,5,4,3,1.5,5,5,0,0,3,3.16227766,5,2,2,1
542,18/11/2022 08:24,18/11/2022 08:27,0,100,170,1,18/11/2022 08:27,NA,NA,NA,NA,50.8612,-0.1194,anonymous,EN,1,1,21,Woman,1,12.87,81.176,82.461,12,0,2,4,4,1,1,3,0,0,0,2,1,1,1,1,0,1,1,0,NA,NA,NA,NA,NA,NA,NA,NA,NA,NA,NA,NA,NA,NA,NA,NA,NA,NA
543,29/10/2022 14:12,29/10/2022 14:15,0,100,123,1,29/10/2022 14:15,NA,NA,NA,NA,50.8612,-0.1194,anonymous,EN,1,1,18,Woman,1,40.551,70.002,70.848,11,1,0,1,0,0,0,1,1,0,0,0,0,1,1,-1,0,0,0,1,NA,127,18,Woman,2,2,0,0.5,2,2,0,0,4,1.732050808,3,1,1,0
544,15/10/2022 18:48,15/10/2022 18:50,0,100,120,1,15/10/2022 18:50,NA,NA,NA,NA,50.8007,-1.0806,anonymous,EN,1,1,19,Woman,1,5.741,71.928,72.855,27,0,2,0,4,3,3,4,0,0,0,0,1,1,1,1,2,1,1,2,NA,18,19,Woman,4,3,2,1.5,4,4,0,0,2,5,5,5,1,2
545,02/11/2022 09:43,02/11/2022 09:44,0,100,84,1,02/11/2022 09:44,NA,NA,NA,NA,50.8429,-0.1158,anonymous,EN,1,1,20,Woman,1,8.726,34.391,35.49,13,0,0,0,0,0,0,0,0,0,0,0,-2,0,-2,-2,1,1,0,-2,NA,544,19,Woman,4,5,0,0.5,4,3,0,0,1,2.24,5,1,1,0
546,11/10/2022 09:25,11/10/2022 09:28,0,100,176,1,11/10/2022 09:28,NA,NA,NA,NA,50.8058,-0.3898,anonymous,EN,1,1,19,Woman,1,22.959,68.408,74.341,11,1,1,0,1,0,0,0,0,0,0,1,0,0,-1,-1,0,0,0,0,NA,682,18,Woman,3,2,2,2,3,3,0,0,1,0,5,0,1,3
547,18/10/2022 15:54,18/10/2022 15:59,0,100,303,1,18/10/2022 15:59,NA,NA,NA,NA,51.5164,-0.093,anonymous,EN,1,1,20,Woman,1,14.018,208.909,218.1,13,0,0,0,2,0,0,0,0,0,0,1,0,0,0,-1,0,0,1,0,NA,243,20,Woman,2,2,0,0,4,1,0,0,1,2.449489743,2,3,0,0
548,08/11/2022 07:42,09/11/2022 08:15,0,100,88350,1,09/11/2022 08:15,NA,NA,NA,NA,50.9478,-0.7468,anonymous,EN,1,1,20,Woman,1,20.023,105.299,106.703,11,0,0,0,2,3,0,0,0,0,0,3,-1,-1,1,-2,-2,-1,-1,-1,NA,NA,NA,NA,NA,NA,NA,NA,NA,NA,NA,NA,NA,NA,NA,NA,NA,NA
549,27/11/2022 10:49,27/11/2022 10:51,0,100,111,1,27/11/2022 10:51,NA,NA,NA,NA,51.6216,-0.055,anonymous,EN,1,1,19,Woman,1,3.207,50.077,51.144,34,0,0,1,3,0,0,0,0,0,0,0,0,-2,-1,-1,-1,0,1,0,NA,209,19,Woman,2,4,0,1,2,0,0,0,0,0,5,0,1,1
550,15/11/2022 12:28,15/11/2022 12:30,0,100,135,1,15/11/2022 12:30,NA,NA,NA,NA,50.8612,-0.1194,anonymous,EN,1,1,18,Woman,1,7.009,52.163,53.706,15,0,0,0,3,2,0,0,0,1,0,0,1,1,0,0,-1,0,0,1,NA,193,18,Woman,2,1,3,3,3,0,0,0,2,2.828427125,4,2,3,3
551,30/11/2022 05:31,30/11/2022 05:34,0,100,173,1,30/11/2022 05:34,NA,NA,NA,NA,50.8494,-1.1777,anonymous,EN,1,1,19,Woman,1,4.98,64.954,65.509,39,1,0,3,5,2,5,5,5,3,2,5,0,0,1,1,2,1,2,1,NA,329,19,Woman,5,5,0,0,5,5,0,0,0,0,5,0,0,0
552,28/11/2022 12:39,28/11/2022 12:43,0,100,232,1,28/11/2022 12:43,NA,NA,NA,NA,50.8612,-0.1194,anonymous,EN,1,1,19,Woman,1,15.952,132.35,133.197,15,1,4,1,4,0,2,3,0,0,0,0,1,1,-1,1,1,1,0,1,NA,196,19,Woman,5,4,1,1,5,0,0,0,0,0,5,0,1,1
553,18/10/2022 08:51,18/10/2022 08:53,0,100,91,1,18/10/2022 08:53,NA,NA,NA,NA,50.8612,-0.1194,anonymous,EN,1,1,19,Woman,1,15.892,47.509,48.547,12,3,2,2,2,2,1,1,0,0,0,0,-1,-1,-1,-1,-1,-1,-1,-1,NA,802,18,Woman,4,4,0,0,4,1,0,0,0,0,0,0,0,0
554,14/11/2022 03:29,14/11/2022 03:33,0,100,200,1,14/11/2022 03:33,NA,NA,NA,NA,50.8612,-0.1194,anonymous,EN,1,1,18,Woman,1,19.062,90.088,91.224,12,0,0,0,0,0,0,0,0,0,2,0,-1,-2,-1,-2,0,-2,1,2,NA,200,18,Woman,3,4,0,0.5,1,1,0,0,1,0,5,0,1,0
555,27/10/2022 15:08,27/10/2022 15:11,0,100,172,1,27/10/2022 15:11,NA,NA,NA,NA,50.8435,-0.2166,anonymous,EN,1,1,19,Woman,1,16.509,80.556,84.361,14,0,0,0,0,0,0,0,0,0,0,0,-1,2,0,-2,-1,-2,0,-1,NA,563,18,Woman,4,2,3,0,2,1,0,0,2,0,0,2,0,0
556,22/10/2022 13:00,22/10/2022 13:08,0,100,496,1,22/10/2022 13:08,NA,NA,NA,NA,50.8612,-0.1194,anonymous,EN,1,1,20,Woman,1,14.885,111.282,116.694,14,0,0,0,1,0,0,1,0,0,0,5,-2,-2,-2,-2,2,2,2,2,NA,819,19,Woman,2,0,0,1.5,3,1,0,0,0,0,0,0,1,2
557,03/10/2022 10:43,03/10/2022 10:45,0,100,149,1,03/10/2022 10:45,NA,NA,NA,NA,50.8612,-0.1194,anonymous,EN,1,1,19,Another,1,26.775,96.118,96.78,13,0,0,0,4,5,5,5,1,0,1,0,0,0,1,2,2,2,0,1,NA,736,19,Non-binary,3,5,0,3,4,1,0,2,3,0,0,1,4,2
558,NA,NA,NA,NA,NA,NA,NA,NA,NA,NA,NA,NA,NA,NA,NA,NA,NA,NA,NA,NA,NA,NA,NA,NA,NA,NA,NA,NA,NA,NA,NA,NA,NA,NA,NA,NA,NA,NA,NA,NA,NA,NA,NA,NA,NA,NA,NA,NA,NA,NA,NA,NA,NA,NA,NA,NA,NA,NA,NA,NA,NA
559,24/10/2022 11:17,24/10/2022 11:19,0,100,125,1,24/10/2022 11:19,NA,NA,NA,NA,50.8612,-0.1194,anonymous,EN,1,1,18,Woman,1,7.806,69.512,70.901,12,0,0,1,4,1,2,0,0,0,0,0,0,-1,-1,1,0,-1,-2,0,NA,181,18,Woman,4,3,1,0,3,2,2,0,1,0,5,0,0,0
560,03/11/2022 17:11,03/11/2022 17:14,0,100,159,1,03/11/2022 17:14,NA,NA,NA,NA,50.8612,-0.1194,anonymous,EN,1,1,19,Woman,1,14.689,74.054,77.427,13,0,0,2,3,1,0,0,0,0,2,4,-1,-2,-2,-1,2,-2,0,-2,NA,192,19,Woman,5,4,0,1,3,2,0,0,4,0,5,0,1,1
561,07/10/2022 05:33,07/10/2022 05:40,0,100,368,1,07/10/2022 05:40,NA,NA,NA,NA,50.8612,-0.1194,anonymous,EN,1,1,18,Woman,1,16.546,91.961,93.29,11,0,0,0,4,3,3,1,0,0,0,0,0,1,0,0,0,1,0,0,NA,93,18,Woman,2,3,1,0.5,2,2,0,0,1,2.449489743,2,3,0,1
562,27/09/2022 04:45,27/09/2022 04:46,0,100,75,1,27/09/2022 04:46,NA,NA,NA,NA,50.8429,-0.1158,anonymous,EN,1,1,20,Another,1,4.717,31.141,32.379,13,0,0,0,4,1,0,0,0,0,0,0,0,0,1,-1,1,-1,0,0,NA,804,19,Non-binary,4,3,0,0,5,2,0,0,1,0,5,0,0,0
563,30/10/2022 09:54,30/10/2022 09:57,0,100,189,1,30/10/2022 09:57,NA,NA,NA,NA,50.8612,-0.1194,anonymous,EN,1,1,18,Woman,1,15.677,104.908,105.655,12,0,0,0,1,0,0,0,0,0,0,0,2,1,1,1,0,1,1,1,NA,396,18,Woman,3,5,1,3.5,3,1,0,1,3,1.414213562,2,1,3,4
564,08/10/2022 15:08,08/10/2022 15:11,0,100,174,1,08/10/2022 15:11,NA,NA,NA,NA,50.8612,-0.1194,anonymous,EN,1,1,18,Woman,1,20.382,81.242,82.608,11,1,1,0,0,0,0,0,0,0,0,0,1,1,-1,-1,-1,-1,0,0,NA,310,18,Woman,4,4,3,2,4,3,0,0,3,0,0,3,1,3
565,03/10/2022 07:02,03/10/2022 07:05,0,100,173,1,03/10/2022 07:05,NA,NA,NA,NA,50.8429,-0.1158,anonymous,EN,1,1,20,Woman,1,19.163,93.144,94.63,12,0,0,0,2,0,0,1,0,0,0,0,0,0,0,-1,0,1,0,0,NA,756,19,Woman,1,1,0,0,1,1,0,0,0,0,0,0,0,0
566,26/09/2022 08:28,26/09/2022 08:30,0,100,159,1,26/09/2022 08:30,NA,NA,NA,NA,50.8345,-0.186,anonymous,EN,1,1,19,Another,1,15.448,74.281,76.003,17,1,3,3,5,5,5,3,0,0,3,3,0,0,2,0,1,1,-2,0,NA,475,18,Non-binary,5,4,2,3,3,2,0,0,1,0,5,0,2,4
567,19/11/2022 09:38,19/11/2022 09:42,0,100,226,1,19/11/2022 09:42,NA,NA,NA,NA,50.8612,-0.1194,anonymous,EN,1,1,18,Woman,1,13.561,130.8,131.815,28,0,0,0,0,0,0,2,0,0,0,3,0,0,0,-1,1,1,-1,1,NA,442,19,Woman,3,3,3,3,4,3,4,4,4,3,3,3,3,3
568,02/10/2022 08:54,02/10/2022 08:57,0,100,173,1,02/10/2022 08:57,NA,NA,NA,NA,50.8612,-0.1194,anonymous,EN,1,1,19,Woman,1,16.014,84.566,85.919,12,5,5,5,5,5,5,5,5,5,4,5,2,1,2,1,2,2,2,2,NA,391,19,Woman,2,0,0,0,0,0,0,0,0,0,0,0,0,0
569,20/10/2022 08:26,20/10/2022 08:39,0,100,791,1,20/10/2022 08:39,NA,NA,NA,NA,52.4422,-1.7241,anonymous,EN,1,1,48,Woman,1,32.278,654.099,655.894,13,3,3,5,3,4,5,3,0,0,2,4,0,0,2,2,2,2,2,2,NA,321,48,Woman,4,3,3,2,2,2,0,0,1,3,3,3,1,3
570,21/10/2022 08:11,21/10/2022 08:13,0,100,135,1,21/10/2022 08:13,NA,NA,NA,NA,51.4964,-0.1224,anonymous,EN,1,1,20,Man,1,11.596,59.411,60.1,11,2,2,3,4,1,3,3,3,3,2,1,1,2,1,1,2,1,1,1,NA,760,19,Man,4,3,5,3.5,4,3,2,0,4,0,1,0,3,4
571,10/11/2022 11:48,10/11/2022 11:56,0,100,435,1,10/11/2022 11:56,NA,NA,NA,NA,50.8612,-0.1194,anonymous,EN,1,1,18,Man,1,17.515,214.107,215.684,23,1,1,0,2,1,0,3,0,1,5,3,-1,-1,-1,-1,1,-1,1,0,NA,203,18,Man,3,4,4,1.5,1,1,1,0,0,0,0,2,0,3
572,13/11/2022 16:29,13/11/2022 16:33,0,100,217,1,13/11/2022 16:33,NA,NA,NA,NA,50.8612,-0.1194,anonymous,EN,1,1,18,Woman,1,24.178,128.066,129.191,10,0,1,0,2,1,0,3,0,1,1,1,1,1,-1,-2,-1,-1,1,1,NA,24,18,Woman,4,4,1,2,4,2,0,0,0,0,5,0,2,2
573,28/09/2022 03:39,28/09/2022 03:42,0,100,173,1,28/09/2022 03:42,NA,NA,NA,NA,50.8612,-0.1194,anonymous,EN,1,1,18,Woman,1,8.461,98.391,99.443,28,1,0,0,3,3,3,2,1,2,0,0,-1,1,1,1,2,1,1,2,NA,43,18,Woman,4,3,0,3,3,1,0,0,1,3.464101615,4,3,2,4
574,29/09/2022 04:40,29/09/2022 04:42,0,100,110,1,29/09/2022 04:42,NA,NA,NA,NA,50.8612,-0.1194,anonymous,EN,1,1,19,Woman,1,5.848,55.298,56.099,14,4,5,4,5,4,3,2,0,2,0,2,2,2,2,0,2,1,2,2,NA,125,19,Woman,5,4,1,1.5,3,2,0,0,4,0,5,0,3,0
575,24/10/2022 08:20,24/10/2022 08:23,0,100,139,1,24/10/2022 08:23,NA,NA,NA,NA,50.8612,-0.1194,anonymous,EN,1,1,19,Woman,1,13.24,81.273,82.063,15,0,0,2,3,2,0,4,1,0,1,3,1,2,1,0,2,2,2,2,NA,895,18,Woman,4,3,2,2.5,5,4,0,0,3,0,0,0,2,3
576,20/10/2022 12:49,20/10/2022 12:53,0,100,238,1,20/10/2022 12:53,NA,NA,NA,NA,50.8612,-0.1194,anonymous,EN,1,1,19,Woman,1,10.414,124.59,125.546,28,0,0,0,0,1,0,4,5,0,5,5,-1,-1,2,2,2,2,2,2,NA,894,18,Woman,3,2,1,2.5,4,2,0,0,3,0,0,0,3,2
577,18/10/2022 09:43,18/10/2022 09:45,0,100,135,1,18/10/2022 09:45,NA,NA,NA,NA,50.8612,-0.1194,anonymous,EN,1,1,21,Man,1,27.86,76.288,78.168,15,2,1,0,0,0,0,0,0,0,0,0,1,-1,0,0,1,-1,1,0,NA,529,20,Man,4,5,3,0.5,5,4,1,0,4,0,3,0,1,0
578,19/11/2022 15:54,19/11/2022 15:58,0,100,242,1,19/11/2022 15:58,NA,NA,NA,NA,50.8612,-0.1194,anonymous,EN,1,1,18,Woman,1,1.655,131.043,131.577,59,0,0,3,2,0,0,0,0,1,4,4,0,-1,0,-1,0,1,1,1,NA,335,18,Woman,5,5,0,0,1,2,0,0,0,0,0,1,0,0
579,25/10/2022 08:37,25/10/2022 08:42,0,100,293,1,25/10/2022 08:42,NA,NA,NA,NA,51.5161,0.0584,anonymous,EN,1,1,18,Woman,1,44.255,101.119,102.624,15,0,0,2,1,1,0,3,0,2,0,4,1,1,-1,-2,2,1,2,1,NA,NA,NA,NA,NA,NA,NA,NA,NA,NA,NA,NA,NA,NA,NA,NA,NA,NA
580,29/09/2022 09:58,29/09/2022 10:03,0,100,332,1,29/09/2022 10:03,NA,NA,NA,NA,50.8612,-0.1194,anonymous,EN,1,1,18,Woman,1,28.949,142.89,144.478,11,0,2,0,5,1,2,4,0,2,0,4,0,1,1,0,2,1,1,1,NA,400,18,Woman,4,5,1,0,5,4,2,0,3,0,5,0,0,0
581,16/10/2022 06:20,16/10/2022 06:22,0,100,100,1,16/10/2022 06:22,NA,NA,NA,NA,50.8612,-0.1194,anonymous,EN,1,1,19,Woman,1,9.05,42.777,43.755,11,0,0,0,3,2,1,0,0,0,0,0,-2,-2,-2,-2,-2,-2,-1,-1,NA,NA,NA,NA,NA,NA,NA,NA,NA,NA,NA,NA,NA,NA,NA,NA,NA,NA
582,02/10/2022 09:57,02/10/2022 10:01,0,100,225,1,02/10/2022 10:01,NA,NA,NA,NA,50.8429,-0.1158,anonymous,EN,1,1,19,Man,1,12.639,121.884,123.466,12,4,0,0,3,3,0,4,0,0,0,0,0,0,0,0,1,0,1,0,NA,765,18,Man,3,3,1,0,4,3,0,0,2,0,2,0,0,0
583,19/11/2022 11:12,19/11/2022 11:17,0,100,299,1,19/11/2022 11:17,NA,NA,NA,NA,50.8612,-0.1194,anonymous,EN,1,1,21,Woman,1,5.487,188.276,190.657,20,0,0,0,0,0,0,3,3,4,0,1,0,0,1,1,2,1,1,2,NA,466,20,Woman,4,3,5,2.5,3,1,0,1,4,0,0,4,2,3
584,01/10/2022 15:40,01/10/2022 15:44,0,100,247,1,01/10/2022 15:44,NA,NA,NA,NA,50.8429,-0.1158,anonymous,EN,1,1,20,Woman,1,10.178,119.239,120.389,42,0,0,2,3,0,0,3,0,0,0,4,0,1,0,0,1,0,2,0,NA,262,20,Woman,4,2,0,2.5,3,5,5,0,0,0,5,0,3,2
585,15/11/2022 09:16,15/11/2022 09:20,0,100,217,1,15/11/2022 09:20,NA,NA,NA,NA,50.8612,-0.1194,anonymous,EN,1,1,21,Woman,1,16.277,132.113,135.205,38,2,2,4,1,3,0,1,2,0,0,0,-1,-1,2,-1,-1,-2,1,-2,NA,NA,NA,NA,NA,NA,NA,NA,NA,NA,NA,NA,NA,NA,NA,NA,NA,NA
586,27/10/2022 16:43,27/10/2022 16:46,0,100,192,1,27/10/2022 16:46,NA,NA,NA,NA,50.8612,-0.1194,anonymous,EN,1,1,20,Woman,1,11.265,115.904,116.641,21,0,2,3,1,0,0,4,1,0,0,4,1,0,1,-2,-2,1,2,-1,NA,801,19,Woman,5,5,2,0.5,5,3,0,0,2,1.73,1,3,1,0
587,26/09/2022 07:54,26/09/2022 07:59,0,100,264,1,26/09/2022 07:59,NA,NA,NA,NA,50.8345,-0.186,anonymous,EN,1,1,20,Woman,1,13.628,163.91,167.907,21,1,1,0,3,2,0,1,0,2,0,1,-1,-1,-1,-1,1,0,1,-1,NA,572,19,Woman,2,3,2,3.5,3,2,0,0,3,3,3,3,3,4
588,01/10/2022 10:38,01/10/2022 10:41,0,100,139,1,01/10/2022 10:41,NA,NA,NA,NA,50.8612,-0.1194,anonymous,EN,1,1,18,Woman,1,16.921,73.619,75.086,11,0,0,1,4,2,1,3,0,0,1,0,0,1,1,1,2,1,2,1,NA,330,18,Woman,3,3,1,1.5,3,4,0,0,1,0,0,0,2,1
589,08/10/2022 10:13,08/10/2022 10:18,0,100,282,1,08/10/2022 10:18,NA,NA,NA,NA,50.8429,-0.1158,anonymous,EN,1,1,20,Woman,1,43.431,182.247,183.502,11,0,0,0,2,2,0,0,0,0,0,0,-2,-2,0,-1,-2,-2,-2,-2,NA,447,19,Woman,4,3,1,0,3,3,1,0,1,0,3,0,0,0
590,21/10/2022 07:56,21/10/2022 08:07,0,100,619,1,21/10/2022 08:07,NA,NA,NA,NA,50.8612,-0.1194,anonymous,EN,1,1,18,Woman,1,292.144,440.932,442.096,15,4,4,3,5,2,4,3,1,1,0,0,1,1,-1,-1,-1,0,-1,-1,NA,333,18,Woman,5,5,1,2,4,5,0,0,0,0,5,0,2,2
591,07/10/2022 03:53,07/10/2022 03:57,0,100,225,1,07/10/2022 03:57,NA,NA,NA,NA,50.8612,-0.1194,anonymous,EN,1,1,20,Woman,1,47.032,144.624,146.233,13,1,0,1,4,2,4,0,0,0,0,0,-2,-2,-2,-2,-1,-2,-2,-2,NA,641,19,Woman,5,5,3,4.5,5,4,3,0,0,0,0,0,5,4
592,08/11/2022 02:36,08/11/2022 02:40,0,100,224,1,08/11/2022 02:40,NA,NA,NA,NA,51.418,-0.1752,anonymous,EN,1,1,19,Woman,1,6.419,99.919,101.072,42,0,0,0,1,3,0,1,4,1,0,4,0,0,0,-2,1,0,2,1,NA,65,19,Woman,5,2,2,0.5,2,3,0,0,3,0,5,0,0,1
593,02/10/2022 08:34,02/10/2022 08:37,0,100,210,1,02/10/2022 08:37,NA,NA,NA,NA,50.7883,0.2817,anonymous,EN,1,1,31,Man,1,31.551,155.569,157.314,13,1,0,1,5,5,5,5,4,1,4,5,1,2,2,2,2,2,2,1,NA,346,31,Man,2,4,1,3.5,3,3,0,3,0,1.414213562,2,1,4,3
594,05/10/2022 09:35,05/10/2022 09:38,0,100,200,1,05/10/2022 09:38,NA,NA,NA,NA,50.8612,-0.1194,anonymous,EN,1,1,18,Woman,1,11.017,80.206,86.362,11,0,0,0,2,1,0,0,0,0,0,0,-1,1,0,-2,-1,1,-1,-1,NA,263,18,Woman,3,4,1,2,3,1,0,0,1,2.236067977,5,1,1,3
595,02/12/2022 12:59,02/12/2022 13:03,0,100,255,1,02/12/2022 13:03,NA,NA,NA,NA,50.8429,-0.1158,anonymous,EN,1,1,19,Woman,1,30.259,162.155,162.902,17,1,0,1,5,4,1,4,3,1,5,5,1,0,2,2,2,2,2,2,NA,731,18,Woman,5,4,1,0,4,2,0,0,0,0,5,0,0,0
596,27/09/2022 01:29,27/09/2022 01:32,0,100,171,1,27/09/2022 01:32,NA,NA,NA,NA,51.636,-0.1852,anonymous,EN,1,1,19,Woman,1,3.663,78.612,79.378,27,0,0,0,2,1,0,0,0,0,0,0,-1,-2,1,-2,-1,0,-2,-1,NA,710,18,Woman,4,4,2,3.5,4,3,0,0,2,0,5,0,3,4
597,18/11/2022 14:09,18/11/2022 14:11,0,100,151,1,18/11/2022 14:11,NA,NA,NA,NA,50.8345,-0.186,anonymous,EN,1,1,20,Woman,1,11.492,64.177,64.786,13,0,1,3,4,0,1,1,0,0,1,1,1,0,0,0,-1,-1,0,0,NA,601,19,Woman,2,2,0,1.5,2,3,0,0,3,1.41,1,2,2,1
598,28/11/2022 14:54,28/11/2022 14:59,0,100,271,1,28/11/2022 14:59,NA,NA,NA,NA,50.8429,-0.1158,anonymous,EN,1,1,19,Man,1,38.137,159.953,161.087,12,1,2,1,3,2,3,1,0,0,3,3,-1,-2,0,0,-1,-2,-2,0,NA,132,19,Man,4,4,0,0,2,1,0,0,0,0,0,2,0,0
599,04/10/2022 17:51,04/10/2022 17:54,0,100,176,1,04/10/2022 17:54,NA,NA,NA,NA,50.8612,-0.1194,anonymous,EN,1,1,18,Woman,1,20.379,99.281,109.538,13,4,3,4,5,0,3,1,0,0,0,0,2,1,2,0,2,1,2,2,NA,7,19,Woman,5,4,0,0,4,5,0,0,1,0,5,0,0,0
600,15/11/2022 09:09,15/11/2022 09:17,0,100,461,1,15/11/2022 09:17,NA,NA,NA,NA,50.8612,-0.1194,anonymous,EN,1,1,20,Woman,1,22.07,310.18,311.045,11,3,2,2,5,4,3,5,2,3,3,3,1,1,2,2,1,1,2,2,NA,438,20,Woman,5,4,0,1.5,3,2,0,0,2,0,0,5,1,2
601,11/10/2022 10:16,11/10/2022 10:18,0,100,106,1,11/10/2022 10:18,NA,NA,NA,NA,50.8612,-0.1194,anonymous,EN,1,1,19,Woman,1,19.103,55.167,55.484,17,1,1,0,2,1,1,1,0,0,0,1,-1,-1,0,1,1,1,1,1,NA,893,18,Woman,4,3,5,2.5,4,2,0,0,1,0,3,0,2,3
602,20/11/2022 09:05,20/11/2022 09:08,0,100,174,1,20/11/2022 09:08,NA,NA,NA,NA,50.8612,-0.1194,anonymous,EN,1,1,18,Woman,1,17.634,98.944,99.854,11,1,2,2,4,1,0,1,1,1,1,0,0,1,1,-1,-1,-1,1,1,NA,269,18,Woman,3,4,0,2,3,3,0,0,0,1,1,1,2,2
603,05/11/2022 16:49,05/11/2022 16:52,0,100,187,1,05/11/2022 16:52,NA,NA,NA,NA,50.8612,-0.1194,anonymous,EN,1,1,19,Woman,1,12.73,95.396,96.477,17,5,4,2,5,0,5,4,0,0,0,3,1,2,-1,-1,0,-2,0,-1,NA,896,18,Woman,5,4,4,0.5,3,5,0,0,3,0,2,0,1,0
604,10/10/2022 05:21,10/10/2022 05:24,0,100,165,1,10/10/2022 05:24,NA,NA,NA,NA,50.8612,-0.1194,anonymous,EN,1,1,18,Man,1,19.378,79.144,80.301,12,0,0,0,2,1,0,0,0,0,0,0,-1,-1,-2,-2,-2,-2,-2,-2,NA,331,18,Man,4,4,1,0,4,4,0,0,1,0,4,0,0,0
605,31/10/2022 06:46,31/10/2022 06:50,0,100,265,1,31/10/2022 06:50,NA,NA,NA,NA,50.8429,-0.1158,anonymous,EN,1,1,19,Woman,1,18.243,46.877,47.77,12,0,0,0,2,2,1,1,0,2,1,0,0,-1,0,-1,-1,-2,-1,-1,NA,814,18,Woman,4,3,1,1.5,5,3,1,0,1,2,2,2,2,1
606,20/11/2022 13:25,20/11/2022 13:28,0,100,154,1,20/11/2022 13:28,NA,NA,NA,NA,50.8612,-0.1194,anonymous,EN,1,1,18,Woman,1,12.569,75.53,77.9,14,0,0,1,3,2,0,0,0,0,0,1,0,-1,1,0,0,-1,1,1,NA,2,18,Woman,5,4,2,1.5,4,5,0,0,3,0,0,3,2,1
607,22/09/2022 11:52,22/09/2022 11:55,0,100,168,1,22/09/2022 11:55,NA,NA,NA,NA,50.8612,-0.1194,anonymous,EN,1,1,19,Man,1,13.548,66.477,67.043,12,0,0,1,0,0,0,1,0,0,0,1,-1,-1,0,-2,-1,-1,-1,-1,NA,624,18,Man,2,3,0,0.5,1,0,0,0,0,2.45,2,3,1,0
608,27/11/2022 16:52,27/11/2022 17:00,0,100,500,1,27/11/2022 17:00,NA,NA,NA,NA,50.8612,-0.1194,anonymous,EN,1,1,18,Man,1,14.421,249.936,250.31,51,0,0,0,2,0,1,0,0,0,0,0,2,-2,-1,-2,-2,-2,-2,-2,NA,279,18,Man,0,0,0,1,1,1,0,0,3,0,5,0,0,2
609,01/11/2022 11:33,01/11/2022 11:36,0,100,164,1,01/11/2022 11:36,NA,NA,NA,NA,50.8429,-0.1158,anonymous,EN,1,1,20,Woman,1,8.203,90.713,92.064,22,0,0,0,0,0,0,0,0,0,0,0,-2,-2,-2,-2,-2,-2,-2,-2,NA,591,18,Woman,4,4,1,2,4,2,0,0,2,3.87,3,5,1,3
610,25/10/2022 04:18,25/10/2022 04:23,0,100,261,1,25/10/2022 04:23,NA,NA,NA,NA,50.8612,-0.1194,anonymous,EN,1,1,18,Woman,1,13.079,133.433,134.173,37,0,0,0,2,2,2,2,0,0,0,0,1,1,0,0,1,2,1,1,NA,292,18,Woman,5,4,3,1,5,4,0,0,1,0,5,0,1,1
611,13/10/2022 08:11,13/10/2022 08:14,0,100,188,1,13/10/2022 08:14,NA,NA,NA,NA,50.8612,-0.1194,anonymous,EN,1,1,18,Woman,1,14.803,122.874,123.553,30,3,2,2,4,0,0,5,3,3,0,5,0,1,1,0,2,1,2,2,NA,388,18,Woman,3,5,2,2.5,5,0,0,0,0,3.464101615,3,4,3,2
612,04/10/2022 06:30,04/10/2022 06:33,0,100,186,1,04/10/2022 06:33,NA,NA,NA,NA,51.4615,-0.1409,anonymous,EN,1,1,18,Woman,1,79.553,118.641,120.317,11,5,0,0,3,3,0,0,0,3,0,0,0,-1,1,1,-1,1,1,0,NA,323,18,Woman,4,3,0,0,4,2,0,0,5,0,0,3,0,0
613,23/11/2022 14:25,23/11/2022 14:33,0,100,483,1,23/11/2022 14:33,NA,NA,NA,NA,50.8612,-0.1194,anonymous,EN,1,1,19,Woman,1,21.185,191.387,193.099,25,0,0,0,0,0,0,0,0,0,0,0,0,-1,0,-2,-2,0,-2,-2,NA,36,19,Woman,3,4,1,3.5,5,3,2,2,2,4.472135955,4,5,2,5
614,11/10/2022 06:26,11/10/2022 06:32,0,100,328,1,11/10/2022 06:32,NA,NA,NA,NA,50.8612,-0.1194,anonymous,EN,1,1,18,Woman,1,15.358,198.594,199.871,12,0,0,0,3,0,2,4,3,2,0,4,1,2,2,1,2,2,2,2,NA,30,18,Woman,5,5,0,2.5,4,2,0,0,1,1.732050808,3,1,3,2
615,23/11/2022 07:13,23/11/2022 07:18,0,100,260,1,23/11/2022 07:18,NA,NA,NA,NA,50.8612,-0.1194,anonymous,EN,1,1,18,Woman,1,37.183,144.233,145.067,11,0,0,0,0,0,0,1,0,0,0,0,1,0,0,0,1,1,1,0,NA,260,18,Woman,4,4,1,0,4,2,0,0,2,2.449489743,3,2,0,0
616,28/10/2022 11:44,28/10/2022 11:47,0,100,215,1,28/10/2022 11:47,NA,NA,NA,NA,51.3992,-0.0527,anonymous,EN,1,1,19,Another,1,48.887,102.87,104.402,12,0,0,0,4,1,1,1,1,0,0,0,-2,-2,-2,-2,2,-2,0,1,NA,194,19,Non-binary,3,4,1,3.5,5,3,0,0,1,0,0,5,3,4
617,05/11/2022 14:03,05/11/2022 14:08,0,100,319,1,05/11/2022 14:08,NA,NA,NA,NA,50.8612,-0.1194,anonymous,EN,1,1,19,Woman,1,22.695,159.509,167.303,12,0,0,0,3,1,0,5,0,0,5,5,-2,-2,1,-2,2,-2,-2,1,NA,421,19,Woman,3,2,1,0.5,4,2,0,0,0,0,0,5,1,0
618,05/11/2022 15:24,05/11/2022 15:26,0,100,91,1,05/11/2022 15:26,NA,NA,NA,NA,50.8345,-0.186,anonymous,EN,1,1,19,Woman,1,18.246,49.339,50.547,11,0,0,0,0,0,0,0,0,0,0,0,-2,-2,-2,-2,-2,-2,-2,-2,NA,33,19,Woman,3,3,1,1.5,1,0,0,0,4,1,1,1,1,2
619,30/09/2022 04:42,30/09/2022 04:44,0,100,122,1,30/09/2022 04:44,NA,NA,NA,NA,50.8345,-0.186,anonymous,EN,1,1,19,Woman,1,5.917,49.295,50.46,12,0,2,0,5,0,0,0,3,0,0,0,1,2,NA,2,2,2,1,2,NA,844,18,Woman,1,0,5,1.5,2,2,0,0,3,0,0,5,0,3
620,18/10/2022 03:40,18/10/2022 03:45,0,100,318,1,18/10/2022 03:45,NA,NA,NA,NA,50.8429,-0.1158,anonymous,EN,1,1,21,Woman,1,20.807,180.49,182.634,14,3,2,0,0,0,0,0,0,0,1,0,1,1,0,-1,1,1,0,1,NA,NA,NA,NA,NA,NA,NA,NA,NA,NA,NA,NA,NA,NA,NA,NA,NA,NA
621,19/11/2022 06:50,19/11/2022 07:00,0,100,561,1,19/11/2022 07:00,NA,NA,NA,NA,50.8429,-0.1158,anonymous,EN,1,1,19,Woman,1,14.303,494.574,496.602,11,0,0,2,3,2,4,5,2,2,1,1,2,1,1,2,1,2,1,1,NA,460,18,Woman,4,3,1,0.5,4,2,0,0,2,0,5,0,0,1
622,03/12/2022 10:10,03/12/2022 10:17,0,100,394,1,03/12/2022 10:17,NA,NA,NA,NA,50.8429,-0.1158,anonymous,EN,1,1,19,Woman,1,16.407,59.433,60.305,11,0,1,1,2,0,0,3,0,0,0,0,0,0,1,1,-1,1,1,1,NA,492,18,Woman,4,5,0,1,3,1,0,0,2,0,0,5,2,0
623,12/11/2022 13:50,12/11/2022 13:53,0,100,173,1,12/11/2022 13:53,NA,NA,NA,NA,54.6836,25.299,anonymous,EN,1,1,21,Woman,1,29.806,95.257,102.02,12,3,0,0,3,0,5,0,0,0,0,0,1,0,0,0,1,1,1,1,NA,547,20,Woman,5,3,3,5,2,4,1,0,3,0,5,0,5,5
624,07/10/2022 16:05,07/10/2022 16:09,0,100,246,1,07/10/2022 16:09,NA,NA,NA,NA,50.8429,-0.1158,anonymous,EN,1,1,19,Woman,1,1.703,14.276,15.395,14,2,1,3,2,3,1,3,1,3,2,2,0,-1,0,-1,2,-1,0,-1,NA,713,18,Woman,2,4,1,1.5,3,2,4,0,1,1.41,2,1,0,3
625,17/10/2022 06:12,17/10/2022 06:17,0,100,299,1,17/10/2022 06:17,NA,NA,NA,NA,51.5597,-0.0528,anonymous,EN,1,1,19,Woman,1,8.17,89.478,93.494,25,0,0,0,3,0,1,0,0,0,0,0,1,0,1,-1,1,0,1,0,NA,634,18,Woman,4,5,3,5,5,3,0,0,3,0,0,0,5,5
626,04/10/2022 03:07,04/10/2022 03:09,0,100,119,1,04/10/2022 03:09,NA,NA,NA,NA,50.8612,-0.1194,anonymous,EN,1,1,21,Woman,1,9.447,52.5,53.682,12,0,0,0,1,0,0,1,0,0,5,2,-1,-1,1,1,1,1,2,2,NA,NA,NA,NA,NA,NA,NA,NA,NA,NA,NA,NA,NA,NA,NA,NA,NA,NA
627,06/10/2022 04:36,06/10/2022 04:39,0,100,182,1,06/10/2022 04:39,NA,NA,NA,NA,50.8612,-0.1194,anonymous,EN,1,1,18,Woman,1,14.002,112.698,114.771,11,0,0,0,1,0,1,0,0,0,0,0,1,0,1,1,-1,0,0,0,NA,347,18,Woman,4,4,2,0,5,0,0,0,2,2.449489743,3,2,0,0
628,19/10/2022 03:31,19/10/2022 03:33,0,100,145,1,19/10/2022 03:33,NA,NA,NA,NA,50.8612,-0.1194,anonymous,EN,1,1,18,Woman,1,10.324,66.987,68.524,11,0,0,0,3,0,0,0,0,0,0,0,1,2,-2,1,-2,-2,-2,1,NA,177,18,Woman,0,0,2,1.5,3,5,0,0,0,2.236067977,1,5,3,0
629,08/11/2022 23:19,08/11/2022 23:21,0,100,91,1,08/11/2022 23:21,NA,NA,NA,NA,50.8612,-0.1194,anonymous,EN,1,1,20,Woman,1,8.688,38.448,39.746,14,2,1,1,3,0,2,0,0,0,1,1,1,0,-1,-1,1,-1,1,0,NA,199,20,Woman,5,4,0,3.5,5,3,0,0,2,0,0,0,4,3
630,25/10/2022 12:29,25/10/2022 12:32,0,100,229,1,25/10/2022 12:32,NA,NA,NA,NA,50.8429,-0.1158,anonymous,EN,1,1,19,Woman,1,16.728,102.283,105.113,11,0,0,0,0,0,0,2,0,0,0,0,-1,0,-2,-2,1,1,-1,0,NA,NA,NA,NA,NA,NA,NA,NA,NA,NA,NA,NA,NA,NA,NA,NA,NA,NA
631,11/10/2022 07:09,11/10/2022 07:11,0,100,123,1,11/10/2022 07:11,NA,NA,NA,NA,50.8612,-0.1194,anonymous,EN,1,1,20,Woman,1,9.274,47.398,47.949,12,0,0,1,0,1,0,0,0,0,0,1,-1,0,-1,-1,0,1,1,-1,NA,445,19,Woman,3,4,0,1,4,3,0,0,3,2.45,2,3,1,1
632,02/10/2022 08:33,02/10/2022 08:41,0,100,484,1,02/10/2022 08:41,NA,NA,NA,NA,50.8612,-0.1194,anonymous,EN,1,1,19,Another,1,43.856,200.953,202.132,11,0,0,0,0,0,0,1,0,0,0,0,1,0,0,1,0,0,1,0,NA,241,19,Non-binary,5,2,1,1.5,5,4,0,0,3,0,5,0,2,1
633,26/09/2022 03:42,26/09/2022 03:43,0,100,115,1,26/09/2022 03:43,NA,NA,NA,NA,50.8612,-0.1194,anonymous,EN,1,1,21,Woman,1,4.558,45.483,46.527,20,3,3,4,4,3,4,0,0,0,0,0,1,1,1,0,-1,1,0,0,NA,NA,NA,NA,NA,NA,NA,NA,NA,NA,NA,NA,NA,NA,NA,NA,NA,NA
634,06/11/2022 14:21,06/11/2022 14:23,0,100,135,1,06/11/2022 14:23,NA,NA,NA,NA,51.4781,-0.0279,anonymous,EN,1,1,18,Woman,1,7.127,66.446,67.359,29,0,0,0,3,1,0,5,3,0,1,3,-1,-1,-2,-1,1,0,1,0,NA,NA,NA,NA,NA,NA,NA,NA,NA,NA,NA,NA,NA,NA,NA,NA,NA,NA
635,05/10/2022 06:09,05/10/2022 06:14,0,100,300,1,05/10/2022 06:14,NA,NA,NA,NA,50.8612,-0.1194,anonymous,EN,1,1,19,Woman,1,19.239,126.854,128.888,11,0,0,0,0,0,0,0,0,0,0,0,-2,-2,-2,-2,-2,-2,-2,-2,NA,287,19,Woman,1,1,0,0,1,0,0,0,1,0,5,0,0,0
636,26/09/2022 07:15,26/09/2022 07:17,0,100,100,1,26/09/2022 07:17,NA,NA,NA,NA,50.8612,-0.1194,anonymous,EN,1,1,22,Woman,1,5.022,46.771,47.925,15,0,0,0,2,1,0,3,0,1,0,1,-1,-1,0,0,1,2,1,0,NA,672,21,Woman,2,3,4,2,2,3,0,0,2,3.87,3,5,1,3
637,NA,NA,NA,NA,NA,NA,NA,NA,NA,NA,NA,NA,NA,NA,NA,NA,NA,NA,NA,NA,NA,NA,NA,NA,NA,NA,NA,NA,NA,NA,NA,NA,NA,NA,NA,NA,NA,NA,NA,NA,NA,NA,NA,NA,631,18,Woman,4,3,2,3.5,4,5,0,0,4,0,0,5,4,3
638,28/09/2022 16:12,28/09/2022 16:15,0,100,215,1,28/09/2022 16:15,NA,NA,NA,NA,50.8612,-0.1194,anonymous,EN,1,1,18,Woman,1,7.952,88.741,89.641,30,1,0,0,1,0,0,0,0,0,2,0,-1,-1,-2,-2,-1,-1,-1,-1,NA,266,18,Woman,3,5,2,0,4,3,0,0,0,0,5,0,0,0
639,04/10/2022 17:55,04/10/2022 17:57,0,100,125,1,04/10/2022 17:57,NA,NA,NA,NA,50.8612,-0.1194,anonymous,EN,1,1,18,Woman,1,6.815,59.399,60.466,25,4,2,4,4,1,2,0,0,0,0,0,1,2,-1,-2,1,0,-2,-1,NA,111,18,Woman,5,5,0,1.5,5,2,0,0,0,0,0,5,2,1
640,27/11/2022 12:33,27/11/2022 12:39,0,100,362,1,27/11/2022 12:39,NA,NA,NA,NA,50.8612,-0.1194,anonymous,EN,1,1,18,Man,1,5.503,95.801,97.244,27,0,0,0,2,1,2,4,0,1,0,3,-2,-1,-1,-2,-2,0,2,-1,NA,22,18,Man,4,4,2,1,3,3,0,0,0,0,1,0,1,1
641,23/10/2022 04:51,23/10/2022 04:54,0,100,166,1,23/10/2022 04:54,NA,NA,NA,NA,55.9495,-3.1983,anonymous,EN,1,1,22,Man,1,11.041,76.652,77.437,14,3,4,5,2,0,2,2,1,0,0,0,-1,0,0,-1,0,1,0,-1,NA,890,21,Man,4,5,1,1,5,4,0,0,2,3.16,2,5,1,1
642,08/10/2022 08:47,08/10/2022 08:57,0,100,592,1,08/10/2022 08:57,NA,NA,NA,NA,50.8612,-0.1194,anonymous,EN,1,1,18,Woman,1,27.075,193.653,194.863,15,1,0,3,1,1,3,1,0,0,0,1,0,-1,0,-2,1,-1,2,1,NA,134,18,Woman,4,4,0,3,1,0,0,0,0,0,0,0,4,2
643,25/11/2022 10:46,25/11/2022 10:48,0,100,125,1,25/11/2022 10:48,NA,NA,NA,NA,50.8429,-0.1158,anonymous,EN,1,1,19,Woman,1,17.164,51.954,53.681,11,0,0,2,3,3,0,0,0,0,0,0,-2,-1,-1,-1,-1,0,0,-2,NA,810,18,Woman,4,2,0,0,3,3,0,0,4,0,0,5,0,0
644,07/10/2022 15:01,07/10/2022 15:03,0,100,131,1,07/10/2022 15:03,NA,NA,NA,NA,51.4809,0.0832,anonymous,EN,1,1,19,Woman,1,13.334,71.351,72.603,11,3,3,0,4,4,0,3,2,1,0,0,1,0,1,-1,1,1,-1,1,NA,805,18,Woman,2,5,0,1,0,4,0,0,0,0,5,0,0,2
645,29/09/2022 16:25,29/09/2022 16:28,0,100,146,1,29/09/2022 16:28,NA,NA,NA,NA,50.8612,-0.1194,anonymous,EN,1,1,18,Woman,1,7.614,78.301,79.327,12,3,2,3,3,2,0,3,1,1,0,4,0,1,-1,0,1,1,2,1,NA,62,18,Woman,5,4,2,3,4,5,0,5,3,0,0,4,2,4
646,14/10/2022 09:24,14/10/2022 09:27,0,100,177,1,14/10/2022 09:27,NA,NA,NA,NA,51.4863,-0.101,anonymous,EN,1,1,18,Woman,1,2.265,76.288,76.312,35,0,0,4,4,0,0,1,0,0,0,0,1,-2,2,-2,1,2,2,1,NA,101,18,Woman,4,3,0,2.5,4,2,2,0,2,0,0,1,0,5
647,02/10/2022 08:22,02/10/2022 08:26,0,100,186,1,02/10/2022 08:26,NA,NA,NA,NA,50.8345,-0.186,anonymous,EN,1,1,19,Woman,1,1.479,110.665,113.54,26,0,0,0,3,4,4,3,2,2,0,0,0,0,0,0,0,0,1,1,NA,645,19,Woman,4,2,3,2.5,3,4,0,0,5,0,0,5,2,3
648,26/09/2022 08:34,26/09/2022 08:40,0,100,344,1,26/09/2022 08:40,NA,NA,NA,NA,50.8612,-0.1194,anonymous,EN,1,1,24,Woman,1,223.242,282.413,284.827,12,5,5,5,5,5,5,5,5,3,5,5,2,1,1,-2,2,0,2,2,NA,NA,NA,NA,NA,NA,NA,NA,NA,NA,NA,NA,NA,NA,NA,NA,NA,NA
649,26/11/2022 08:39,26/11/2022 08:45,0,100,338,1,26/11/2022 08:45,NA,NA,NA,NA,50.8612,-0.1194,anonymous,EN,1,1,18,Woman,1,8.752,146.918,148.139,25,1,1,0,2,2,0,2,0,0,0,1,1,0,-1,1,2,-1,1,2,NA,261,18,Woman,3,2,4,4,1,0,3,3,1,0,0,0,3,5
650,08/10/2022 16:31,08/10/2022 16:33,0,100,87,1,08/10/2022 16:33,NA,NA,NA,NA,50.8345,-0.186,anonymous,EN,1,1,26,Woman,1,5.379,34.487,36.268,11,0,0,0,0,0,0,0,0,0,0,0,1,1,1,1,1,1,1,-1,NA,781,26,Woman,3,4,2,4.5,3,3,0,0,3,0,0,5,4,5
651,03/12/2022 05:48,03/12/2022 05:50,0,100,136,1,03/12/2022 05:50,NA,NA,NA,NA,50.8345,-0.186,anonymous,EN,1,1,19,Woman,1,18.872,67.855,68.626,14,2,1,4,5,5,5,4,1,0,0,0,1,1,1,0,-1,-2,-2,-2,NA,635,18,Woman,4,3,1,1.5,3,3,0,0,1,0,5,0,2,1
652,31/10/2022 18:20,31/10/2022 18:24,0,100,236,1,31/10/2022 18:24,NA,NA,NA,NA,51.5564,0.0715,anonymous,EN,1,1,20,Woman,1,11.831,44.687,168.449,11,0,0,0,0,0,0,0,0,0,0,0,-1,-1,-1,-1,0,1,0,0,NA,669,19,Woman,4,5,2,0.5,1,4,0,0,3,0,5,0,0,1
653,24/10/2022 10:24,24/10/2022 10:26,0,100,102,1,24/10/2022 10:26,NA,NA,NA,NA,50.8612,-0.1194,anonymous,EN,1,1,18,Woman,1,15.224,48.983,49.684,11,2,3,1,4,1,0,3,0,0,1,3,2,2,1,0,-1,1,2,2,NA,NA,NA,NA,NA,NA,NA,NA,NA,NA,NA,NA,NA,NA,NA,NA,NA,NA
654,25/10/2022 17:23,25/10/2022 17:26,0,100,180,1,25/10/2022 17:26,NA,NA,NA,NA,50.8345,-0.186,anonymous,EN,1,1,22,Man,1,13.855,90.679,92.542,16,1,0,2,5,5,5,2,0,5,0,5,-2,-2,-1,-2,-2,-1,-1,-1,NA,NA,NA,NA,NA,NA,NA,NA,NA,NA,NA,NA,NA,NA,NA,NA,NA,NA
655,26/10/2022 05:21,26/10/2022 05:22,0,100,80,1,26/10/2022 05:22,NA,NA,NA,NA,50.8069,-0.5834,anonymous,EN,1,1,19,Woman,1,5.583,36.824,38.11,12,2,2,2,3,2,2,2,2,3,2,2,0,0,-1,0,2,0,-1,0,NA,NA,NA,NA,NA,NA,NA,NA,NA,NA,NA,NA,NA,NA,NA,NA,NA,NA
656,08/10/2022 07:23,08/10/2022 07:26,0,100,188,1,08/10/2022 07:26,NA,NA,NA,NA,50.8345,-0.186,anonymous,EN,1,1,20,Woman,1,19.999,97.237,99.104,12,0,0,0,5,5,4,4,0,0,0,0,-2,-2,1,-1,2,-2,-2,-1,NA,903,19,Woman,0,0,0,0,0,0,0,0,0,0,0,0,0,0
657,09/11/2022 09:17,09/11/2022 09:20,0,100,180,1,09/11/2022 09:20,NA,NA,NA,NA,50.8429,-0.1158,anonymous,EN,1,1,20,Woman,1,25.055,91.7,92.37,12,2,1,3,4,3,3,1,0,0,0,2,1,2,0,1,1,2,1,1,NA,258,19,Woman,4,4,0,1.5,4,4,0,0,3,2,4,1,2,1
658,NA,NA,NA,NA,NA,NA,NA,NA,NA,NA,NA,NA,NA,NA,NA,NA,NA,NA,NA,NA,NA,NA,NA,NA,NA,NA,NA,NA,NA,NA,NA,NA,NA,NA,NA,NA,NA,NA,NA,NA,NA,NA,NA,NA,NA,NA,NA,NA,NA,NA,NA,NA,NA,NA,NA,NA,NA,NA,NA,NA,NA
659,NA,NA,NA,NA,NA,NA,NA,NA,NA,NA,NA,NA,NA,NA,NA,NA,NA,NA,NA,NA,NA,NA,NA,NA,NA,NA,NA,NA,NA,NA,NA,NA,NA,NA,NA,NA,NA,NA,NA,NA,NA,NA,NA,NA,419,18,Woman,4,5,1,0,4,3,2,0,1,0,4,0,0,0
660,13/10/2022 05:08,13/10/2022 05:10,0,100,123,1,13/10/2022 05:10,NA,NA,NA,NA,50.8612,-0.1194,anonymous,EN,1,1,20,Woman,1,9.677,72.861,77.379,13,0,0,0,2,2,0,5,3,0,4,5,-2,-2,-2,-2,2,2,NA,2,NA,686,19,Woman,0,0,0,0,0,0,0,0,0,3.16,5,2,0,0
661,02/10/2022 11:14,04/10/2022 16:18,0,100,191032,1,04/10/2022 16:18,NA,NA,NA,NA,50.8612,-0.1194,anonymous,EN,1,1,18,Woman,1,8.09,104.351,107.449,35,0,0,0,4,3,1,0,0,0,0,1,1,0,1,1,1,0,1,1,NA,344,18,Woman,4,4,1,3,3,2,0,0,2,0,0,5,1,5
662,08/12/2022 07:17,08/12/2022 07:22,0,100,281,1,08/12/2022 07:22,NA,NA,NA,NA,50.8612,-0.1194,anonymous,EN,1,1,19,Woman,1,9.935,128.748,130.012,13,0,1,0,4,4,1,2,0,0,0,3,0,0,1,-1,2,-1,2,2,NA,NA,NA,NA,NA,NA,NA,NA,NA,NA,NA,NA,NA,NA,NA,NA,NA,NA
663,02/10/2022 12:16,02/10/2022 12:19,0,100,233,1,02/10/2022 12:19,NA,NA,NA,NA,51.5128,-0.0638,anonymous,EN,1,1,20,Woman,1,16.467,93.407,94.18,37,3,1,5,3,0,2,4,1,0,1,1,1,1,0,1,2,2,1,0,NA,NA,NA,NA,NA,NA,NA,NA,NA,NA,NA,NA,NA,NA,NA,NA,NA,NA
664,27/10/2022 07:11,27/10/2022 07:30,0,100,1171,1,27/10/2022 07:30,NA,NA,NA,NA,50.8612,-0.1194,anonymous,EN,1,1,19,Man,1,32.542,1012.615,1013.167,47,3,1,1,1,1,3,3,3,3,0,1,-1,0,0,0,0,0,0,0,NA,599,18,Man,4,3,1,0,3,3,0,0,2,0,0,0,0,0
665,31/10/2022 10:27,31/10/2022 10:31,0,100,252,1,31/10/2022 10:31,NA,NA,NA,NA,50.8612,-0.1194,anonymous,EN,1,1,19,Man,1,94.772,152.021,153.671,12,0,0,0,0,0,0,0,0,0,0,0,-2,-2,-2,-2,-2,-2,-2,-2,NA,27,19,Man,2,1,0,0,3,0,0,0,0,0,0,5,0,0
666,09/10/2022 07:27,09/10/2022 07:32,0,100,354,1,09/10/2022 07:32,NA,NA,NA,NA,50.8345,-0.186,anonymous,EN,1,1,18,Prefer not to say,1,22.941,176.244,179.3,14,2,2,2,4,4,2,1,1,0,2,4,0,0,1,0,1,1,1,0,NA,20,18,Other/prefer not to say,4,0,1,2,3,2,0,0,1,0,5,0,1,3
667,26/11/2022 18:01,26/11/2022 18:02,0,100,67,1,26/11/2022 18:02,NA,NA,NA,NA,50.8345,-0.186,anonymous,EN,1,1,21,Woman,1,6.955,35.301,36.317,12,2,3,3,2,3,4,3,3,1,2,2,-1,0,0,-1,1,0,0,-1,NA,NA,NA,NA,NA,NA,NA,NA,NA,NA,NA,NA,NA,NA,NA,NA,NA,NA
668,26/09/2022 10:46,26/09/2022 10:50,0,100,183,1,26/09/2022 10:50,NA,NA,NA,NA,50.8273,-0.4887,anonymous,EN,1,1,27,Woman,1,13.812,93.213,96.184,19,0,0,0,2,3,0,4,2,2,0,0,0,0,0,0,-1,0,0,0,NA,593,26,Woman,5,4,4,0,4,5,0,0,1,0,0,1,0,0
669,04/10/2022 07:23,04/10/2022 07:27,0,100,221,1,04/10/2022 07:27,NA,NA,NA,NA,50.8612,-0.1194,anonymous,EN,1,1,18,Woman,1,22,95.62,99.261,11,1,1,5,3,3,0,5,3,3,2,5,1,0,1,2,2,1,2,2,NA,274,18,Woman,4,4,1,1.5,3,3,0,0,3,2,2,2,2,1
670,09/10/2022 07:33,09/10/2022 07:37,0,100,262,1,09/10/2022 07:37,NA,NA,NA,NA,51.4402,-0.0259,anonymous,EN,1,1,23,Woman,1,22.996,155.123,156.843,20,4,4,5,5,3,2,4,4,3,4,5,2,2,2,2,2,2,2,2,NA,NA,NA,NA,NA,NA,NA,NA,NA,NA,NA,NA,NA,NA,NA,NA,NA,NA
671,02/10/2022 08:58,02/10/2022 09:02,0,100,222,1,02/10/2022 09:02,NA,NA,NA,NA,50.8612,-0.1194,anonymous,EN,1,1,18,Woman,1,19.474,117.88,126.96,12,3,2,0,4,0,0,0,0,0,0,2,1,2,0,0,1,2,1,0,NA,88,18,Woman,5,1,5,0,3,0,0,0,0,0,0,5,0,0
672,21/09/2022 08:57,21/09/2022 09:00,0,100,168,1,21/09/2022 09:00,NA,NA,NA,NA,50.8429,-0.1158,anonymous,EN,1,1,20,Woman,1,14.977,98.003,99.06,12,0,0,0,3,3,0,0,0,0,0,3,-2,-2,-2,-2,0,-2,-2,-2,NA,648,19,Woman,3,5,0,3,0,1,0,0,1,2.83,4,2,3,3
673,29/09/2022 11:32,29/09/2022 11:35,0,100,167,1,29/09/2022 11:35,NA,NA,NA,NA,50.8612,-0.1194,anonymous,EN,1,1,20,Woman,1,13.014,70.967,72.546,12,1,1,0,0,0,0,0,0,0,0,0,0,0,0,0,0,0,0,0,NA,729,19,Woman,2,3,0,0,3,0,0,0,2,2.83,2,4,0,0
674,13/11/2022 17:48,13/11/2022 17:51,0,100,200,1,13/11/2022 17:51,NA,NA,NA,NA,50.82,-1.0664,anonymous,EN,1,1,18,Woman,1,14.322,65.633,67.463,11,3,4,4,4,2,3,5,3,1,1,2,1,2,1,0,2,2,1,0,NA,NA,NA,NA,NA,NA,NA,NA,NA,NA,NA,NA,NA,NA,NA,NA,NA,NA
675,18/10/2022 05:59,18/10/2022 06:02,0,100,183,1,18/10/2022 06:02,NA,NA,NA,NA,50.8612,-0.1194,anonymous,EN,1,1,19,Woman,1,13.924,85.662,88.279,15,1,0,3,2,5,3,0,0,0,3,2,-1,1,1,0,2,0,1,1,NA,866,18,Woman,5,4,3,1.5,3,4,0,0,5,0,0,1,1,2
676,Start Date,End Date,Response Type,Progress,Duration (in seconds),Finished,Recorded Date,Recipient Last Name,Recipient First Name,Recipient Email,External Data Reference,Location Latitude,Location Longitude,Distribution Channel,User Language,"I agree to take part in the current University of Sussex research project titled Prevalence of interesting experiences.I understand that my participation is entirely voluntary, that I can choose not to participate in part or all of the study, and that I can withdraw at any stage without having to give a reason and without being penalised in any way (e.g., if I am a student, my decision whether or not to take part will not affect my grades). I understand that after all the data is collected that it will be saved anonymously and I will not be identifiable from any published version of the study. I understand that I will be able to request that my data be removed from the study until one month after data collection ceases on 31st May 2023.I understand that my personal data will be used for the purposes of this research study and will be handled in accordance with Data Protection legislation. I understand that the University's Privacy Notice provides further information on how the University uses personal data in its research. I understand that my data including my personal information (i.e. any information that could identify me) will be stored safely. Electronic data will be stored securely on a University managed system. 

 Please click the button below to confirm your consent.",Please confirm that you are over 18 years of age.,What is your age?,What is your gender?,"This should take approximately 10 minutes to complete.

Please answer all questions as accurately as possible.


This survey consists of two short questionnaires about experiences in your life.


Be aware that once you press the CONTINUE button you will not be able to backtrack to review or amend your entries.",Timing - First Click,Timing - Last Click,Timing - Page Submit,Timing - Click Count,"1. Have you ever experienced recalling an event that happened in a previous life, i.e. when you apparently lived in another time before your current conception?",2. Have you ever experienced images that seemed to be of a past life?,"3. When meeting a new person, have you ever had the experience of remembering being with them before, years before you were born?","4.	Have you ever experienced the world as if you were outside your body? - 4. Have you ever experienced the world as if you were outside your body","5.	Have you ever had an experience of leaving your body? - 5. Have you ever had an experience of leaving your body?","6.	Have you ever seen your body in the world from outside your body? - 6. Have you ever seen your body in the world from outside your body?","7.	Have you ever felt the presence of a spirit (a being without a body)? - 7. Have you ever felt the presence of a spirit (a being without a body)?","8.	Have you experienced communication  with beings without bodies? - 8. Have you experienced communication with beings without bodies?","9.	Have you ever had the experience of communicating with the dead? - 9. Have you ever had the experience of communicating with the dead?","10.	Have you experienced communication with a being who was not human, but at least as intellectually sophisticated? - I could be experiencing some emotion and not be conscious of it until some time later.","11.	Have you ever experienced being guided by a force beyond the knowledge of current science? - Have you ever experienced being guided by a force beyond the knowledge of current science?","Please select a number between -2 and +2 to indicate your agreement with each statement.
-2 = strongly disagree-1 = mildly disagree0 = neither agree nor disagree1 = mildly agree2 = strongly agree. - People can have genuine memories of past lives, that is lives that happened before their conception this time","Please select a number between -2 and +2 to indicate your agreement with each statement.
-2 = strongly disagree-1 = mildly disagree0 = neither agree nor disagree1 = mildly agree2 = strongly agree. - People are born again in a new life after they have died in a previous one, and this can happen again and again","Please select a number between -2 and +2 to indicate your agreement with each statement.
-2 = strongly disagree-1 = mildly disagree0 = neither agree nor disagree1 = mildly agree2 = strongly agree. - People can sometimes leave their bodies because the essence of a person is something spiritual","Please select a number between -2 and +2 to indicate your agreement with each statement.
-2 = strongly disagree-1 = mildly disagree0 = neither agree nor disagree1 = mildly agree2 = strongly agree. - People can sometimes see their body from outside their body because they are really outside their body","Please select a number between -2 and +2 to indicate your agreement with each statement.
-2 = strongly disagree-1 = mildly disagree0 = neither agree nor disagree1 = mildly agree2 = strongly agree. - There exist beings without bodies","Please select a number between -2 and +2 to indicate your agreement with each statement.
-2 = strongly disagree-1 = mildly disagree0 = neither agree nor disagree1 = mildly agree2 = strongly agree. - Consciousness survives death","Please select a number between -2 and +2 to indicate your agreement with each statement.
-2 = strongly disagree-1 = mildly disagree0 = neither agree nor disagree1 = mildly agree2 = strongly agree. - There are spiritual forces that can guide us","Please select a number between -2 and +2 to indicate your agreement with each statement.
-2 = strongly disagree-1 = mildly disagree0 = neither agree nor disagree1 = mildly agree2 = strongly agree. - There is a world of spirit that can be communicated with",Create New Field or Choose From Dropdown...,NA,NA,NA,NA,NA,NA,NA,NA,NA,NA,NA,NA,NA,NA,NA,NA,NA
677,"{""ImportId"":""startDate"",""timeZone"":""America/Denver""}","{""ImportId"":""endDate"",""timeZone"":""America/Denver""}","{""ImportId"":""status""}","{""ImportId"":""progress""}","{""ImportId"":""duration""}","{""ImportId"":""finished""}","{""ImportId"":""recordedDate"",""timeZone"":""America/Denver""}","{""ImportId"":""recipientLastName""}","{""ImportId"":""recipientFirstName""}","{""ImportId"":""recipientEmail""}","{""ImportId"":""externalDataReference""}","{""ImportId"":""locationLatitude""}","{""ImportId"":""locationLongitude""}","{""ImportId"":""distributionChannel""}","{""ImportId"":""userLanguage""}","{""ImportId"":""QID3""}","{""ImportId"":""QID57""}","{""ImportId"":""QID5_TEXT""}","{""ImportId"":""QID6""}","{""ImportId"":""QID4""}","{""ImportId"":""QID74_FIRST_CLICK""}","{""ImportId"":""QID74_LAST_CLICK""}","{""ImportId"":""QID74_PAGE_SUBMIT""}","{""ImportId"":""QID74_CLICK_COUNT""}","{""ImportId"":""QID78_1""}","{""ImportId"":""QID93_1""}","{""ImportId"":""QID84_1""}","{""ImportId"":""QID90_1""}","{""ImportId"":""QID89_1""}","{""ImportId"":""QID88_1""}","{""ImportId"":""QID87_1""}","{""ImportId"":""QID86_1""}","{""ImportId"":""QID91_1""}","{""ImportId"":""QID92_1""}","{""ImportId"":""QID85_1""}","{""ImportId"":""QID80_1""}","{""ImportId"":""QID80_2""}","{""ImportId"":""QID80_3""}","{""ImportId"":""QID80_4""}","{""ImportId"":""QID80_5""}","{""ImportId"":""QID80_6""}","{""ImportId"":""QID80_7""}","{""ImportId"":""QID80_8""}","{""ImportId"":""Create New Field or Choose From Dropdown...""}",NA,NA,NA,NA,NA,NA,NA,NA,NA,NA,NA,NA,NA,NA,NA,NA,NA
678,03/03/2022 07:39,03/03/2022 07:45,0,100,398,1,03/03/2022 07:45,NA,NA,NA,NA,50.83450317,-0.186004639,anonymous,EN,1,1,21,Woman,1,32.539,128.139,129.556,11,0,0,0,0,0,0,0,0,0,0,0,-2,-2,-2,-2,-2,-2,-2,-2,NA,NA,NA,NA,NA,NA,NA,NA,NA,NA,NA,NA,NA,NA,NA,NA,NA,NA
679,07/03/2022 11:33,07/03/2022 11:37,0,100,291,1,07/03/2022 11:37,NA,NA,NA,NA,50.86120605,-0.119400024,anonymous,EN,1,1,23,Woman,1,37.944,161.586,162.587,12,0,0,0,1,0,0,1,0,0,0,0,0,0,2,0,1,2,2,2,NA,NA,NA,NA,NA,NA,NA,NA,NA,NA,NA,NA,NA,NA,NA,NA,NA,NA
680,06/04/2022 05:28,06/04/2022 05:29,1,100,48,1,06/04/2022 05:29,NA,NA,NA,NA,51.4309,-0.7828,preview,EN,1,1,22,Man,1,3.297,16.702,17.731,11,2,3,2,3,2,3,3,3,3,3,3,0,0,0,0,0,0,0,0,NA,NA,NA,NA,NA,NA,NA,NA,NA,NA,NA,NA,NA,NA,NA,NA,NA,NA
681,07/04/2022 14:24,07/04/2022 14:25,1,100,48,1,07/04/2022 14:25,NA,NA,NA,NA,51.5245,-0.1567,preview,EN,1,1,99,Man,1,2.83,13.95,15.55,12,0,0,0,0,0,0,0,0,0,0,0,-2,-2,-2,-2,-2,-2,-2,-2,NA,NA,NA,NA,NA,NA,NA,NA,NA,NA,NA,NA,NA,NA,NA,NA,NA,NA
682,07/04/2022 14:30,07/04/2022 14:31,0,100,43,1,07/04/2022 14:31,NA,NA,NA,NA,51.5245,-0.1567,anonymous,EN,1,1,99,Man,1,1.701,11.438,12.123,11,0,0,0,0,0,0,0,0,0,0,0,-2,-2,-2,-2,-2,-2,-2,-2,NA,NA,NA,NA,NA,NA,NA,NA,NA,NA,NA,NA,NA,NA,NA,NA,NA,NA
683,01/10/2022 00:35,01/10/2022 00:36,0,14,19,0,08/10/2022 00:36,NA,NA,NA,NA,NA,NA,anonymous,EN,1,1,NA,NA,NA,NA,NA,NA,NA,NA,NA,NA,NA,NA,NA,NA,NA,NA,NA,NA,NA,NA,NA,NA,NA,NA,NA,NA,NA,NA,NA,NA,NA,NA,NA,NA,NA,NA,NA,NA,NA,NA,NA,NA,NA,NA
684,10/10/2022 08:39,10/10/2022 08:39,8,5,5,0,17/10/2022 08:39,NA,NA,NA,NA,NA,NA,anonymous,EN,NA,NA,NA,NA,NA,NA,NA,NA,NA,NA,NA,NA,NA,NA,NA,NA,NA,NA,NA,NA,NA,NA,NA,NA,NA,NA,NA,NA,NA,NA,NA,NA,NA,NA,NA,NA,NA,NA,NA,NA,NA,NA,NA,NA,NA,NA
685,20/10/2022 07:45,20/10/2022 08:00,0,91,950,0,27/10/2022 08:00,NA,NA,NA,NA,NA,NA,anonymous,EN,1,1,20,Woman,1,12.239,117.855,118.972,17,0,0,0,1,0,0,1,2,5,0,0,1,0,1,-1,0,-2,1,1,NA,NA,NA,NA,NA,NA,NA,NA,NA,NA,NA,NA,NA,NA,NA,NA,NA,NA
686,27/11/2022 11:11,27/11/2022 13:41,0,14,8977,0,04/12/2022 13:41,NA,NA,NA,NA,NA,NA,anonymous,EN,1,1,NA,NA,NA,NA,NA,NA,NA,NA,NA,NA,NA,NA,NA,NA,NA,NA,NA,NA,NA,NA,NA,NA,NA,NA,NA,NA,NA,NA,NA,NA,NA,NA,NA,NA,NA,NA,NA,NA,NA,NA,NA,NA,NA,NA
687,01/12/2022 03:52,01/12/2022 03:52,0,5,6,0,08/12/2022 03:52,NA,NA,NA,NA,NA,NA,anonymous,EN,NA,NA,NA,NA,NA,NA,NA,NA,NA,NA,NA,NA,NA,NA,NA,NA,NA,NA,NA,NA,NA,NA,NA,NA,NA,NA,NA,NA,NA,NA,NA,NA,NA,NA,NA,NA,NA,NA,NA,NA,NA,NA,NA,NA,NA,NA
688,NA,NA,NA,NA,NA,NA,NA,NA,NA,NA,NA,NA,NA,NA,NA,NA,NA,NA,NA,NA,NA,NA,NA,NA,NA,NA,NA,NA,NA,NA,NA,NA,NA,NA,NA,NA,NA,NA,NA,NA,NA,NA,NA,NA,449,18,Woman,3,3,0,1.5,2,2,0,1,3,0,4,0,1,2
689,NA,NA,NA,NA,NA,NA,NA,NA,NA,NA,NA,NA,NA,NA,NA,NA,NA,NA,NA,NA,NA,NA,NA,NA,NA,NA,NA,NA,NA,NA,NA,NA,NA,NA,NA,NA,NA,NA,NA,NA,NA,NA,NA,NA,450,19,Woman,3,2,4,0,1,3,0,1,4,3.87,5,3,0,0
690,NA,NA,NA,NA,NA,NA,NA,NA,NA,NA,NA,NA,NA,NA,NA,NA,NA,NA,NA,NA,NA,NA,NA,NA,NA,NA,NA,NA,NA,NA,NA,NA,NA,NA,NA,NA,NA,NA,NA,NA,NA,NA,NA,NA,451,18,Woman,0,1,1,2,0,1,0,0,2,0,5,0,2,2
691,NA,NA,NA,NA,NA,NA,NA,NA,NA,NA,NA,NA,NA,NA,NA,NA,NA,NA,NA,NA,NA,NA,NA,NA,NA,NA,NA,NA,NA,NA,NA,NA,NA,NA,NA,NA,NA,NA,NA,NA,NA,NA,NA,NA,452,20,Woman,4,3,4,3,4,3,0,0,3,2,1,4,2,4
692,NA,NA,NA,NA,NA,NA,NA,NA,NA,NA,NA,NA,NA,NA,NA,NA,NA,NA,NA,NA,NA,NA,NA,NA,NA,NA,NA,NA,NA,NA,NA,NA,NA,NA,NA,NA,NA,NA,NA,NA,NA,NA,NA,NA,456,18,Man,5,5,1,0.5,4,3,0,0,1,0,0,5,1,0
693,NA,NA,NA,NA,NA,NA,NA,NA,NA,NA,NA,NA,NA,NA,NA,NA,NA,NA,NA,NA,NA,NA,NA,NA,NA,NA,NA,NA,NA,NA,NA,NA,NA,NA,NA,NA,NA,NA,NA,NA,NA,NA,NA,NA,457,18,Woman,5,3,1,0,4,3,0,0,1,3.46,4,3,0,0
694,NA,NA,NA,NA,NA,NA,NA,NA,NA,NA,NA,NA,NA,NA,NA,NA,NA,NA,NA,NA,NA,NA,NA,NA,NA,NA,NA,NA,NA,NA,NA,NA,NA,NA,NA,NA,NA,NA,NA,NA,NA,NA,NA,NA,462,19,Woman,4,4,0,0,3,2,2,0,2,0,0,5,0,0
695,NA,NA,NA,NA,NA,NA,NA,NA,NA,NA,NA,NA,NA,NA,NA,NA,NA,NA,NA,NA,NA,NA,NA,NA,NA,NA,NA,NA,NA,NA,NA,NA,NA,NA,NA,NA,NA,NA,NA,NA,NA,NA,NA,NA,463,18,Man,3,3,1,1,3,2,0,0,3,0,5,0,2,0
696,NA,NA,NA,NA,NA,NA,NA,NA,NA,NA,NA,NA,NA,NA,NA,NA,NA,NA,NA,NA,NA,NA,NA,NA,NA,NA,NA,NA,NA,NA,NA,NA,NA,NA,NA,NA,NA,NA,NA,NA,NA,NA,NA,NA,464,18,Man,3,3,0,0,2,1,0,0,0,0,0,1,0,0
697,NA,NA,NA,NA,NA,NA,NA,NA,NA,NA,NA,NA,NA,NA,NA,NA,NA,NA,NA,NA,NA,NA,NA,NA,NA,NA,NA,NA,NA,NA,NA,NA,NA,NA,NA,NA,NA,NA,NA,NA,NA,NA,NA,NA,465,19,Woman,5,5,2,0,4,3,0,0,2,0,4,0,0,0
698,NA,NA,NA,NA,NA,NA,NA,NA,NA,NA,NA,NA,NA,NA,NA,NA,NA,NA,NA,NA,NA,NA,NA,NA,NA,NA,NA,NA,NA,NA,NA,NA,NA,NA,NA,NA,NA,NA,NA,NA,NA,NA,NA,NA,467,21,Man,4,5,5,3.5,1,5,2,0,5,5,5,5,4,3
699,NA,NA,NA,NA,NA,NA,NA,NA,NA,NA,NA,NA,NA,NA,NA,NA,NA,NA,NA,NA,NA,NA,NA,NA,NA,NA,NA,NA,NA,NA,NA,NA,NA,NA,NA,NA,NA,NA,NA,NA,NA,NA,NA,NA,468,19,Man,2,1,0,0,1,2,0,0,0,0,5,0,0,0
700,NA,NA,NA,NA,NA,NA,NA,NA,NA,NA,NA,NA,NA,NA,NA,NA,NA,NA,NA,NA,NA,NA,NA,NA,NA,NA,NA,NA,NA,NA,NA,NA,NA,NA,NA,NA,NA,NA,NA,NA,NA,NA,NA,NA,469,18,Non-binary,4,5,0,0,4,3,1,0,0,0,0,5,0,0
701,NA,NA,NA,NA,NA,NA,NA,NA,NA,NA,NA,NA,NA,NA,NA,NA,NA,NA,NA,NA,NA,NA,NA,NA,NA,NA,NA,NA,NA,NA,NA,NA,NA,NA,NA,NA,NA,NA,NA,NA,NA,NA,NA,NA,471,19,Woman,1,1,0,0,1,1,0,0,2,0,0,0,0,0
702,NA,NA,NA,NA,NA,NA,NA,NA,NA,NA,NA,NA,NA,NA,NA,NA,NA,NA,NA,NA,NA,NA,NA,NA,NA,NA,NA,NA,NA,NA,NA,NA,NA,NA,NA,NA,NA,NA,NA,NA,NA,NA,NA,NA,473,18,Woman,3,1,1,0,4,3,0,0,3,3.16,2,5,0,0
703,NA,NA,NA,NA,NA,NA,NA,NA,NA,NA,NA,NA,NA,NA,NA,NA,NA,NA,NA,NA,NA,NA,NA,NA,NA,NA,NA,NA,NA,NA,NA,NA,NA,NA,NA,NA,NA,NA,NA,NA,NA,NA,NA,NA,476,19,Woman,0,4,0,0,0,0,0,0,0,0,5,0,0,0
704,NA,NA,NA,NA,NA,NA,NA,NA,NA,NA,NA,NA,NA,NA,NA,NA,NA,NA,NA,NA,NA,NA,NA,NA,NA,NA,NA,NA,NA,NA,NA,NA,NA,NA,NA,NA,NA,NA,NA,NA,NA,NA,NA,NA,477,19,Woman,4,4,1,2,4,4,0,0,1,0,1,0,2,2
705,NA,NA,NA,NA,NA,NA,NA,NA,NA,NA,NA,NA,NA,NA,NA,NA,NA,NA,NA,NA,NA,NA,NA,NA,NA,NA,NA,NA,NA,NA,NA,NA,NA,NA,NA,NA,NA,NA,NA,NA,NA,NA,NA,NA,482,18,Woman,4,3,0,0,2,0,0,0,5,0,0,5,0,0
706,NA,NA,NA,NA,NA,NA,NA,NA,NA,NA,NA,NA,NA,NA,NA,NA,NA,NA,NA,NA,NA,NA,NA,NA,NA,NA,NA,NA,NA,NA,NA,NA,NA,NA,NA,NA,NA,NA,NA,NA,NA,NA,NA,NA,483,19,Woman,3,3,0,4,4,3,0,0,2,0,4,0,4,4
707,NA,NA,NA,NA,NA,NA,NA,NA,NA,NA,NA,NA,NA,NA,NA,NA,NA,NA,NA,NA,NA,NA,NA,NA,NA,NA,NA,NA,NA,NA,NA,NA,NA,NA,NA,NA,NA,NA,NA,NA,NA,NA,NA,NA,484,21,Woman,4,4,1,0.5,4,4,0,0,3,0,2,0,1,0
708,NA,NA,NA,NA,NA,NA,NA,NA,NA,NA,NA,NA,NA,NA,NA,NA,NA,NA,NA,NA,NA,NA,NA,NA,NA,NA,NA,NA,NA,NA,NA,NA,NA,NA,NA,NA,NA,NA,NA,NA,NA,NA,NA,NA,485,18,Woman,3,3,0,1.5,3,2,0,0,3,0,4,0,1,2
709,NA,NA,NA,NA,NA,NA,NA,NA,NA,NA,NA,NA,NA,NA,NA,NA,NA,NA,NA,NA,NA,NA,NA,NA,NA,NA,NA,NA,NA,NA,NA,NA,NA,NA,NA,NA,NA,NA,NA,NA,NA,NA,NA,NA,488,20,Man,4,3,0,1.5,1,3,0,0,3,0,0,5,2,1
710,NA,NA,NA,NA,NA,NA,NA,NA,NA,NA,NA,NA,NA,NA,NA,NA,NA,NA,NA,NA,NA,NA,NA,NA,NA,NA,NA,NA,NA,NA,NA,NA,NA,NA,NA,NA,NA,NA,NA,NA,NA,NA,NA,NA,491,19,Woman,4,2,0,2.5,3,1,0,0,0,0,3,0,2,3
711,NA,NA,NA,NA,NA,NA,NA,NA,NA,NA,NA,NA,NA,NA,NA,NA,NA,NA,NA,NA,NA,NA,NA,NA,NA,NA,NA,NA,NA,NA,NA,NA,NA,NA,NA,NA,NA,NA,NA,NA,NA,NA,NA,NA,494,21,Man,5,2,3,3,4,3,0,0,1,0,0,5,2,4
712,NA,NA,NA,NA,NA,NA,NA,NA,NA,NA,NA,NA,NA,NA,NA,NA,NA,NA,NA,NA,NA,NA,NA,NA,NA,NA,NA,NA,NA,NA,NA,NA,NA,NA,NA,NA,NA,NA,NA,NA,NA,NA,NA,NA,499,20,Woman,5,3,0,4.5,5,2,0,0,0,0,5,0,4,5
713,NA,NA,NA,NA,NA,NA,NA,NA,NA,NA,NA,NA,NA,NA,NA,NA,NA,NA,NA,NA,NA,NA,NA,NA,NA,NA,NA,NA,NA,NA,NA,NA,NA,NA,NA,NA,NA,NA,NA,NA,NA,NA,NA,NA,501,18,Woman,4,4,2,3.5,5,4,2,0,4,2,2,2,4,3
714,NA,NA,NA,NA,NA,NA,NA,NA,NA,NA,NA,NA,NA,NA,NA,NA,NA,NA,NA,NA,NA,NA,NA,NA,NA,NA,NA,NA,NA,NA,NA,NA,NA,NA,NA,NA,NA,NA,NA,NA,NA,NA,NA,NA,505,18,Non-binary,4,5,1,2.5,5,4,0,0,4,0,0,5,2,3
715,NA,NA,NA,NA,NA,NA,NA,NA,NA,NA,NA,NA,NA,NA,NA,NA,NA,NA,NA,NA,NA,NA,NA,NA,NA,NA,NA,NA,NA,NA,NA,NA,NA,NA,NA,NA,NA,NA,NA,NA,NA,NA,NA,NA,512,18,Woman,2,1,1,2,1,0,0,0,0,0,0,2,2,2
716,NA,NA,NA,NA,NA,NA,NA,NA,NA,NA,NA,NA,NA,NA,NA,NA,NA,NA,NA,NA,NA,NA,NA,NA,NA,NA,NA,NA,NA,NA,NA,NA,NA,NA,NA,NA,NA,NA,NA,NA,NA,NA,NA,NA,514,20,Non-binary,5,5,4,4.5,5,0,5,4,0,0,0,5,4,5
717,NA,NA,NA,NA,NA,NA,NA,NA,NA,NA,NA,NA,NA,NA,NA,NA,NA,NA,NA,NA,NA,NA,NA,NA,NA,NA,NA,NA,NA,NA,NA,NA,NA,NA,NA,NA,NA,NA,NA,NA,NA,NA,NA,NA,518,19,Woman,2,5,4,2.5,4,1,0,0,4,2.24,5,1,1,4
718,NA,NA,NA,NA,NA,NA,NA,NA,NA,NA,NA,NA,NA,NA,NA,NA,NA,NA,NA,NA,NA,NA,NA,NA,NA,NA,NA,NA,NA,NA,NA,NA,NA,NA,NA,NA,NA,NA,NA,NA,NA,NA,NA,NA,520,19,Man,1,0,1,2,1,0,0,0,0,0,0,0,1,3
719,NA,NA,NA,NA,NA,NA,NA,NA,NA,NA,NA,NA,NA,NA,NA,NA,NA,NA,NA,NA,NA,NA,NA,NA,NA,NA,NA,NA,NA,NA,NA,NA,NA,NA,NA,NA,NA,NA,NA,NA,NA,NA,NA,NA,521,19,Woman,3,1,3,2,0,0,0,0,4,0,0,5,2,2
720,NA,NA,NA,NA,NA,NA,NA,NA,NA,NA,NA,NA,NA,NA,NA,NA,NA,NA,NA,NA,NA,NA,NA,NA,NA,NA,NA,NA,NA,NA,NA,NA,NA,NA,NA,NA,NA,NA,NA,NA,NA,NA,NA,NA,522,25,Woman,4,2,3,2,5,1,0,0,0,0,0,5,1,3
721,NA,NA,NA,NA,NA,NA,NA,NA,NA,NA,NA,NA,NA,NA,NA,NA,NA,NA,NA,NA,NA,NA,NA,NA,NA,NA,NA,NA,NA,NA,NA,NA,NA,NA,NA,NA,NA,NA,NA,NA,NA,NA,NA,NA,523,32,Woman,4,3,2,3,1,3,0,0,0,0,0,5,3,3
722,NA,NA,NA,NA,NA,NA,NA,NA,NA,NA,NA,NA,NA,NA,NA,NA,NA,NA,NA,NA,NA,NA,NA,NA,NA,NA,NA,NA,NA,NA,NA,NA,NA,NA,NA,NA,NA,NA,NA,NA,NA,NA,NA,NA,531,18,Woman,0,0,0,0,0,0,0,0,3,0,0,2,0,0
723,NA,NA,NA,NA,NA,NA,NA,NA,NA,NA,NA,NA,NA,NA,NA,NA,NA,NA,NA,NA,NA,NA,NA,NA,NA,NA,NA,NA,NA,NA,NA,NA,NA,NA,NA,NA,NA,NA,NA,NA,NA,NA,NA,NA,541,18,Woman,2,4,0,0,2,0,0,0,1,0,0,2,0,0
724,NA,NA,NA,NA,NA,NA,NA,NA,NA,NA,NA,NA,NA,NA,NA,NA,NA,NA,NA,NA,NA,NA,NA,NA,NA,NA,NA,NA,NA,NA,NA,NA,NA,NA,NA,NA,NA,NA,NA,NA,NA,NA,NA,NA,542,18,Woman,5,4,0,5,4,1,0,0,4,0,0,5,5,5
725,NA,NA,NA,NA,NA,NA,NA,NA,NA,NA,NA,NA,NA,NA,NA,NA,NA,NA,NA,NA,NA,NA,NA,NA,NA,NA,NA,NA,NA,NA,NA,NA,NA,NA,NA,NA,NA,NA,NA,NA,NA,NA,NA,NA,543,18,Woman,5,3,0,1,3,4,0,0,2,0,0,2,1,1
726,NA,NA,NA,NA,NA,NA,NA,NA,NA,NA,NA,NA,NA,NA,NA,NA,NA,NA,NA,NA,NA,NA,NA,NA,NA,NA,NA,NA,NA,NA,NA,NA,NA,NA,NA,NA,NA,NA,NA,NA,NA,NA,NA,NA,545,19,Woman,4,5,1,0,2,3,0,0,1,0,4,0,0,0
727,NA,NA,NA,NA,NA,NA,NA,NA,NA,NA,NA,NA,NA,NA,NA,NA,NA,NA,NA,NA,NA,NA,NA,NA,NA,NA,NA,NA,NA,NA,NA,NA,NA,NA,NA,NA,NA,NA,NA,NA,NA,NA,NA,NA,546,18,Man,2,4,0,1,3,1,0,0,2,0,3,0,1,1
728,NA,NA,NA,NA,NA,NA,NA,NA,NA,NA,NA,NA,NA,NA,NA,NA,NA,NA,NA,NA,NA,NA,NA,NA,NA,NA,NA,NA,NA,NA,NA,NA,NA,NA,NA,NA,NA,NA,NA,NA,NA,NA,NA,NA,548,18,Man,3,1,0,1.5,3,4,0,0,0,0,5,0,1,2
729,NA,NA,NA,NA,NA,NA,NA,NA,NA,NA,NA,NA,NA,NA,NA,NA,NA,NA,NA,NA,NA,NA,NA,NA,NA,NA,NA,NA,NA,NA,NA,NA,NA,NA,NA,NA,NA,NA,NA,NA,NA,NA,NA,NA,550,19,Man,4,4,0,0,3,0,0,0,2,0,0,0,0,0
730,NA,NA,NA,NA,NA,NA,NA,NA,NA,NA,NA,NA,NA,NA,NA,NA,NA,NA,NA,NA,NA,NA,NA,NA,NA,NA,NA,NA,NA,NA,NA,NA,NA,NA,NA,NA,NA,NA,NA,NA,NA,NA,NA,NA,551,19,Woman,4,3,3,3,4,3,0,0,2,0,0,0,2,4
731,NA,NA,NA,NA,NA,NA,NA,NA,NA,NA,NA,NA,NA,NA,NA,NA,NA,NA,NA,NA,NA,NA,NA,NA,NA,NA,NA,NA,NA,NA,NA,NA,NA,NA,NA,NA,NA,NA,NA,NA,NA,NA,NA,NA,553,19,Woman,3,5,3,3,4,2,0,0,0,0,5,0,2,4
732,NA,NA,NA,NA,NA,NA,NA,NA,NA,NA,NA,NA,NA,NA,NA,NA,NA,NA,NA,NA,NA,NA,NA,NA,NA,NA,NA,NA,NA,NA,NA,NA,NA,NA,NA,NA,NA,NA,NA,NA,NA,NA,NA,NA,554,19,Man,0,1,0,0,1,1,0,0,0,0,0,0,0,0
733,NA,NA,NA,NA,NA,NA,NA,NA,NA,NA,NA,NA,NA,NA,NA,NA,NA,NA,NA,NA,NA,NA,NA,NA,NA,NA,NA,NA,NA,NA,NA,NA,NA,NA,NA,NA,NA,NA,NA,NA,NA,NA,NA,NA,556,19,Woman,4,4,0,1,4,1,0,0,4,0,1,0,2,0
734,NA,NA,NA,NA,NA,NA,NA,NA,NA,NA,NA,NA,NA,NA,NA,NA,NA,NA,NA,NA,NA,NA,NA,NA,NA,NA,NA,NA,NA,NA,NA,NA,NA,NA,NA,NA,NA,NA,NA,NA,NA,NA,NA,NA,558,18,Woman,4,4,2,1.5,4,1,0,0,2,0,0,2,2,1
735,NA,NA,NA,NA,NA,NA,NA,NA,NA,NA,NA,NA,NA,NA,NA,NA,NA,NA,NA,NA,NA,NA,NA,NA,NA,NA,NA,NA,NA,NA,NA,NA,NA,NA,NA,NA,NA,NA,NA,NA,NA,NA,NA,NA,561,18,Woman,3,2,0,1.5,3,1,0,0,4,0,5,0,2,1
736,NA,NA,NA,NA,NA,NA,NA,NA,NA,NA,NA,NA,NA,NA,NA,NA,NA,NA,NA,NA,NA,NA,NA,NA,NA,NA,NA,NA,NA,NA,NA,NA,NA,NA,NA,NA,NA,NA,NA,NA,NA,NA,NA,NA,562,20,Man,3,1,0,4,5,3,0,0,1,1.41,2,1,4,4
737,NA,NA,NA,NA,NA,NA,NA,NA,NA,NA,NA,NA,NA,NA,NA,NA,NA,NA,NA,NA,NA,NA,NA,NA,NA,NA,NA,NA,NA,NA,NA,NA,NA,NA,NA,NA,NA,NA,NA,NA,NA,NA,NA,NA,567,18,Non-binary,5,4,0,0.5,1,2,0,0,4,1.41,2,1,1,0
738,NA,NA,NA,NA,NA,NA,NA,NA,NA,NA,NA,NA,NA,NA,NA,NA,NA,NA,NA,NA,NA,NA,NA,NA,NA,NA,NA,NA,NA,NA,NA,NA,NA,NA,NA,NA,NA,NA,NA,NA,NA,NA,NA,NA,570,18,Woman,5,5,0,3,4,1,0,0,3,2,4,1,3,3
739,NA,NA,NA,NA,NA,NA,NA,NA,NA,NA,NA,NA,NA,NA,NA,NA,NA,NA,NA,NA,NA,NA,NA,NA,NA,NA,NA,NA,NA,NA,NA,NA,NA,NA,NA,NA,NA,NA,NA,NA,NA,NA,NA,NA,573,18,Woman,4,5,0,0.5,4,3,0,0,4,0,0,5,1,0
740,NA,NA,NA,NA,NA,NA,NA,NA,NA,NA,NA,NA,NA,NA,NA,NA,NA,NA,NA,NA,NA,NA,NA,NA,NA,NA,NA,NA,NA,NA,NA,NA,NA,NA,NA,NA,NA,NA,NA,NA,NA,NA,NA,NA,575,19,Man,5,4,4,1.5,5,4,1,0,0,0,5,0,3,0
741,NA,NA,NA,NA,NA,NA,NA,NA,NA,NA,NA,NA,NA,NA,NA,NA,NA,NA,NA,NA,NA,NA,NA,NA,NA,NA,NA,NA,NA,NA,NA,NA,NA,NA,NA,NA,NA,NA,NA,NA,NA,NA,NA,NA,576,19,Woman,3,3,5,2,4,4,0,0,3,2.24,5,1,1,3
742,NA,NA,NA,NA,NA,NA,NA,NA,NA,NA,NA,NA,NA,NA,NA,NA,NA,NA,NA,NA,NA,NA,NA,NA,NA,NA,NA,NA,NA,NA,NA,NA,NA,NA,NA,NA,NA,NA,NA,NA,NA,NA,NA,NA,577,20,Woman,4,3,3,2,4,3,0,0,1,2.83,2,4,2,2
743,NA,NA,NA,NA,NA,NA,NA,NA,NA,NA,NA,NA,NA,NA,NA,NA,NA,NA,NA,NA,NA,NA,NA,NA,NA,NA,NA,NA,NA,NA,NA,NA,NA,NA,NA,NA,NA,NA,NA,NA,NA,NA,NA,NA,578,18,Woman,3,2,1,1,2,2,1,0,3,0,0,0,2,0
744,NA,NA,NA,NA,NA,NA,NA,NA,NA,NA,NA,NA,NA,NA,NA,NA,NA,NA,NA,NA,NA,NA,NA,NA,NA,NA,NA,NA,NA,NA,NA,NA,NA,NA,NA,NA,NA,NA,NA,NA,NA,NA,NA,NA,580,20,Man,1,3,5,2,2,0,0,0,0,0,5,0,1,3
745,NA,NA,NA,NA,NA,NA,NA,NA,NA,NA,NA,NA,NA,NA,NA,NA,NA,NA,NA,NA,NA,NA,NA,NA,NA,NA,NA,NA,NA,NA,NA,NA,NA,NA,NA,NA,NA,NA,NA,NA,NA,NA,NA,NA,582,18,Man,0,2,0,3,1,0,0,0,0,0,1,0,2,4
746,NA,NA,NA,NA,NA,NA,NA,NA,NA,NA,NA,NA,NA,NA,NA,NA,NA,NA,NA,NA,NA,NA,NA,NA,NA,NA,NA,NA,NA,NA,NA,NA,NA,NA,NA,NA,NA,NA,NA,NA,NA,NA,NA,NA,584,19,Man,3,4,2,0.5,4,3,0,0,4,2,4,1,1,0
747,NA,NA,NA,NA,NA,NA,NA,NA,NA,NA,NA,NA,NA,NA,NA,NA,NA,NA,NA,NA,NA,NA,NA,NA,NA,NA,NA,NA,NA,NA,NA,NA,NA,NA,NA,NA,NA,NA,NA,NA,NA,NA,NA,NA,585,21,Woman,4,2,1,1,5,3,0,0,0,0,0,5,0,2
748,NA,NA,NA,NA,NA,NA,NA,NA,NA,NA,NA,NA,NA,NA,NA,NA,NA,NA,NA,NA,NA,NA,NA,NA,NA,NA,NA,NA,NA,NA,NA,NA,NA,NA,NA,NA,NA,NA,NA,NA,NA,NA,NA,NA,587,19,Man,5,5,3,1.5,5,3,3,0,0,0,5,0,2,1
749,NA,NA,NA,NA,NA,NA,NA,NA,NA,NA,NA,NA,NA,NA,NA,NA,NA,NA,NA,NA,NA,NA,NA,NA,NA,NA,NA,NA,NA,NA,NA,NA,NA,NA,NA,NA,NA,NA,NA,NA,NA,NA,NA,NA,588,18,Woman,1,4,1,3.5,2,2,0,0,0,0,4,0,3,4
750,NA,NA,NA,NA,NA,NA,NA,NA,NA,NA,NA,NA,NA,NA,NA,NA,NA,NA,NA,NA,NA,NA,NA,NA,NA,NA,NA,NA,NA,NA,NA,NA,NA,NA,NA,NA,NA,NA,NA,NA,NA,NA,NA,NA,589,18,Woman,5,4,3,5,5,5,0,0,4,2.83,4,2,5,5
751,NA,NA,NA,NA,NA,NA,NA,NA,NA,NA,NA,NA,NA,NA,NA,NA,NA,NA,NA,NA,NA,NA,NA,NA,NA,NA,NA,NA,NA,NA,NA,NA,NA,NA,NA,NA,NA,NA,NA,NA,NA,NA,NA,NA,595,19,Non-binary,2,3,0,0,1,1,0,0,1,1.41,2,1,0,0
752,NA,NA,NA,NA,NA,NA,NA,NA,NA,NA,NA,NA,NA,NA,NA,NA,NA,NA,NA,NA,NA,NA,NA,NA,NA,NA,NA,NA,NA,NA,NA,NA,NA,NA,NA,NA,NA,NA,NA,NA,NA,NA,NA,NA,597,18,Woman,2,1,1,3.5,3,2,0,0,0,0,3,0,4,3
753,NA,NA,NA,NA,NA,NA,NA,NA,NA,NA,NA,NA,NA,NA,NA,NA,NA,NA,NA,NA,NA,NA,NA,NA,NA,NA,NA,NA,NA,NA,NA,NA,NA,NA,NA,NA,NA,NA,NA,NA,NA,NA,NA,NA,603,18,Man,3,5,0,1.5,1,0,0,0,1,0,0,0,3,0
754,NA,NA,NA,NA,NA,NA,NA,NA,NA,NA,NA,NA,NA,NA,NA,NA,NA,NA,NA,NA,NA,NA,NA,NA,NA,NA,NA,NA,NA,NA,NA,NA,NA,NA,NA,NA,NA,NA,NA,NA,NA,NA,NA,NA,604,18,Woman,4,3,1,1.5,3,2,1,0,3,1.73,3,1,1,2
755,NA,NA,NA,NA,NA,NA,NA,NA,NA,NA,NA,NA,NA,NA,NA,NA,NA,NA,NA,NA,NA,NA,NA,NA,NA,NA,NA,NA,NA,NA,NA,NA,NA,NA,NA,NA,NA,NA,NA,NA,NA,NA,NA,NA,606,20,Woman,4,4,5,4.5,4,4,1,0,4,0,4,0,5,4
756,NA,NA,NA,NA,NA,NA,NA,NA,NA,NA,NA,NA,NA,NA,NA,NA,NA,NA,NA,NA,NA,NA,NA,NA,NA,NA,NA,NA,NA,NA,NA,NA,NA,NA,NA,NA,NA,NA,NA,NA,NA,NA,NA,NA,607,41,Man,3,5,3,2.5,4,4,0,0,1,0,0,5,1,4
757,NA,NA,NA,NA,NA,NA,NA,NA,NA,NA,NA,NA,NA,NA,NA,NA,NA,NA,NA,NA,NA,NA,NA,NA,NA,NA,NA,NA,NA,NA,NA,NA,NA,NA,NA,NA,NA,NA,NA,NA,NA,NA,NA,NA,609,19,Woman,4,4,3,3,4,3,0,0,3,2.45,2,3,2,4
758,NA,NA,NA,NA,NA,NA,NA,NA,NA,NA,NA,NA,NA,NA,NA,NA,NA,NA,NA,NA,NA,NA,NA,NA,NA,NA,NA,NA,NA,NA,NA,NA,NA,NA,NA,NA,NA,NA,NA,NA,NA,NA,NA,NA,610,18,Man,2,2,0,1,1,1,0,0,2,0,4,0,1,1
759,NA,NA,NA,NA,NA,NA,NA,NA,NA,NA,NA,NA,NA,NA,NA,NA,NA,NA,NA,NA,NA,NA,NA,NA,NA,NA,NA,NA,NA,NA,NA,NA,NA,NA,NA,NA,NA,NA,NA,NA,NA,NA,NA,NA,611,22,Woman,3,4,5,2.5,3,5,0,0,1,0,5,0,1,4
760,NA,NA,NA,NA,NA,NA,NA,NA,NA,NA,NA,NA,NA,NA,NA,NA,NA,NA,NA,NA,NA,NA,NA,NA,NA,NA,NA,NA,NA,NA,NA,NA,NA,NA,NA,NA,NA,NA,NA,NA,NA,NA,NA,NA,613,19,Woman,3,3,4,3.5,1,3,0,0,5,3.16,2,5,2,5
761,NA,NA,NA,NA,NA,NA,NA,NA,NA,NA,NA,NA,NA,NA,NA,NA,NA,NA,NA,NA,NA,NA,NA,NA,NA,NA,NA,NA,NA,NA,NA,NA,NA,NA,NA,NA,NA,NA,NA,NA,NA,NA,NA,NA,614,19,Woman,5,4,1,4,5,5,0,0,3,3.87,5,3,3,5
762,NA,NA,NA,NA,NA,NA,NA,NA,NA,NA,NA,NA,NA,NA,NA,NA,NA,NA,NA,NA,NA,NA,NA,NA,NA,NA,NA,NA,NA,NA,NA,NA,NA,NA,NA,NA,NA,NA,NA,NA,NA,NA,NA,NA,618,24,Man,4,3,4,0.5,2,3,0,0,1,0,5,0,1,0
763,NA,NA,NA,NA,NA,NA,NA,NA,NA,NA,NA,NA,NA,NA,NA,NA,NA,NA,NA,NA,NA,NA,NA,NA,NA,NA,NA,NA,NA,NA,NA,NA,NA,NA,NA,NA,NA,NA,NA,NA,NA,NA,NA,NA,621,18,Non-binary,4,4,2,4,4,1,0,0,1,0,5,0,5,3
764,NA,NA,NA,NA,NA,NA,NA,NA,NA,NA,NA,NA,NA,NA,NA,NA,NA,NA,NA,NA,NA,NA,NA,NA,NA,NA,NA,NA,NA,NA,NA,NA,NA,NA,NA,NA,NA,NA,NA,NA,NA,NA,NA,NA,626,21,Man,3,4,0,0,2,1,0,0,3,2,4,1,0,0
765,NA,NA,NA,NA,NA,NA,NA,NA,NA,NA,NA,NA,NA,NA,NA,NA,NA,NA,NA,NA,NA,NA,NA,NA,NA,NA,NA,NA,NA,NA,NA,NA,NA,NA,NA,NA,NA,NA,NA,NA,NA,NA,NA,NA,629,19,Woman,5,1,0,4,4,1,0,0,3,0,5,0,3,5
766,NA,NA,NA,NA,NA,NA,NA,NA,NA,NA,NA,NA,NA,NA,NA,NA,NA,NA,NA,NA,NA,NA,NA,NA,NA,NA,NA,NA,NA,NA,NA,NA,NA,NA,NA,NA,NA,NA,NA,NA,NA,NA,NA,NA,632,19,Woman,4,4,1,2.5,4,3,0,0,1,0,2,0,2,3
767,NA,NA,NA,NA,NA,NA,NA,NA,NA,NA,NA,NA,NA,NA,NA,NA,NA,NA,NA,NA,NA,NA,NA,NA,NA,NA,NA,NA,NA,NA,NA,NA,NA,NA,NA,NA,NA,NA,NA,NA,NA,NA,NA,NA,637,18,Woman,3,3,0,0,2,1,0,0,3,1,1,1,0,0
768,NA,NA,NA,NA,NA,NA,NA,NA,NA,NA,NA,NA,NA,NA,NA,NA,NA,NA,NA,NA,NA,NA,NA,NA,NA,NA,NA,NA,NA,NA,NA,NA,NA,NA,NA,NA,NA,NA,NA,NA,NA,NA,NA,NA,640,18,Woman,5,1,3,3,4,2,0,0,2,0,0,3,2,4
769,NA,NA,NA,NA,NA,NA,NA,NA,NA,NA,NA,NA,NA,NA,NA,NA,NA,NA,NA,NA,NA,NA,NA,NA,NA,NA,NA,NA,NA,NA,NA,NA,NA,NA,NA,NA,NA,NA,NA,NA,NA,NA,NA,NA,642,19,Woman,4,2,1,1,3,3,0,0,1,2.24,5,1,1,1
770,NA,NA,NA,NA,NA,NA,NA,NA,NA,NA,NA,NA,NA,NA,NA,NA,NA,NA,NA,NA,NA,NA,NA,NA,NA,NA,NA,NA,NA,NA,NA,NA,NA,NA,NA,NA,NA,NA,NA,NA,NA,NA,NA,NA,643,19,Woman,4,4,1,0.5,2,1,0,0,3,0,0,5,0,1
771,NA,NA,NA,NA,NA,NA,NA,NA,NA,NA,NA,NA,NA,NA,NA,NA,NA,NA,NA,NA,NA,NA,NA,NA,NA,NA,NA,NA,NA,NA,NA,NA,NA,NA,NA,NA,NA,NA,NA,NA,NA,NA,NA,NA,644,18,Woman,3,4,1,3.5,4,1,1,0,2,0,0,1,3,4
772,NA,NA,NA,NA,NA,NA,NA,NA,NA,NA,NA,NA,NA,NA,NA,NA,NA,NA,NA,NA,NA,NA,NA,NA,NA,NA,NA,NA,NA,NA,NA,NA,NA,NA,NA,NA,NA,NA,NA,NA,NA,NA,NA,NA,650,18,Woman,3,2,0,2.5,3,2,0,0,1,0,0,0,2,3
773,NA,NA,NA,NA,NA,NA,NA,NA,NA,NA,NA,NA,NA,NA,NA,NA,NA,NA,NA,NA,NA,NA,NA,NA,NA,NA,NA,NA,NA,NA,NA,NA,NA,NA,NA,NA,NA,NA,NA,NA,NA,NA,NA,NA,655,19,Woman,3,2,0,1,4,4,0,0,0,0,2,0,1,1
774,NA,NA,NA,NA,NA,NA,NA,NA,NA,NA,NA,NA,NA,NA,NA,NA,NA,NA,NA,NA,NA,NA,NA,NA,NA,NA,NA,NA,NA,NA,NA,NA,NA,NA,NA,NA,NA,NA,NA,NA,NA,NA,NA,NA,656,18,Woman,4,3,5,3.5,4,4,0,0,0,0,4,0,4,3
775,NA,NA,NA,NA,NA,NA,NA,NA,NA,NA,NA,NA,NA,NA,NA,NA,NA,NA,NA,NA,NA,NA,NA,NA,NA,NA,NA,NA,NA,NA,NA,NA,NA,NA,NA,NA,NA,NA,NA,NA,NA,NA,NA,NA,657,21,Woman,0,0,0,0,0,0,0,0,0,0,5,0,0,0
776,NA,NA,NA,NA,NA,NA,NA,NA,NA,NA,NA,NA,NA,NA,NA,NA,NA,NA,NA,NA,NA,NA,NA,NA,NA,NA,NA,NA,NA,NA,NA,NA,NA,NA,NA,NA,NA,NA,NA,NA,NA,NA,NA,NA,660,18,Man,5,5,1,1,3,2,1,0,2,2,4,1,1,1
777,NA,NA,NA,NA,NA,NA,NA,NA,NA,NA,NA,NA,NA,NA,NA,NA,NA,NA,NA,NA,NA,NA,NA,NA,NA,NA,NA,NA,NA,NA,NA,NA,NA,NA,NA,NA,NA,NA,NA,NA,NA,NA,NA,NA,662,18,Woman,2,1,0,0,3,1,0,0,0,0,2,0,0,0
778,NA,NA,NA,NA,NA,NA,NA,NA,NA,NA,NA,NA,NA,NA,NA,NA,NA,NA,NA,NA,NA,NA,NA,NA,NA,NA,NA,NA,NA,NA,NA,NA,NA,NA,NA,NA,NA,NA,NA,NA,NA,NA,NA,NA,663,18,Woman,1,3,2,4,3,1,0,0,1,0,5,0,4,4
779,NA,NA,NA,NA,NA,NA,NA,NA,NA,NA,NA,NA,NA,NA,NA,NA,NA,NA,NA,NA,NA,NA,NA,NA,NA,NA,NA,NA,NA,NA,NA,NA,NA,NA,NA,NA,NA,NA,NA,NA,NA,NA,NA,NA,666,19,Woman,4,1,0,4,3,3,0,5,5,0,5,0,4,4
780,NA,NA,NA,NA,NA,NA,NA,NA,NA,NA,NA,NA,NA,NA,NA,NA,NA,NA,NA,NA,NA,NA,NA,NA,NA,NA,NA,NA,NA,NA,NA,NA,NA,NA,NA,NA,NA,NA,NA,NA,NA,NA,NA,NA,670,19,Non-binary,4,3,1,0,5,3,3,3,0,0,2,0,0,0
781,NA,NA,NA,NA,NA,NA,NA,NA,NA,NA,NA,NA,NA,NA,NA,NA,NA,NA,NA,NA,NA,NA,NA,NA,NA,NA,NA,NA,NA,NA,NA,NA,NA,NA,NA,NA,NA,NA,NA,NA,NA,NA,NA,NA,671,18,Woman,4,3,2,3.5,3,2,0,0,3,0,5,0,3,4
782,NA,NA,NA,NA,NA,NA,NA,NA,NA,NA,NA,NA,NA,NA,NA,NA,NA,NA,NA,NA,NA,NA,NA,NA,NA,NA,NA,NA,NA,NA,NA,NA,NA,NA,NA,NA,NA,NA,NA,NA,NA,NA,NA,NA,673,23,Man,5,4,4,0,5,3,0,0,0,0,0,0,0,0
783,NA,NA,NA,NA,NA,NA,NA,NA,NA,NA,NA,NA,NA,NA,NA,NA,NA,NA,NA,NA,NA,NA,NA,NA,NA,NA,NA,NA,NA,NA,NA,NA,NA,NA,NA,NA,NA,NA,NA,NA,NA,NA,NA,NA,674,18,Man,4,1,0,2,5,0,0,0,0,0,0,3,3,1
784,NA,NA,NA,NA,NA,NA,NA,NA,NA,NA,NA,NA,NA,NA,NA,NA,NA,NA,NA,NA,NA,NA,NA,NA,NA,NA,NA,NA,NA,NA,NA,NA,NA,NA,NA,NA,NA,NA,NA,NA,NA,NA,NA,NA,676,18,Woman,4,3,0,2,2,3,0,0,0,3.46,3,4,3,1
785,NA,NA,NA,NA,NA,NA,NA,NA,NA,NA,NA,NA,NA,NA,NA,NA,NA,NA,NA,NA,NA,NA,NA,NA,NA,NA,NA,NA,NA,NA,NA,NA,NA,NA,NA,NA,NA,NA,NA,NA,NA,NA,NA,NA,677,18,Woman,3,2,3,1,4,3,0,0,3,0,0,5,1,1
786,NA,NA,NA,NA,NA,NA,NA,NA,NA,NA,NA,NA,NA,NA,NA,NA,NA,NA,NA,NA,NA,NA,NA,NA,NA,NA,NA,NA,NA,NA,NA,NA,NA,NA,NA,NA,NA,NA,NA,NA,NA,NA,NA,NA,681,19,Man,3,1,0,1,4,1,1,0,0,0,0,0,2,0
787,NA,NA,NA,NA,NA,NA,NA,NA,NA,NA,NA,NA,NA,NA,NA,NA,NA,NA,NA,NA,NA,NA,NA,NA,NA,NA,NA,NA,NA,NA,NA,NA,NA,NA,NA,NA,NA,NA,NA,NA,NA,NA,NA,NA,683,18,Woman,3,2,4,2.5,4,2,0,0,4,0,5,0,1,4
788,NA,NA,NA,NA,NA,NA,NA,NA,NA,NA,NA,NA,NA,NA,NA,NA,NA,NA,NA,NA,NA,NA,NA,NA,NA,NA,NA,NA,NA,NA,NA,NA,NA,NA,NA,NA,NA,NA,NA,NA,NA,NA,NA,NA,684,19,Woman,4,3,3,3.5,4,5,0,1,1,0,0,2,4,3
789,NA,NA,NA,NA,NA,NA,NA,NA,NA,NA,NA,NA,NA,NA,NA,NA,NA,NA,NA,NA,NA,NA,NA,NA,NA,NA,NA,NA,NA,NA,NA,NA,NA,NA,NA,NA,NA,NA,NA,NA,NA,NA,NA,NA,685,20,Woman,5,4,3,2.5,4,4,0,0,4,0,0,5,2,3
790,NA,NA,NA,NA,NA,NA,NA,NA,NA,NA,NA,NA,NA,NA,NA,NA,NA,NA,NA,NA,NA,NA,NA,NA,NA,NA,NA,NA,NA,NA,NA,NA,NA,NA,NA,NA,NA,NA,NA,NA,NA,NA,NA,NA,688,19,Woman,2,4,0,0,1,1,0,0,3,0,5,0,0,0
791,NA,NA,NA,NA,NA,NA,NA,NA,NA,NA,NA,NA,NA,NA,NA,NA,NA,NA,NA,NA,NA,NA,NA,NA,NA,NA,NA,NA,NA,NA,NA,NA,NA,NA,NA,NA,NA,NA,NA,NA,NA,NA,NA,NA,690,19,Woman,4,3,1,0,3,4,0,0,2,0,0,5,0,0
792,NA,NA,NA,NA,NA,NA,NA,NA,NA,NA,NA,NA,NA,NA,NA,NA,NA,NA,NA,NA,NA,NA,NA,NA,NA,NA,NA,NA,NA,NA,NA,NA,NA,NA,NA,NA,NA,NA,NA,NA,NA,NA,NA,NA,694,18,Man,0,0,2,0,0,1,0,0,0,0,0,0,0,0
793,NA,NA,NA,NA,NA,NA,NA,NA,NA,NA,NA,NA,NA,NA,NA,NA,NA,NA,NA,NA,NA,NA,NA,NA,NA,NA,NA,NA,NA,NA,NA,NA,NA,NA,NA,NA,NA,NA,NA,NA,NA,NA,NA,NA,698,19,Man,4,1,0,3,3,2,0,0,3,0,4,0,3,3
794,NA,NA,NA,NA,NA,NA,NA,NA,NA,NA,NA,NA,NA,NA,NA,NA,NA,NA,NA,NA,NA,NA,NA,NA,NA,NA,NA,NA,NA,NA,NA,NA,NA,NA,NA,NA,NA,NA,NA,NA,NA,NA,NA,NA,699,20,Woman,5,5,1,1.5,2,0,0,0,4,0,0,0,0,3
795,NA,NA,NA,NA,NA,NA,NA,NA,NA,NA,NA,NA,NA,NA,NA,NA,NA,NA,NA,NA,NA,NA,NA,NA,NA,NA,NA,NA,NA,NA,NA,NA,NA,NA,NA,NA,NA,NA,NA,NA,NA,NA,NA,NA,700,18,Woman,5,4,1,2.5,4,2,0,0,3,1.41,2,1,3,2
796,NA,NA,NA,NA,NA,NA,NA,NA,NA,NA,NA,NA,NA,NA,NA,NA,NA,NA,NA,NA,NA,NA,NA,NA,NA,NA,NA,NA,NA,NA,NA,NA,NA,NA,NA,NA,NA,NA,NA,NA,NA,NA,NA,NA,703,19,5,0,0,0,0,0,0,2,0,0,0,0,0,0,0
797,NA,NA,NA,NA,NA,NA,NA,NA,NA,NA,NA,NA,NA,NA,NA,NA,NA,NA,NA,NA,NA,NA,NA,NA,NA,NA,NA,NA,NA,NA,NA,NA,NA,NA,NA,NA,NA,NA,NA,NA,NA,NA,NA,NA,704,18,Man,1,4,0,1,2,1,0,0,2,0,0,1,1,1
798,NA,NA,NA,NA,NA,NA,NA,NA,NA,NA,NA,NA,NA,NA,NA,NA,NA,NA,NA,NA,NA,NA,NA,NA,NA,NA,NA,NA,NA,NA,NA,NA,NA,NA,NA,NA,NA,NA,NA,NA,NA,NA,NA,NA,712,18,Woman,4,3,0,0.5,4,2,0,0,0,0,5,0,1,0
799,NA,NA,NA,NA,NA,NA,NA,NA,NA,NA,NA,NA,NA,NA,NA,NA,NA,NA,NA,NA,NA,NA,NA,NA,NA,NA,NA,NA,NA,NA,NA,NA,NA,NA,NA,NA,NA,NA,NA,NA,NA,NA,NA,NA,717,18,Woman,4,5,0,0.5,4,2,0,0,0,0,5,0,1,0
800,NA,NA,NA,NA,NA,NA,NA,NA,NA,NA,NA,NA,NA,NA,NA,NA,NA,NA,NA,NA,NA,NA,NA,NA,NA,NA,NA,NA,NA,NA,NA,NA,NA,NA,NA,NA,NA,NA,NA,NA,NA,NA,NA,NA,719,20,Woman,5,4,0,0,4,4,0,0,0,1.41,1,2,0,0
801,NA,NA,NA,NA,NA,NA,NA,NA,NA,NA,NA,NA,NA,NA,NA,NA,NA,NA,NA,NA,NA,NA,NA,NA,NA,NA,NA,NA,NA,NA,NA,NA,NA,NA,NA,NA,NA,NA,NA,NA,NA,NA,NA,NA,721,22,Man,3,4,1,0.5,3,1,0,0,3,2,2,2,0,1
802,NA,NA,NA,NA,NA,NA,NA,NA,NA,NA,NA,NA,NA,NA,NA,NA,NA,NA,NA,NA,NA,NA,NA,NA,NA,NA,NA,NA,NA,NA,NA,NA,NA,NA,NA,NA,NA,NA,NA,NA,NA,NA,NA,NA,728,20,Woman,4,4,2,3.5,0,0,0,0,2,0,5,0,2,5
803,NA,NA,NA,NA,NA,NA,NA,NA,NA,NA,NA,NA,NA,NA,NA,NA,NA,NA,NA,NA,NA,NA,NA,NA,NA,NA,NA,NA,NA,NA,NA,NA,NA,NA,NA,NA,NA,NA,NA,NA,NA,NA,NA,NA,730,18,Woman,3,5,0,0.5,4,0,0,0,1,2,4,1,1,0
804,NA,NA,NA,NA,NA,NA,NA,NA,NA,NA,NA,NA,NA,NA,NA,NA,NA,NA,NA,NA,NA,NA,NA,NA,NA,NA,NA,NA,NA,NA,NA,NA,NA,NA,NA,NA,NA,NA,NA,NA,NA,NA,NA,NA,732,18,Woman,5,5,0,2,4,3,0,5,1,1.41,2,1,1,3
805,NA,NA,NA,NA,NA,NA,NA,NA,NA,NA,NA,NA,NA,NA,NA,NA,NA,NA,NA,NA,NA,NA,NA,NA,NA,NA,NA,NA,NA,NA,NA,NA,NA,NA,NA,NA,NA,NA,NA,NA,NA,NA,NA,NA,734,18,Man,3,0,1,1.5,2,1,0,0,2,0,5,0,1,2
806,NA,NA,NA,NA,NA,NA,NA,NA,NA,NA,NA,NA,NA,NA,NA,NA,NA,NA,NA,NA,NA,NA,NA,NA,NA,NA,NA,NA,NA,NA,NA,NA,NA,NA,NA,NA,NA,NA,NA,NA,NA,NA,NA,NA,735,18,Woman,3,2,0,1,3,2,0,0,1,0,5,0,1,1
807,NA,NA,NA,NA,NA,NA,NA,NA,NA,NA,NA,NA,NA,NA,NA,NA,NA,NA,NA,NA,NA,NA,NA,NA,NA,NA,NA,NA,NA,NA,NA,NA,NA,NA,NA,NA,NA,NA,NA,NA,NA,NA,NA,NA,737,19,Woman,5,5,0,0,2,4,0,0,2,0,0,1,0,0
808,NA,NA,NA,NA,NA,NA,NA,NA,NA,NA,NA,NA,NA,NA,NA,NA,NA,NA,NA,NA,NA,NA,NA,NA,NA,NA,NA,NA,NA,NA,NA,NA,NA,NA,NA,NA,NA,NA,NA,NA,NA,NA,NA,NA,739,19,Woman,4,5,0,0.5,3,2,0,0,1,0,0,1,0,1
809,NA,NA,NA,NA,NA,NA,NA,NA,NA,NA,NA,NA,NA,NA,NA,NA,NA,NA,NA,NA,NA,NA,NA,NA,NA,NA,NA,NA,NA,NA,NA,NA,NA,NA,NA,NA,NA,NA,NA,NA,NA,NA,NA,NA,744,18,Woman,5,4,0,3.5,5,5,0,0,2,0,0,5,4,3
810,NA,NA,NA,NA,NA,NA,NA,NA,NA,NA,NA,NA,NA,NA,NA,NA,NA,NA,NA,NA,NA,NA,NA,NA,NA,NA,NA,NA,NA,NA,NA,NA,NA,NA,NA,NA,NA,NA,NA,NA,NA,NA,NA,NA,745,18,Woman,4,4,0,0.5,4,2,0,0,1,0,4,0,1,0
811,NA,NA,NA,NA,NA,NA,NA,NA,NA,NA,NA,NA,NA,NA,NA,NA,NA,NA,NA,NA,NA,NA,NA,NA,NA,NA,NA,NA,NA,NA,NA,NA,NA,NA,NA,NA,NA,NA,NA,NA,NA,NA,NA,NA,747,20,Woman,3,1,0,1.5,2,3,0,0,4,1.73,3,1,1,2
812,NA,NA,NA,NA,NA,NA,NA,NA,NA,NA,NA,NA,NA,NA,NA,NA,NA,NA,NA,NA,NA,NA,NA,NA,NA,NA,NA,NA,NA,NA,NA,NA,NA,NA,NA,NA,NA,NA,NA,NA,NA,NA,NA,NA,748,20,Man,4,3,1,2.5,5,2,0,5,2,0,0,5,2,3
813,NA,NA,NA,NA,NA,NA,NA,NA,NA,NA,NA,NA,NA,NA,NA,NA,NA,NA,NA,NA,NA,NA,NA,NA,NA,NA,NA,NA,NA,NA,NA,NA,NA,NA,NA,NA,NA,NA,NA,NA,NA,NA,NA,NA,749,18,Woman,5,2,0,2.5,0,3,0,0,3,0,5,0,2,3
814,NA,NA,NA,NA,NA,NA,NA,NA,NA,NA,NA,NA,NA,NA,NA,NA,NA,NA,NA,NA,NA,NA,NA,NA,NA,NA,NA,NA,NA,NA,NA,NA,NA,NA,NA,NA,NA,NA,NA,NA,NA,NA,NA,NA,750,22,Woman,5,2,0,3,4,3,0,0,2,0,5,0,2,4
815,NA,NA,NA,NA,NA,NA,NA,NA,NA,NA,NA,NA,NA,NA,NA,NA,NA,NA,NA,NA,NA,NA,NA,NA,NA,NA,NA,NA,NA,NA,NA,NA,NA,NA,NA,NA,NA,NA,NA,NA,NA,NA,NA,NA,754,18,Woman,5,5,1,3,5,4,0,0,1,5,5,5,4,2
816,NA,NA,NA,NA,NA,NA,NA,NA,NA,NA,NA,NA,NA,NA,NA,NA,NA,NA,NA,NA,NA,NA,NA,NA,NA,NA,NA,NA,NA,NA,NA,NA,NA,NA,NA,NA,NA,NA,NA,NA,NA,NA,NA,NA,755,18,Woman,3,4,0,0,5,1,0,1,2,0,5,0,0,0
817,NA,NA,NA,NA,NA,NA,NA,NA,NA,NA,NA,NA,NA,NA,NA,NA,NA,NA,NA,NA,NA,NA,NA,NA,NA,NA,NA,NA,NA,NA,NA,NA,NA,NA,NA,NA,NA,NA,NA,NA,NA,NA,NA,NA,757,22,Woman,5,4,2,4,5,5,0,0,2,2.24,1,5,4,4
818,NA,NA,NA,NA,NA,NA,NA,NA,NA,NA,NA,NA,NA,NA,NA,NA,NA,NA,NA,NA,NA,NA,NA,NA,NA,NA,NA,NA,NA,NA,NA,NA,NA,NA,NA,NA,NA,NA,NA,NA,NA,NA,NA,NA,761,20,Woman,4,4,1,1.5,1,4,0,0,1,1,1,1,1,2
819,NA,NA,NA,NA,NA,NA,NA,NA,NA,NA,NA,NA,NA,NA,NA,NA,NA,NA,NA,NA,NA,NA,NA,NA,NA,NA,NA,NA,NA,NA,NA,NA,NA,NA,NA,NA,NA,NA,NA,NA,NA,NA,NA,NA,762,18,Man,1,2,0,2,1,1,0,0,0,0,0,0,3,1
820,NA,NA,NA,NA,NA,NA,NA,NA,NA,NA,NA,NA,NA,NA,NA,NA,NA,NA,NA,NA,NA,NA,NA,NA,NA,NA,NA,NA,NA,NA,NA,NA,NA,NA,NA,NA,NA,NA,NA,NA,NA,NA,NA,NA,764,22,Woman,3,2,0,0,2,1,0,0,0,2,4,1,0,0
821,NA,NA,NA,NA,NA,NA,NA,NA,NA,NA,NA,NA,NA,NA,NA,NA,NA,NA,NA,NA,NA,NA,NA,NA,NA,NA,NA,NA,NA,NA,NA,NA,NA,NA,NA,NA,NA,NA,NA,NA,NA,NA,NA,NA,768,18,Woman,4,4,2,2,4,3,0,0,1,0,2,0,2,2
822,NA,NA,NA,NA,NA,NA,NA,NA,NA,NA,NA,NA,NA,NA,NA,NA,NA,NA,NA,NA,NA,NA,NA,NA,NA,NA,NA,NA,NA,NA,NA,NA,NA,NA,NA,NA,NA,NA,NA,NA,NA,NA,NA,NA,769,19,Woman,4,3,0,1,4,3,0,0,1,1,1,1,1,1
823,NA,NA,NA,NA,NA,NA,NA,NA,NA,NA,NA,NA,NA,NA,NA,NA,NA,NA,NA,NA,NA,NA,NA,NA,NA,NA,NA,NA,NA,NA,NA,NA,NA,NA,NA,NA,NA,NA,NA,NA,NA,NA,NA,NA,770,18,Man,3,3,3,2,4,3,0,5,0,0,0,3,1,3
824,NA,NA,NA,NA,NA,NA,NA,NA,NA,NA,NA,NA,NA,NA,NA,NA,NA,NA,NA,NA,NA,NA,NA,NA,NA,NA,NA,NA,NA,NA,NA,NA,NA,NA,NA,NA,NA,NA,NA,NA,NA,NA,NA,NA,773,20,Woman,4,3,0,4,1,0,0,0,0,0,5,0,4,4
825,NA,NA,NA,NA,NA,NA,NA,NA,NA,NA,NA,NA,NA,NA,NA,NA,NA,NA,NA,NA,NA,NA,NA,NA,NA,NA,NA,NA,NA,NA,NA,NA,NA,NA,NA,NA,NA,NA,NA,NA,NA,NA,NA,NA,774,18,Woman,4,1,0,2,2,1,0,0,0,0,1,0,3,1
826,NA,NA,NA,NA,NA,NA,NA,NA,NA,NA,NA,NA,NA,NA,NA,NA,NA,NA,NA,NA,NA,NA,NA,NA,NA,NA,NA,NA,NA,NA,NA,NA,NA,NA,NA,NA,NA,NA,NA,NA,NA,NA,NA,NA,776,19,Man,4,5,0,2.5,4,4,0,0,1,0,4,0,2,3
827,NA,NA,NA,NA,NA,NA,NA,NA,NA,NA,NA,NA,NA,NA,NA,NA,NA,NA,NA,NA,NA,NA,NA,NA,NA,NA,NA,NA,NA,NA,NA,NA,NA,NA,NA,NA,NA,NA,NA,NA,NA,NA,NA,NA,778,19,Woman,3,2,0,0.5,1,0,1,0,1,1.41,2,1,1,0
828,NA,NA,NA,NA,NA,NA,NA,NA,NA,NA,NA,NA,NA,NA,NA,NA,NA,NA,NA,NA,NA,NA,NA,NA,NA,NA,NA,NA,NA,NA,NA,NA,NA,NA,NA,NA,NA,NA,NA,NA,NA,NA,NA,NA,779,20,Woman,5,5,3,2.5,5,4,0,0,3,0,0,1,4,1
829,NA,NA,NA,NA,NA,NA,NA,NA,NA,NA,NA,NA,NA,NA,NA,NA,NA,NA,NA,NA,NA,NA,NA,NA,NA,NA,NA,NA,NA,NA,NA,NA,NA,NA,NA,NA,NA,NA,NA,NA,NA,NA,NA,NA,780,19,Non-binary,4,3,1,1.5,3,1,0,0,2,0,5,0,1,2
830,NA,NA,NA,NA,NA,NA,NA,NA,NA,NA,NA,NA,NA,NA,NA,NA,NA,NA,NA,NA,NA,NA,NA,NA,NA,NA,NA,NA,NA,NA,NA,NA,NA,NA,NA,NA,NA,NA,NA,NA,NA,NA,NA,NA,782,18,Woman,3,2,1,4,2,1,3,0,4,0,5,0,4,4
831,NA,NA,NA,NA,NA,NA,NA,NA,NA,NA,NA,NA,NA,NA,NA,NA,NA,NA,NA,NA,NA,NA,NA,NA,NA,NA,NA,NA,NA,NA,NA,NA,NA,NA,NA,NA,NA,NA,NA,NA,NA,NA,NA,NA,783,18,Woman,4,3,2,3.5,5,1,1,0,4,0,3,0,4,3
832,NA,NA,NA,NA,NA,NA,NA,NA,NA,NA,NA,NA,NA,NA,NA,NA,NA,NA,NA,NA,NA,NA,NA,NA,NA,NA,NA,NA,NA,NA,NA,NA,NA,NA,NA,NA,NA,NA,NA,NA,NA,NA,NA,NA,786,19,Woman,4,5,2,1.5,4,3,1,0,1,2,4,1,1,2
833,NA,NA,NA,NA,NA,NA,NA,NA,NA,NA,NA,NA,NA,NA,NA,NA,NA,NA,NA,NA,NA,NA,NA,NA,NA,NA,NA,NA,NA,NA,NA,NA,NA,NA,NA,NA,NA,NA,NA,NA,NA,NA,NA,NA,787,19,Woman,3,3,4,5,2,3,4,0,1,0,5,0,5,5
834,NA,NA,NA,NA,NA,NA,NA,NA,NA,NA,NA,NA,NA,NA,NA,NA,NA,NA,NA,NA,NA,NA,NA,NA,NA,NA,NA,NA,NA,NA,NA,NA,NA,NA,NA,NA,NA,NA,NA,NA,NA,NA,NA,NA,789,18,Woman,4,5,1,1.5,3,2,1,4,3,0,0,5,1,2
835,NA,NA,NA,NA,NA,NA,NA,NA,NA,NA,NA,NA,NA,NA,NA,NA,NA,NA,NA,NA,NA,NA,NA,NA,NA,NA,NA,NA,NA,NA,NA,NA,NA,NA,NA,NA,NA,NA,NA,NA,NA,NA,NA,NA,792,20,Woman,2,2,0,1,2,0,0,0,3,0,0,0,0,2
836,NA,NA,NA,NA,NA,NA,NA,NA,NA,NA,NA,NA,NA,NA,NA,NA,NA,NA,NA,NA,NA,NA,NA,NA,NA,NA,NA,NA,NA,NA,NA,NA,NA,NA,NA,NA,NA,NA,NA,NA,NA,NA,NA,NA,794,19,Woman,4,5,2,0,4,5,0,0,0,3.87,5,3,0,0
837,NA,NA,NA,NA,NA,NA,NA,NA,NA,NA,NA,NA,NA,NA,NA,NA,NA,NA,NA,NA,NA,NA,NA,NA,NA,NA,NA,NA,NA,NA,NA,NA,NA,NA,NA,NA,NA,NA,NA,NA,NA,NA,NA,NA,796,18,Woman,3,2,0,0.5,4,1,0,2,3,2,1,4,1,0
838,NA,NA,NA,NA,NA,NA,NA,NA,NA,NA,NA,NA,NA,NA,NA,NA,NA,NA,NA,NA,NA,NA,NA,NA,NA,NA,NA,NA,NA,NA,NA,NA,NA,NA,NA,NA,NA,NA,NA,NA,NA,NA,NA,NA,800,21,Woman,4,2,0,2.5,2,3,0,5,1,0,0,2,1,4
839,NA,NA,NA,NA,NA,NA,NA,NA,NA,NA,NA,NA,NA,NA,NA,NA,NA,NA,NA,NA,NA,NA,NA,NA,NA,NA,NA,NA,NA,NA,NA,NA,NA,NA,NA,NA,NA,NA,NA,NA,NA,NA,NA,NA,808,18,Woman,1,0,0,0,0,0,0,0,0,0,3,0,0,0
840,NA,NA,NA,NA,NA,NA,NA,NA,NA,NA,NA,NA,NA,NA,NA,NA,NA,NA,NA,NA,NA,NA,NA,NA,NA,NA,NA,NA,NA,NA,NA,NA,NA,NA,NA,NA,NA,NA,NA,NA,NA,NA,NA,NA,811,18,Woman,4,4,0,1,5,4,0,0,2,0,0,0,1,1
841,NA,NA,NA,NA,NA,NA,NA,NA,NA,NA,NA,NA,NA,NA,NA,NA,NA,NA,NA,NA,NA,NA,NA,NA,NA,NA,NA,NA,NA,NA,NA,NA,NA,NA,NA,NA,NA,NA,NA,NA,NA,NA,NA,NA,812,19,Woman,4,4,2,3,1,0,0,0,5,0,0,0,2,4
842,NA,NA,NA,NA,NA,NA,NA,NA,NA,NA,NA,NA,NA,NA,NA,NA,NA,NA,NA,NA,NA,NA,NA,NA,NA,NA,NA,NA,NA,NA,NA,NA,NA,NA,NA,NA,NA,NA,NA,NA,NA,NA,NA,NA,816,18,Woman,2,4,4,1,2,2,0,0,0,0,0,1,1,1
843,NA,NA,NA,NA,NA,NA,NA,NA,NA,NA,NA,NA,NA,NA,NA,NA,NA,NA,NA,NA,NA,NA,NA,NA,NA,NA,NA,NA,NA,NA,NA,NA,NA,NA,NA,NA,NA,NA,NA,NA,NA,NA,NA,NA,817,18,Man,1,1,0,2,2,1,0,0,1,0,4,0,2,2
844,NA,NA,NA,NA,NA,NA,NA,NA,NA,NA,NA,NA,NA,NA,NA,NA,NA,NA,NA,NA,NA,NA,NA,NA,NA,NA,NA,NA,NA,NA,NA,NA,NA,NA,NA,NA,NA,NA,NA,NA,NA,NA,NA,NA,818,19,Woman,4,2,1,2,1,4,2,1,2,0,0,0,1,3
845,NA,NA,NA,NA,NA,NA,NA,NA,NA,NA,NA,NA,NA,NA,NA,NA,NA,NA,NA,NA,NA,NA,NA,NA,NA,NA,NA,NA,NA,NA,NA,NA,NA,NA,NA,NA,NA,NA,NA,NA,NA,NA,NA,NA,821,20,Woman,4,4,0,0,4,3,0,0,1,0,3,0,0,0
846,NA,NA,NA,NA,NA,NA,NA,NA,NA,NA,NA,NA,NA,NA,NA,NA,NA,NA,NA,NA,NA,NA,NA,NA,NA,NA,NA,NA,NA,NA,NA,NA,NA,NA,NA,NA,NA,NA,NA,NA,NA,NA,NA,NA,822,18,Woman,1,1,3,3.5,0,0,2,0,0,0,2,0,4,3
847,NA,NA,NA,NA,NA,NA,NA,NA,NA,NA,NA,NA,NA,NA,NA,NA,NA,NA,NA,NA,NA,NA,NA,NA,NA,NA,NA,NA,NA,NA,NA,NA,NA,NA,NA,NA,NA,NA,NA,NA,NA,NA,NA,NA,827,18,Woman,5,4,1,1,3,4,0,0,1,0,0,3,0,2
848,NA,NA,NA,NA,NA,NA,NA,NA,NA,NA,NA,NA,NA,NA,NA,NA,NA,NA,NA,NA,NA,NA,NA,NA,NA,NA,NA,NA,NA,NA,NA,NA,NA,NA,NA,NA,NA,NA,NA,NA,NA,NA,NA,NA,828,19,Woman,3,4,0,1,3,1,0,0,0,0,0,4,1,1
849,NA,NA,NA,NA,NA,NA,NA,NA,NA,NA,NA,NA,NA,NA,NA,NA,NA,NA,NA,NA,NA,NA,NA,NA,NA,NA,NA,NA,NA,NA,NA,NA,NA,NA,NA,NA,NA,NA,NA,NA,NA,NA,NA,NA,829,18,Woman,4,5,1,1.5,2,4,0,0,3,0,0,0,0,3
850,NA,NA,NA,NA,NA,NA,NA,NA,NA,NA,NA,NA,NA,NA,NA,NA,NA,NA,NA,NA,NA,NA,NA,NA,NA,NA,NA,NA,NA,NA,NA,NA,NA,NA,NA,NA,NA,NA,NA,NA,NA,NA,NA,NA,837,28,Woman,5,4,4,3,4,4,0,0,1,0,0,0,3,3
851,NA,NA,NA,NA,NA,NA,NA,NA,NA,NA,NA,NA,NA,NA,NA,NA,NA,NA,NA,NA,NA,NA,NA,NA,NA,NA,NA,NA,NA,NA,NA,NA,NA,NA,NA,NA,NA,NA,NA,NA,NA,NA,NA,NA,840,18,Man,4,4,0,0.5,4,0,0,0,1,0,0,0,1,0
852,NA,NA,NA,NA,NA,NA,NA,NA,NA,NA,NA,NA,NA,NA,NA,NA,NA,NA,NA,NA,NA,NA,NA,NA,NA,NA,NA,NA,NA,NA,NA,NA,NA,NA,NA,NA,NA,NA,NA,NA,NA,NA,NA,NA,841,20,Woman,4,3,4,1.5,3,2,0,0,2,0,0,5,1,2
853,NA,NA,NA,NA,NA,NA,NA,NA,NA,NA,NA,NA,NA,NA,NA,NA,NA,NA,NA,NA,NA,NA,NA,NA,NA,NA,NA,NA,NA,NA,NA,NA,NA,NA,NA,NA,NA,NA,NA,NA,NA,NA,NA,NA,843,19,Woman,5,4,0,0,3,3,0,0,0,0,0,4,0,0
854,NA,NA,NA,NA,NA,NA,NA,NA,NA,NA,NA,NA,NA,NA,NA,NA,NA,NA,NA,NA,NA,NA,NA,NA,NA,NA,NA,NA,NA,NA,NA,NA,NA,NA,NA,NA,NA,NA,NA,NA,NA,NA,NA,NA,845,18,Woman,4,2,0,2.5,1,0,0,0,0,0,3,0,4,1
855,NA,NA,NA,NA,NA,NA,NA,NA,NA,NA,NA,NA,NA,NA,NA,NA,NA,NA,NA,NA,NA,NA,NA,NA,NA,NA,NA,NA,NA,NA,NA,NA,NA,NA,NA,NA,NA,NA,NA,NA,NA,NA,NA,NA,847,19,Woman,4,4,0,1.5,4,4,0,0,3,1.41,1,2,2,1
856,NA,NA,NA,NA,NA,NA,NA,NA,NA,NA,NA,NA,NA,NA,NA,NA,NA,NA,NA,NA,NA,NA,NA,NA,NA,NA,NA,NA,NA,NA,NA,NA,NA,NA,NA,NA,NA,NA,NA,NA,NA,NA,NA,NA,848,19,Non-binary,2,4,0,0.5,5,3,0,0,4,0,0,2,1,0
857,NA,NA,NA,NA,NA,NA,NA,NA,NA,NA,NA,NA,NA,NA,NA,NA,NA,NA,NA,NA,NA,NA,NA,NA,NA,NA,NA,NA,NA,NA,NA,NA,NA,NA,NA,NA,NA,NA,NA,NA,NA,NA,NA,NA,854,19,Woman,4,4,0,0.5,3,3,0,0,2,2.83,2,4,1,0
858,NA,NA,NA,NA,NA,NA,NA,NA,NA,NA,NA,NA,NA,NA,NA,NA,NA,NA,NA,NA,NA,NA,NA,NA,NA,NA,NA,NA,NA,NA,NA,NA,NA,NA,NA,NA,NA,NA,NA,NA,NA,NA,NA,NA,858,18,Woman,5,1,0,3,4,2,3,0,2,2.45,2,3,3,3
859,NA,NA,NA,NA,NA,NA,NA,NA,NA,NA,NA,NA,NA,NA,NA,NA,NA,NA,NA,NA,NA,NA,NA,NA,NA,NA,NA,NA,NA,NA,NA,NA,NA,NA,NA,NA,NA,NA,NA,NA,NA,NA,NA,NA,863,18,Non-binary,4,3,5,4,4,5,0,0,4,2.83,2,4,3,5
860,NA,NA,NA,NA,NA,NA,NA,NA,NA,NA,NA,NA,NA,NA,NA,NA,NA,NA,NA,NA,NA,NA,NA,NA,NA,NA,NA,NA,NA,NA,NA,NA,NA,NA,NA,NA,NA,NA,NA,NA,NA,NA,NA,NA,864,18,Woman,2,1,0,0,0,0,0,0,1,0,3,0,0,0
861,NA,NA,NA,NA,NA,NA,NA,NA,NA,NA,NA,NA,NA,NA,NA,NA,NA,NA,NA,NA,NA,NA,NA,NA,NA,NA,NA,NA,NA,NA,NA,NA,NA,NA,NA,NA,NA,NA,NA,NA,NA,NA,NA,NA,865,19,Woman,3,3,1,2,3,2,0,0,1,1.73,3,1,2,2
862,NA,NA,NA,NA,NA,NA,NA,NA,NA,NA,NA,NA,NA,NA,NA,NA,NA,NA,NA,NA,NA,NA,NA,NA,NA,NA,NA,NA,NA,NA,NA,NA,NA,NA,NA,NA,NA,NA,NA,NA,NA,NA,NA,NA,869,18,Woman,4,4,0,1.5,4,1,0,0,2,1.41,2,1,1,2
863,NA,NA,NA,NA,NA,NA,NA,NA,NA,NA,NA,NA,NA,NA,NA,NA,NA,NA,NA,NA,NA,NA,NA,NA,NA,NA,NA,NA,NA,NA,NA,NA,NA,NA,NA,NA,NA,NA,NA,NA,NA,NA,NA,NA,870,20,Woman,4,5,3,3,5,5,0,0,0,0,4,0,4,2
864,NA,NA,NA,NA,NA,NA,NA,NA,NA,NA,NA,NA,NA,NA,NA,NA,NA,NA,NA,NA,NA,NA,NA,NA,NA,NA,NA,NA,NA,NA,NA,NA,NA,NA,NA,NA,NA,NA,NA,NA,NA,NA,NA,NA,876,18,Woman,5,5,1,3.5,5,2,0,0,0,0,0,0,4,3
865,NA,NA,NA,NA,NA,NA,NA,NA,NA,NA,NA,NA,NA,NA,NA,NA,NA,NA,NA,NA,NA,NA,NA,NA,NA,NA,NA,NA,NA,NA,NA,NA,NA,NA,NA,NA,NA,NA,NA,NA,NA,NA,NA,NA,878,19,Woman,3,2,0,0.5,1,3,0,0,5,0,0,5,1,0
866,NA,NA,NA,NA,NA,NA,NA,NA,NA,NA,NA,NA,NA,NA,NA,NA,NA,NA,NA,NA,NA,NA,NA,NA,NA,NA,NA,NA,NA,NA,NA,NA,NA,NA,NA,NA,NA,NA,NA,NA,NA,NA,NA,NA,886,18,Woman,1,2,0,0.5,0,0,1,0,0,0,0,2,0,1
867,NA,NA,NA,NA,NA,NA,NA,NA,NA,NA,NA,NA,NA,NA,NA,NA,NA,NA,NA,NA,NA,NA,NA,NA,NA,NA,NA,NA,NA,NA,NA,NA,NA,NA,NA,NA,NA,NA,NA,NA,NA,NA,NA,NA,887,22,Woman,4,1,1,1,3,3,0,0,0,2.45,3,2,1,1
868,NA,NA,NA,NA,NA,NA,NA,NA,NA,NA,NA,NA,NA,NA,NA,NA,NA,NA,NA,NA,NA,NA,NA,NA,NA,NA,NA,NA,NA,NA,NA,NA,NA,NA,NA,NA,NA,NA,NA,NA,NA,NA,NA,NA,888,18,Woman,4,4,1,2.5,4,2,0,0,3,2.45,3,2,3,2
869,NA,NA,NA,NA,NA,NA,NA,NA,NA,NA,NA,NA,NA,NA,NA,NA,NA,NA,NA,NA,NA,NA,NA,NA,NA,NA,NA,NA,NA,NA,NA,NA,NA,NA,NA,NA,NA,NA,NA,NA,NA,NA,NA,NA,891,18,Woman,2,2,0,4,1,0,0,0,1,1.41,1,2,4,4
870,NA,NA,NA,NA,NA,NA,NA,NA,NA,NA,NA,NA,NA,NA,NA,NA,NA,NA,NA,NA,NA,NA,NA,NA,NA,NA,NA,NA,NA,NA,NA,NA,NA,NA,NA,NA,NA,NA,NA,NA,NA,NA,NA,NA,892,18,Man,1,3,0,0.5,0,0,0,0,0,0,5,0,1,0
871,NA,NA,NA,NA,NA,NA,NA,NA,NA,NA,NA,NA,NA,NA,NA,NA,NA,NA,NA,NA,NA,NA,NA,NA,NA,NA,NA,NA,NA,NA,NA,NA,NA,NA,NA,NA,NA,NA,NA,NA,NA,NA,NA,NA,897,19,Woman,5,3,1,3,2,4,0,0,2,0,5,0,2,4
872,NA,NA,NA,NA,NA,NA,NA,NA,NA,NA,NA,NA,NA,NA,NA,NA,NA,NA,NA,NA,NA,NA,NA,NA,NA,NA,NA,NA,NA,NA,NA,NA,NA,NA,NA,NA,NA,NA,NA,NA,NA,NA,NA,NA,902,20,Man,5,5,2,2.5,5,4,3,0,4,2,2,2,2,3
873,NA,NA,NA,NA,NA,NA,NA,NA,NA,NA,NA,NA,NA,NA,NA,NA,NA,NA,NA,NA,NA,NA,NA,NA,NA,NA,NA,NA,NA,NA,NA,NA,NA,NA,NA,NA,NA,NA,NA,NA,NA,NA,NA,NA,904,19,Woman,4,3,2,1,3,2,0,0,1,0,4,0,1,1
874,NA,NA,NA,NA,NA,NA,NA,NA,NA,NA,NA,NA,NA,NA,NA,NA,NA,NA,NA,NA,NA,NA,NA,NA,NA,NA,NA,NA,NA,NA,NA,NA,NA,NA,NA,NA,NA,NA,NA,NA,NA,NA,NA,NA,905,18,Non-binary,4,3,2,3,3,2,0,0,4,2,1,4,2,4
875,NA,NA,NA,NA,NA,NA,NA,NA,NA,NA,NA,NA,NA,NA,NA,NA,NA,NA,NA,NA,NA,NA,NA,NA,NA,NA,NA,NA,NA,NA,NA,NA,NA,NA,NA,NA,NA,NA,NA,NA,NA,NA,NA,NA,907,19,Non-binary,4,1,4,2,5,1,2,0,1,1.73,3,1,1,3
876,NA,NA,NA,NA,NA,NA,NA,NA,NA,NA,NA,NA,NA,NA,NA,NA,NA,NA,NA,NA,NA,NA,NA,NA,NA,NA,NA,NA,NA,NA,NA,NA,NA,NA,NA,NA,NA,NA,NA,NA,NA,NA,NA,NA,910,23,Man,4,4,1,5,3,3,2,0,1,0,0,0,5,5
877,NA,NA,NA,NA,NA,NA,NA,NA,NA,NA,NA,NA,NA,NA,NA,NA,NA,NA,NA,NA,NA,NA,NA,NA,NA,NA,NA,NA,NA,NA,NA,NA,NA,NA,NA,NA,NA,NA,NA,NA,NA,NA,NA,NA,1,27,Man,2,3,1,1,2,0,0,0,0,0,1,0,2,0
878,NA,NA,NA,NA,NA,NA,NA,NA,NA,NA,NA,NA,NA,NA,NA,NA,NA,NA,NA,NA,NA,NA,NA,NA,NA,NA,NA,NA,NA,NA,NA,NA,NA,NA,NA,NA,NA,NA,NA,NA,NA,NA,NA,NA,3,19,Woman,2,2,1,0,3,3,1,0,0,0,5,0,0,0
879,NA,NA,NA,NA,NA,NA,NA,NA,NA,NA,NA,NA,NA,NA,NA,NA,NA,NA,NA,NA,NA,NA,NA,NA,NA,NA,NA,NA,NA,NA,NA,NA,NA,NA,NA,NA,NA,NA,NA,NA,NA,NA,NA,NA,6,18,Man,3,2,3,3.5,3,1,0,0,0,0,5,0,4,3
880,NA,NA,NA,NA,NA,NA,NA,NA,NA,NA,NA,NA,NA,NA,NA,NA,NA,NA,NA,NA,NA,NA,NA,NA,NA,NA,NA,NA,NA,NA,NA,NA,NA,NA,NA,NA,NA,NA,NA,NA,NA,NA,NA,NA,8,18,Woman,3,4,1,1,4,3,0,0,2,2,4,1,1,1
881,NA,NA,NA,NA,NA,NA,NA,NA,NA,NA,NA,NA,NA,NA,NA,NA,NA,NA,NA,NA,NA,NA,NA,NA,NA,NA,NA,NA,NA,NA,NA,NA,NA,NA,NA,NA,NA,NA,NA,NA,NA,NA,NA,NA,10,19,Man,4,1,1,3,4,3,0,0,1,0,0,4,1,5
882,NA,NA,NA,NA,NA,NA,NA,NA,NA,NA,NA,NA,NA,NA,NA,NA,NA,NA,NA,NA,NA,NA,NA,NA,NA,NA,NA,NA,NA,NA,NA,NA,NA,NA,NA,NA,NA,NA,NA,NA,NA,NA,NA,NA,11,19,Woman,3,4,4,3.5,4,0,0,0,3,0,5,0,2,5
883,NA,NA,NA,NA,NA,NA,NA,NA,NA,NA,NA,NA,NA,NA,NA,NA,NA,NA,NA,NA,NA,NA,NA,NA,NA,NA,NA,NA,NA,NA,NA,NA,NA,NA,NA,NA,NA,NA,NA,NA,NA,NA,NA,NA,12,18,Woman,1,0,0,0,1,0,0,0,2,0,5,0,0,0
884,NA,NA,NA,NA,NA,NA,NA,NA,NA,NA,NA,NA,NA,NA,NA,NA,NA,NA,NA,NA,NA,NA,NA,NA,NA,NA,NA,NA,NA,NA,NA,NA,NA,NA,NA,NA,NA,NA,NA,NA,NA,NA,NA,NA,14,20,Woman,3,0,0,1.5,3,0,0,0,2,0,0,3,0,3
885,NA,NA,NA,NA,NA,NA,NA,NA,NA,NA,NA,NA,NA,NA,NA,NA,NA,NA,NA,NA,NA,NA,NA,NA,NA,NA,NA,NA,NA,NA,NA,NA,NA,NA,NA,NA,NA,NA,NA,NA,NA,NA,NA,NA,16,19,Woman,5,4,0,0,2,1,1,0,1,0,5,0,0,0
886,NA,NA,NA,NA,NA,NA,NA,NA,NA,NA,NA,NA,NA,NA,NA,NA,NA,NA,NA,NA,NA,NA,NA,NA,NA,NA,NA,NA,NA,NA,NA,NA,NA,NA,NA,NA,NA,NA,NA,NA,NA,NA,NA,NA,17,19,Woman,1,0,2,2.5,0,0,0,0,0,3.16227766,2,5,4,1
887,NA,NA,NA,NA,NA,NA,NA,NA,NA,NA,NA,NA,NA,NA,NA,NA,NA,NA,NA,NA,NA,NA,NA,NA,NA,NA,NA,NA,NA,NA,NA,NA,NA,NA,NA,NA,NA,NA,NA,NA,NA,NA,NA,NA,21,18,Woman,4,5,0,0.5,0,0,0,0,0,0,5,0,0,1
888,NA,NA,NA,NA,NA,NA,NA,NA,NA,NA,NA,NA,NA,NA,NA,NA,NA,NA,NA,NA,NA,NA,NA,NA,NA,NA,NA,NA,NA,NA,NA,NA,NA,NA,NA,NA,NA,NA,NA,NA,NA,NA,NA,NA,25,18,Woman,2,4,3,1.5,5,4,0,0,0,0,3,0,1,2
889,NA,NA,NA,NA,NA,NA,NA,NA,NA,NA,NA,NA,NA,NA,NA,NA,NA,NA,NA,NA,NA,NA,NA,NA,NA,NA,NA,NA,NA,NA,NA,NA,NA,NA,NA,NA,NA,NA,NA,NA,NA,NA,NA,NA,26,22,Man,5,1,0,2,1,1,0,0,2,0,5,0,1,3
890,NA,NA,NA,NA,NA,NA,NA,NA,NA,NA,NA,NA,NA,NA,NA,NA,NA,NA,NA,NA,NA,NA,NA,NA,NA,NA,NA,NA,NA,NA,NA,NA,NA,NA,NA,NA,NA,NA,NA,NA,NA,NA,NA,NA,29,18,Man,5,3,2,1.5,4,3,1,0,0,2,4,1,2,1
891,NA,NA,NA,NA,NA,NA,NA,NA,NA,NA,NA,NA,NA,NA,NA,NA,NA,NA,NA,NA,NA,NA,NA,NA,NA,NA,NA,NA,NA,NA,NA,NA,NA,NA,NA,NA,NA,NA,NA,NA,NA,NA,NA,NA,31,18,Woman,5,5,1,1.5,3,4,0,0,1,0,5,0,2,1
892,NA,NA,NA,NA,NA,NA,NA,NA,NA,NA,NA,NA,NA,NA,NA,NA,NA,NA,NA,NA,NA,NA,NA,NA,NA,NA,NA,NA,NA,NA,NA,NA,NA,NA,NA,NA,NA,NA,NA,NA,NA,NA,NA,NA,32,18,Woman,4,2,1,0,3,3,0,0,2,0,0,5,0,0
893,NA,NA,NA,NA,NA,NA,NA,NA,NA,NA,NA,NA,NA,NA,NA,NA,NA,NA,NA,NA,NA,NA,NA,NA,NA,NA,NA,NA,NA,NA,NA,NA,NA,NA,NA,NA,NA,NA,NA,NA,NA,NA,NA,NA,34,18,Man,4,1,0,1.5,1,0,0,0,0,0,1,0,1,2
894,NA,NA,NA,NA,NA,NA,NA,NA,NA,NA,NA,NA,NA,NA,NA,NA,NA,NA,NA,NA,NA,NA,NA,NA,NA,NA,NA,NA,NA,NA,NA,NA,NA,NA,NA,NA,NA,NA,NA,NA,NA,NA,NA,NA,37,23,Man,4,2,0,0,0,0,0,0,2,0,4,0,0,0
895,NA,NA,NA,NA,NA,NA,NA,NA,NA,NA,NA,NA,NA,NA,NA,NA,NA,NA,NA,NA,NA,NA,NA,NA,NA,NA,NA,NA,NA,NA,NA,NA,NA,NA,NA,NA,NA,NA,NA,NA,NA,NA,NA,NA,38,20,Man,0,0,0,0,0,0,0,0,0,0,0,0,0,0
896,NA,NA,NA,NA,NA,NA,NA,NA,NA,NA,NA,NA,NA,NA,NA,NA,NA,NA,NA,NA,NA,NA,NA,NA,NA,NA,NA,NA,NA,NA,NA,NA,NA,NA,NA,NA,NA,NA,NA,NA,NA,NA,NA,NA,40,20,Non-binary,4,3,3,1.5,4,5,0,0,0,0,3,0,1,2
897,NA,NA,NA,NA,NA,NA,NA,NA,NA,NA,NA,NA,NA,NA,NA,NA,NA,NA,NA,NA,NA,NA,NA,NA,NA,NA,NA,NA,NA,NA,NA,NA,NA,NA,NA,NA,NA,NA,NA,NA,NA,NA,NA,NA,42,18,Non-binary,1,0,0,0,1,1,0,0,5,0,5,0,0,0
898,NA,NA,NA,NA,NA,NA,NA,NA,NA,NA,NA,NA,NA,NA,NA,NA,NA,NA,NA,NA,NA,NA,NA,NA,NA,NA,NA,NA,NA,NA,NA,NA,NA,NA,NA,NA,NA,NA,NA,NA,NA,NA,NA,NA,44,18,Man,4,3,3,0.5,2,0,0,0,0,0,5,0,0,1
899,NA,NA,NA,NA,NA,NA,NA,NA,NA,NA,NA,NA,NA,NA,NA,NA,NA,NA,NA,NA,NA,NA,NA,NA,NA,NA,NA,NA,NA,NA,NA,NA,NA,NA,NA,NA,NA,NA,NA,NA,NA,NA,NA,NA,45,18,Woman,4,4,1,1,2,3,0,0,0,0,2,0,1,1
900,NA,NA,NA,NA,NA,NA,NA,NA,NA,NA,NA,NA,NA,NA,NA,NA,NA,NA,NA,NA,NA,NA,NA,NA,NA,NA,NA,NA,NA,NA,NA,NA,NA,NA,NA,NA,NA,NA,NA,NA,NA,NA,NA,NA,49,19,Woman,3,2,4,4,4,2,0,0,3,0,0,5,3,5
901,NA,NA,NA,NA,NA,NA,NA,NA,NA,NA,NA,NA,NA,NA,NA,NA,NA,NA,NA,NA,NA,NA,NA,NA,NA,NA,NA,NA,NA,NA,NA,NA,NA,NA,NA,NA,NA,NA,NA,NA,NA,NA,NA,NA,50,19,Woman,4,3,2,1,1,3,0,0,4,0,5,0,2,0
902,NA,NA,NA,NA,NA,NA,NA,NA,NA,NA,NA,NA,NA,NA,NA,NA,NA,NA,NA,NA,NA,NA,NA,NA,NA,NA,NA,NA,NA,NA,NA,NA,NA,NA,NA,NA,NA,NA,NA,NA,NA,NA,NA,NA,51,20,Woman,3,1,0,0,2,1,0,0,0,4.472135955,4,5,0,0
903,NA,NA,NA,NA,NA,NA,NA,NA,NA,NA,NA,NA,NA,NA,NA,NA,NA,NA,NA,NA,NA,NA,NA,NA,NA,NA,NA,NA,NA,NA,NA,NA,NA,NA,NA,NA,NA,NA,NA,NA,NA,NA,NA,NA,54,18,Woman,5,3,2,2,5,2,0,0,3,0,5,0,1,3
904,NA,NA,NA,NA,NA,NA,NA,NA,NA,NA,NA,NA,NA,NA,NA,NA,NA,NA,NA,NA,NA,NA,NA,NA,NA,NA,NA,NA,NA,NA,NA,NA,NA,NA,NA,NA,NA,NA,NA,NA,NA,NA,NA,NA,55,21,Man,1,2,0,4,1,1,0,0,2,0,0,0,4,4
905,NA,NA,NA,NA,NA,NA,NA,NA,NA,NA,NA,NA,NA,NA,NA,NA,NA,NA,NA,NA,NA,NA,NA,NA,NA,NA,NA,NA,NA,NA,NA,NA,NA,NA,NA,NA,NA,NA,NA,NA,NA,NA,NA,NA,57,18,Woman,4,3,0,1.5,4,2,1,0,4,0,3,0,2,1
906,NA,NA,NA,NA,NA,NA,NA,NA,NA,NA,NA,NA,NA,NA,NA,NA,NA,NA,NA,NA,NA,NA,NA,NA,NA,NA,NA,NA,NA,NA,NA,NA,NA,NA,NA,NA,NA,NA,NA,NA,NA,NA,NA,NA,58,19,Woman,4,5,1,2.5,5,4,1,0,3,2.449489743,3,2,1,4
907,NA,NA,NA,NA,NA,NA,NA,NA,NA,NA,NA,NA,NA,NA,NA,NA,NA,NA,NA,NA,NA,NA,NA,NA,NA,NA,NA,NA,NA,NA,NA,NA,NA,NA,NA,NA,NA,NA,NA,NA,NA,NA,NA,NA,60,18,Woman,4,4,0,0,1,3,0,5,0,0,0,5,0,0
908,NA,NA,NA,NA,NA,NA,NA,NA,NA,NA,NA,NA,NA,NA,NA,NA,NA,NA,NA,NA,NA,NA,NA,NA,NA,NA,NA,NA,NA,NA,NA,NA,NA,NA,NA,NA,NA,NA,NA,NA,NA,NA,NA,NA,63,19,Non-binary,5,3,0,2.5,4,2,0,0,2,0,5,0,3,2
909,NA,NA,NA,NA,NA,NA,NA,NA,NA,NA,NA,NA,NA,NA,NA,NA,NA,NA,NA,NA,NA,NA,NA,NA,NA,NA,NA,NA,NA,NA,NA,NA,NA,NA,NA,NA,NA,NA,NA,NA,NA,NA,NA,NA,64,18,Woman,5,5,2,3.5,4,3,0,0,2,0,0,5,4,3
910,NA,NA,NA,NA,NA,NA,NA,NA,NA,NA,NA,NA,NA,NA,NA,NA,NA,NA,NA,NA,NA,NA,NA,NA,NA,NA,NA,NA,NA,NA,NA,NA,NA,NA,NA,NA,NA,NA,NA,NA,NA,NA,NA,NA,67,18,Woman,3,1,1,1,3,3,0,0,0,0,3,0,2,0
911,NA,NA,NA,NA,NA,NA,NA,NA,NA,NA,NA,NA,NA,NA,NA,NA,NA,NA,NA,NA,NA,NA,NA,NA,NA,NA,NA,NA,NA,NA,NA,NA,NA,NA,NA,NA,NA,NA,NA,NA,NA,NA,NA,NA,73,18,Woman,3,1,0,0.5,2,1,0,0,0,2,2,2,0,1
912,NA,NA,NA,NA,NA,NA,NA,NA,NA,NA,NA,NA,NA,NA,NA,NA,NA,NA,NA,NA,NA,NA,NA,NA,NA,NA,NA,NA,NA,NA,NA,NA,NA,NA,NA,NA,NA,NA,NA,NA,NA,NA,NA,NA,75,19,Woman,2,3,2,2.5,3,3,0,0,4,2.449489743,2,3,2,3
913,NA,NA,NA,NA,NA,NA,NA,NA,NA,NA,NA,NA,NA,NA,NA,NA,NA,NA,NA,NA,NA,NA,NA,NA,NA,NA,NA,NA,NA,NA,NA,NA,NA,NA,NA,NA,NA,NA,NA,NA,NA,NA,NA,NA,76,19,Woman,5,4,0,4,0,1,0,0,2,2.828427125,4,2,5,3
914,NA,NA,NA,NA,NA,NA,NA,NA,NA,NA,NA,NA,NA,NA,NA,NA,NA,NA,NA,NA,NA,NA,NA,NA,NA,NA,NA,NA,NA,NA,NA,NA,NA,NA,NA,NA,NA,NA,NA,NA,NA,NA,NA,NA,78,30,Woman,4,4,0,0,4,0,0,0,1,0,0,0,0,0
915,NA,NA,NA,NA,NA,NA,NA,NA,NA,NA,NA,NA,NA,NA,NA,NA,NA,NA,NA,NA,NA,NA,NA,NA,NA,NA,NA,NA,NA,NA,NA,NA,NA,NA,NA,NA,NA,NA,NA,NA,NA,NA,NA,NA,80,18,Man,0,0,0,0.5,0,0,0,0,5,0,0,0,1,0
916,NA,NA,NA,NA,NA,NA,NA,NA,NA,NA,NA,NA,NA,NA,NA,NA,NA,NA,NA,NA,NA,NA,NA,NA,NA,NA,NA,NA,NA,NA,NA,NA,NA,NA,NA,NA,NA,NA,NA,NA,NA,NA,NA,NA,81,18,Woman,2,3,1,0.5,2,2,0,0,4,0,0,3,1,0
917,NA,NA,NA,NA,NA,NA,NA,NA,NA,NA,NA,NA,NA,NA,NA,NA,NA,NA,NA,NA,NA,NA,NA,NA,NA,NA,NA,NA,NA,NA,NA,NA,NA,NA,NA,NA,NA,NA,NA,NA,NA,NA,NA,NA,87,18,Woman,2,4,0,1,0,1,0,0,0,0,4,0,0,2
918,NA,NA,NA,NA,NA,NA,NA,NA,NA,NA,NA,NA,NA,NA,NA,NA,NA,NA,NA,NA,NA,NA,NA,NA,NA,NA,NA,NA,NA,NA,NA,NA,NA,NA,NA,NA,NA,NA,NA,NA,NA,NA,NA,NA,89,18,Woman,4,5,1,1.5,3,4,0,1,4,0,3,0,1,2
919,NA,NA,NA,NA,NA,NA,NA,NA,NA,NA,NA,NA,NA,NA,NA,NA,NA,NA,NA,NA,NA,NA,NA,NA,NA,NA,NA,NA,NA,NA,NA,NA,NA,NA,NA,NA,NA,NA,NA,NA,NA,NA,NA,NA,90,18,Woman,2,1,3,3,5,4,5,0,3,0,5,0,4,2
920,NA,NA,NA,NA,NA,NA,NA,NA,NA,NA,NA,NA,NA,NA,NA,NA,NA,NA,NA,NA,NA,NA,NA,NA,NA,NA,NA,NA,NA,NA,NA,NA,NA,NA,NA,NA,NA,NA,NA,NA,NA,NA,NA,NA,94,19,Man,2,3,0,0,1,0,0,0,0,0,3,0,0,0
921,NA,NA,NA,NA,NA,NA,NA,NA,NA,NA,NA,NA,NA,NA,NA,NA,NA,NA,NA,NA,NA,NA,NA,NA,NA,NA,NA,NA,NA,NA,NA,NA,NA,NA,NA,NA,NA,NA,NA,NA,NA,NA,NA,NA,95,19,Non-binary,4,3,4,0,2,2,4,0,0,0,0,3,0,0
922,NA,NA,NA,NA,NA,NA,NA,NA,NA,NA,NA,NA,NA,NA,NA,NA,NA,NA,NA,NA,NA,NA,NA,NA,NA,NA,NA,NA,NA,NA,NA,NA,NA,NA,NA,NA,NA,NA,NA,NA,NA,NA,NA,NA,99,18,Man,4,3,0,0.5,2,1,0,0,0,0,0,0,1,0
923,NA,NA,NA,NA,NA,NA,NA,NA,NA,NA,NA,NA,NA,NA,NA,NA,NA,NA,NA,NA,NA,NA,NA,NA,NA,NA,NA,NA,NA,NA,NA,NA,NA,NA,NA,NA,NA,NA,NA,NA,NA,NA,NA,NA,103,18,Man,4,4,1,1.5,4,1,0,0,3,0,0,5,1,2
924,NA,NA,NA,NA,NA,NA,NA,NA,NA,NA,NA,NA,NA,NA,NA,NA,NA,NA,NA,NA,NA,NA,NA,NA,NA,NA,NA,NA,NA,NA,NA,NA,NA,NA,NA,NA,NA,NA,NA,NA,NA,NA,NA,NA,112,19,Woman,3,5,2,2.5,5,4,0,0,0,0,2,0,2,3
925,NA,NA,NA,NA,NA,NA,NA,NA,NA,NA,NA,NA,NA,NA,NA,NA,NA,NA,NA,NA,NA,NA,NA,NA,NA,NA,NA,NA,NA,NA,NA,NA,NA,NA,NA,NA,NA,NA,NA,NA,NA,NA,NA,NA,114,18,Woman,2,4,3,2,3,3,0,0,1,0,5,0,0,4
926,NA,NA,NA,NA,NA,NA,NA,NA,NA,NA,NA,NA,NA,NA,NA,NA,NA,NA,NA,NA,NA,NA,NA,NA,NA,NA,NA,NA,NA,NA,NA,NA,NA,NA,NA,NA,NA,NA,NA,NA,NA,NA,NA,NA,115,18,Woman,2,1,0,1.5,2,1,0,0,1,0,4,0,1,2
927,NA,NA,NA,NA,NA,NA,NA,NA,NA,NA,NA,NA,NA,NA,NA,NA,NA,NA,NA,NA,NA,NA,NA,NA,NA,NA,NA,NA,NA,NA,NA,NA,NA,NA,NA,NA,NA,NA,NA,NA,NA,NA,NA,NA,116,19,Woman,4,4,4,0,1,1,0,0,3,0,5,0,0,0
928,NA,NA,NA,NA,NA,NA,NA,NA,NA,NA,NA,NA,NA,NA,NA,NA,NA,NA,NA,NA,NA,NA,NA,NA,NA,NA,NA,NA,NA,NA,NA,NA,NA,NA,NA,NA,NA,NA,NA,NA,NA,NA,NA,NA,118,19,Woman,3,5,2,5,3,2,1,2,0,0,0,5,5,5
929,NA,NA,NA,NA,NA,NA,NA,NA,NA,NA,NA,NA,NA,NA,NA,NA,NA,NA,NA,NA,NA,NA,NA,NA,NA,NA,NA,NA,NA,NA,NA,NA,NA,NA,NA,NA,NA,NA,NA,NA,NA,NA,NA,NA,119,20,Woman,4,0,1,0.5,2,0,0,0,1,0,0,5,1,0
930,NA,NA,NA,NA,NA,NA,NA,NA,NA,NA,NA,NA,NA,NA,NA,NA,NA,NA,NA,NA,NA,NA,NA,NA,NA,NA,NA,NA,NA,NA,NA,NA,NA,NA,NA,NA,NA,NA,NA,NA,NA,NA,NA,NA,120,18,Woman,4,2,0,2.5,3,3,0,0,2,0,0,0,3,2
931,NA,NA,NA,NA,NA,NA,NA,NA,NA,NA,NA,NA,NA,NA,NA,NA,NA,NA,NA,NA,NA,NA,NA,NA,NA,NA,NA,NA,NA,NA,NA,NA,NA,NA,NA,NA,NA,NA,NA,NA,NA,NA,NA,NA,121,27,Woman,4,3,4,3,3,3,1,0,1,2,4,1,3,3
932,NA,NA,NA,NA,NA,NA,NA,NA,NA,NA,NA,NA,NA,NA,NA,NA,NA,NA,NA,NA,NA,NA,NA,NA,NA,NA,NA,NA,NA,NA,NA,NA,NA,NA,NA,NA,NA,NA,NA,NA,NA,NA,NA,NA,122,20,Woman,3,5,1,4.5,5,2,0,0,4,1.414213562,2,1,5,4
933,NA,NA,NA,NA,NA,NA,NA,NA,NA,NA,NA,NA,NA,NA,NA,NA,NA,NA,NA,NA,NA,NA,NA,NA,NA,NA,NA,NA,NA,NA,NA,NA,NA,NA,NA,NA,NA,NA,NA,NA,NA,NA,NA,NA,130,18,Man,2,3,2,0.5,2,0,0,0,0,0,5,0,0,1
934,NA,NA,NA,NA,NA,NA,NA,NA,NA,NA,NA,NA,NA,NA,NA,NA,NA,NA,NA,NA,NA,NA,NA,NA,NA,NA,NA,NA,NA,NA,NA,NA,NA,NA,NA,NA,NA,NA,NA,NA,NA,NA,NA,NA,137,19,Man,4,3,3,1,4,2,0,0,2,0,5,0,0,2
935,NA,NA,NA,NA,NA,NA,NA,NA,NA,NA,NA,NA,NA,NA,NA,NA,NA,NA,NA,NA,NA,NA,NA,NA,NA,NA,NA,NA,NA,NA,NA,NA,NA,NA,NA,NA,NA,NA,NA,NA,NA,NA,NA,NA,138,18,Woman,5,3,0,0.5,2,0,0,0,4,2.236067977,5,1,0,1
936,NA,NA,NA,NA,NA,NA,NA,NA,NA,NA,NA,NA,NA,NA,NA,NA,NA,NA,NA,NA,NA,NA,NA,NA,NA,NA,NA,NA,NA,NA,NA,NA,NA,NA,NA,NA,NA,NA,NA,NA,NA,NA,NA,NA,139,18,Woman,5,5,2,3.5,5,4,0,0,1,0,0,5,3,4
937,NA,NA,NA,NA,NA,NA,NA,NA,NA,NA,NA,NA,NA,NA,NA,NA,NA,NA,NA,NA,NA,NA,NA,NA,NA,NA,NA,NA,NA,NA,NA,NA,NA,NA,NA,NA,NA,NA,NA,NA,NA,NA,NA,NA,141,18,Woman,5,2,1,0,4,0,0,0,0,0,5,0,0,0
938,NA,NA,NA,NA,NA,NA,NA,NA,NA,NA,NA,NA,NA,NA,NA,NA,NA,NA,NA,NA,NA,NA,NA,NA,NA,NA,NA,NA,NA,NA,NA,NA,NA,NA,NA,NA,NA,NA,NA,NA,NA,NA,NA,NA,145,18,Man,1,2,0,1,0,3,0,0,3,0,0,0,0,2
939,NA,NA,NA,NA,NA,NA,NA,NA,NA,NA,NA,NA,NA,NA,NA,NA,NA,NA,NA,NA,NA,NA,NA,NA,NA,NA,NA,NA,NA,NA,NA,NA,NA,NA,NA,NA,NA,NA,NA,NA,NA,NA,NA,NA,146,18,Woman,5,4,0,0,3,1,0,0,4,3,3,3,0,0
940,NA,NA,NA,NA,NA,NA,NA,NA,NA,NA,NA,NA,NA,NA,NA,NA,NA,NA,NA,NA,NA,NA,NA,NA,NA,NA,NA,NA,NA,NA,NA,NA,NA,NA,NA,NA,NA,NA,NA,NA,NA,NA,NA,NA,147,18,Woman,4,3,1,3.5,3,2,0,1,1,0,1,0,3,4
941,NA,NA,NA,NA,NA,NA,NA,NA,NA,NA,NA,NA,NA,NA,NA,NA,NA,NA,NA,NA,NA,NA,NA,NA,NA,NA,NA,NA,NA,NA,NA,NA,NA,NA,NA,NA,NA,NA,NA,NA,NA,NA,NA,NA,150,19,Woman,5,4,2,0,4,3,1,0,1,0,5,0,0,0
942,NA,NA,NA,NA,NA,NA,NA,NA,NA,NA,NA,NA,NA,NA,NA,NA,NA,NA,NA,NA,NA,NA,NA,NA,NA,NA,NA,NA,NA,NA,NA,NA,NA,NA,NA,NA,NA,NA,NA,NA,NA,NA,NA,NA,152,20,Man,3,2,4,3.5,4,2,0,0,1,0,0,5,4,3
943,NA,NA,NA,NA,NA,NA,NA,NA,NA,NA,NA,NA,NA,NA,NA,NA,NA,NA,NA,NA,NA,NA,NA,NA,NA,NA,NA,NA,NA,NA,NA,NA,NA,NA,NA,NA,NA,NA,NA,NA,NA,NA,NA,NA,153,20,Woman,4,5,3,2,5,5,0,1,2,5,5,5,1,3
944,NA,NA,NA,NA,NA,NA,NA,NA,NA,NA,NA,NA,NA,NA,NA,NA,NA,NA,NA,NA,NA,NA,NA,NA,NA,NA,NA,NA,NA,NA,NA,NA,NA,NA,NA,NA,NA,NA,NA,NA,NA,NA,NA,NA,155,18,Woman,4,3,1,4,2,3,0,0,3,3,3,3,4,4
945,NA,NA,NA,NA,NA,NA,NA,NA,NA,NA,NA,NA,NA,NA,NA,NA,NA,NA,NA,NA,NA,NA,NA,NA,NA,NA,NA,NA,NA,NA,NA,NA,NA,NA,NA,NA,NA,NA,NA,NA,NA,NA,NA,NA,158,18,Woman,4,4,2,0,3,4,0,0,1,2,1,4,0,0
946,NA,NA,NA,NA,NA,NA,NA,NA,NA,NA,NA,NA,NA,NA,NA,NA,NA,NA,NA,NA,NA,NA,NA,NA,NA,NA,NA,NA,NA,NA,NA,NA,NA,NA,NA,NA,NA,NA,NA,NA,NA,NA,NA,NA,159,18,Man,4,1,1,3.5,2,4,0,0,3,2,1,4,5,2
947,NA,NA,NA,NA,NA,NA,NA,NA,NA,NA,NA,NA,NA,NA,NA,NA,NA,NA,NA,NA,NA,NA,NA,NA,NA,NA,NA,NA,NA,NA,NA,NA,NA,NA,NA,NA,NA,NA,NA,NA,NA,NA,NA,NA,160,19,Man,2,3,1,1.5,1,1,0,0,0,0,4,0,1,2
948,NA,NA,NA,NA,NA,NA,NA,NA,NA,NA,NA,NA,NA,NA,NA,NA,NA,NA,NA,NA,NA,NA,NA,NA,NA,NA,NA,NA,NA,NA,NA,NA,NA,NA,NA,NA,NA,NA,NA,NA,NA,NA,NA,NA,161,19,Woman,2,3,3,2,4,0,0,0,4,0,0,5,1,3
949,NA,NA,NA,NA,NA,NA,NA,NA,NA,NA,NA,NA,NA,NA,NA,NA,NA,NA,NA,NA,NA,NA,NA,NA,NA,NA,NA,NA,NA,NA,NA,NA,NA,NA,NA,NA,NA,NA,NA,NA,NA,NA,NA,NA,163,18,Woman,4,4,0,2,3,3,0,0,1,0,5,0,2,2
950,NA,NA,NA,NA,NA,NA,NA,NA,NA,NA,NA,NA,NA,NA,NA,NA,NA,NA,NA,NA,NA,NA,NA,NA,NA,NA,NA,NA,NA,NA,NA,NA,NA,NA,NA,NA,NA,NA,NA,NA,NA,NA,NA,NA,164,19,Woman,3,2,0,3.5,3,2,0,2,3,0,0,5,3,4
951,NA,NA,NA,NA,NA,NA,NA,NA,NA,NA,NA,NA,NA,NA,NA,NA,NA,NA,NA,NA,NA,NA,NA,NA,NA,NA,NA,NA,NA,NA,NA,NA,NA,NA,NA,NA,NA,NA,NA,NA,NA,NA,NA,NA,165,20,Woman,3,3,1,1.5,3,4,1,5,3,0,0,5,0,3
952,NA,NA,NA,NA,NA,NA,NA,NA,NA,NA,NA,NA,NA,NA,NA,NA,NA,NA,NA,NA,NA,NA,NA,NA,NA,NA,NA,NA,NA,NA,NA,NA,NA,NA,NA,NA,NA,NA,NA,NA,NA,NA,NA,NA,168,18,Woman,5,5,5,4.5,3,2,3,0,4,3.16227766,5,2,4,5
953,NA,NA,NA,NA,NA,NA,NA,NA,NA,NA,NA,NA,NA,NA,NA,NA,NA,NA,NA,NA,NA,NA,NA,NA,NA,NA,NA,NA,NA,NA,NA,NA,NA,NA,NA,NA,NA,NA,NA,NA,NA,NA,NA,NA,170,19,Woman,3,3,4,2.5,4,3,0,0,3,0,0,5,3,2
954,NA,NA,NA,NA,NA,NA,NA,NA,NA,NA,NA,NA,NA,NA,NA,NA,NA,NA,NA,NA,NA,NA,NA,NA,NA,NA,NA,NA,NA,NA,NA,NA,NA,NA,NA,NA,NA,NA,NA,NA,NA,NA,NA,NA,171,18,Woman,5,5,3,1.5,5,5,0,0,2,2,4,1,1,2
955,NA,NA,NA,NA,NA,NA,NA,NA,NA,NA,NA,NA,NA,NA,NA,NA,NA,NA,NA,NA,NA,NA,NA,NA,NA,NA,NA,NA,NA,NA,NA,NA,NA,NA,NA,NA,NA,NA,NA,NA,NA,NA,NA,NA,172,18,Man,5,5,0,0.5,3,4,0,0,2,0,5,0,0,1
956,NA,NA,NA,NA,NA,NA,NA,NA,NA,NA,NA,NA,NA,NA,NA,NA,NA,NA,NA,NA,NA,NA,NA,NA,NA,NA,NA,NA,NA,NA,NA,NA,NA,NA,NA,NA,NA,NA,NA,NA,NA,NA,NA,NA,178,18,Woman,4,5,0,1,5,2,0,0,3,0,5,0,2,0
957,NA,NA,NA,NA,NA,NA,NA,NA,NA,NA,NA,NA,NA,NA,NA,NA,NA,NA,NA,NA,NA,NA,NA,NA,NA,NA,NA,NA,NA,NA,NA,NA,NA,NA,NA,NA,NA,NA,NA,NA,NA,NA,NA,NA,179,21,Man,4,5,1,4.5,4,3,0,0,0,0,4,0,4,5
958,NA,NA,NA,NA,NA,NA,NA,NA,NA,NA,NA,NA,NA,NA,NA,NA,NA,NA,NA,NA,NA,NA,NA,NA,NA,NA,NA,NA,NA,NA,NA,NA,NA,NA,NA,NA,NA,NA,NA,NA,NA,NA,NA,NA,180,19,Woman,5,3,1,2,4,3,0,0,0,0,4,0,2,2
959,NA,NA,NA,NA,NA,NA,NA,NA,NA,NA,NA,NA,NA,NA,NA,NA,NA,NA,NA,NA,NA,NA,NA,NA,NA,NA,NA,NA,NA,NA,NA,NA,NA,NA,NA,NA,NA,NA,NA,NA,NA,NA,NA,NA,182,18,Non-binary,5,3,1,2,3,3,0,0,3,2.236067977,5,1,3,1
960,NA,NA,NA,NA,NA,NA,NA,NA,NA,NA,NA,NA,NA,NA,NA,NA,NA,NA,NA,NA,NA,NA,NA,NA,NA,NA,NA,NA,NA,NA,NA,NA,NA,NA,NA,NA,NA,NA,NA,NA,NA,NA,NA,NA,191,19,Man,3,4,2,3.5,4,3,0,0,2,0,5,0,5,2
961,NA,NA,NA,NA,NA,NA,NA,NA,NA,NA,NA,NA,NA,NA,NA,NA,NA,NA,NA,NA,NA,NA,NA,NA,NA,NA,NA,NA,NA,NA,NA,NA,NA,NA,NA,NA,NA,NA,NA,NA,NA,NA,NA,NA,198,18,Man,4,1,3,4.5,5,4,0,0,0,0,4,0,4,5
962,NA,NA,NA,NA,NA,NA,NA,NA,NA,NA,NA,NA,NA,NA,NA,NA,NA,NA,NA,NA,NA,NA,NA,NA,NA,NA,NA,NA,NA,NA,NA,NA,NA,NA,NA,NA,NA,NA,NA,NA,NA,NA,NA,NA,202,18,Woman,4,2,0,0.5,5,2,0,0,2,0,0,1,1,0
963,NA,NA,NA,NA,NA,NA,NA,NA,NA,NA,NA,NA,NA,NA,NA,NA,NA,NA,NA,NA,NA,NA,NA,NA,NA,NA,NA,NA,NA,NA,NA,NA,NA,NA,NA,NA,NA,NA,NA,NA,NA,NA,NA,NA,205,22,Man,3,1,3,1,5,4,0,0,0,0,5,0,1,1
964,NA,NA,NA,NA,NA,NA,NA,NA,NA,NA,NA,NA,NA,NA,NA,NA,NA,NA,NA,NA,NA,NA,NA,NA,NA,NA,NA,NA,NA,NA,NA,NA,NA,NA,NA,NA,NA,NA,NA,NA,NA,NA,NA,NA,206,19,Woman,3,1,2,4.5,2,3,2,0,4,0,0,5,5,4
965,NA,NA,NA,NA,NA,NA,NA,NA,NA,NA,NA,NA,NA,NA,NA,NA,NA,NA,NA,NA,NA,NA,NA,NA,NA,NA,NA,NA,NA,NA,NA,NA,NA,NA,NA,NA,NA,NA,NA,NA,NA,NA,NA,NA,207,19,Woman,4,3,3,5,5,5,2,0,2,0,0,0,5,5
966,NA,NA,NA,NA,NA,NA,NA,NA,NA,NA,NA,NA,NA,NA,NA,NA,NA,NA,NA,NA,NA,NA,NA,NA,NA,NA,NA,NA,NA,NA,NA,NA,NA,NA,NA,NA,NA,NA,NA,NA,NA,NA,NA,NA,211,18,Woman,4,2,0,0,3,4,0,0,0,0,5,0,0,0
967,NA,NA,NA,NA,NA,NA,NA,NA,NA,NA,NA,NA,NA,NA,NA,NA,NA,NA,NA,NA,NA,NA,NA,NA,NA,NA,NA,NA,NA,NA,NA,NA,NA,NA,NA,NA,NA,NA,NA,NA,NA,NA,NA,NA,212,19,Woman,5,1,2,2,5,3,0,0,4,0,5,0,2,2
968,NA,NA,NA,NA,NA,NA,NA,NA,NA,NA,NA,NA,NA,NA,NA,NA,NA,NA,NA,NA,NA,NA,NA,NA,NA,NA,NA,NA,NA,NA,NA,NA,NA,NA,NA,NA,NA,NA,NA,NA,NA,NA,NA,NA,214,19,Woman,4,0,0,0.5,4,3,0,0,1,0,0,0,1,0
969,NA,NA,NA,NA,NA,NA,NA,NA,NA,NA,NA,NA,NA,NA,NA,NA,NA,NA,NA,NA,NA,NA,NA,NA,NA,NA,NA,NA,NA,NA,NA,NA,NA,NA,NA,NA,NA,NA,NA,NA,NA,NA,NA,NA,216,18,Man,5,5,1,1,5,2,0,0,1,0,0,5,0,2
970,NA,NA,NA,NA,NA,NA,NA,NA,NA,NA,NA,NA,NA,NA,NA,NA,NA,NA,NA,NA,NA,NA,NA,NA,NA,NA,NA,NA,NA,NA,NA,NA,NA,NA,NA,NA,NA,NA,NA,NA,NA,NA,NA,NA,217,20,Man,5,3,0,3.5,5,3,0,0,4,1.732050808,3,1,3,4
971,NA,NA,NA,NA,NA,NA,NA,NA,NA,NA,NA,NA,NA,NA,NA,NA,NA,NA,NA,NA,NA,NA,NA,NA,NA,NA,NA,NA,NA,NA,NA,NA,NA,NA,NA,NA,NA,NA,NA,NA,NA,NA,NA,NA,221,18,Woman,3,2,0,1,1,0,1,3,1,0,5,0,1,1
972,NA,NA,NA,NA,NA,NA,NA,NA,NA,NA,NA,NA,NA,NA,NA,NA,NA,NA,NA,NA,NA,NA,NA,NA,NA,NA,NA,NA,NA,NA,NA,NA,NA,NA,NA,NA,NA,NA,NA,NA,NA,NA,NA,NA,223,18,Woman,2,3,1,3,2,1,0,0,0,0,4,0,2,4
973,NA,NA,NA,NA,NA,NA,NA,NA,NA,NA,NA,NA,NA,NA,NA,NA,NA,NA,NA,NA,NA,NA,NA,NA,NA,NA,NA,NA,NA,NA,NA,NA,NA,NA,NA,NA,NA,NA,NA,NA,NA,NA,NA,NA,226,18,Woman,3,2,0,3,2,2,0,0,0,0,0,5,2,4
974,NA,NA,NA,NA,NA,NA,NA,NA,NA,NA,NA,NA,NA,NA,NA,NA,NA,NA,NA,NA,NA,NA,NA,NA,NA,NA,NA,NA,NA,NA,NA,NA,NA,NA,NA,NA,NA,NA,NA,NA,NA,NA,NA,NA,227,19,Woman,4,5,1,2,2,3,0,0,3,3.464101615,4,3,1,3
975,NA,NA,NA,NA,NA,NA,NA,NA,NA,NA,NA,NA,NA,NA,NA,NA,NA,NA,NA,NA,NA,NA,NA,NA,NA,NA,NA,NA,NA,NA,NA,NA,NA,NA,NA,NA,NA,NA,NA,NA,NA,NA,NA,NA,228,18,Woman,3,2,4,4.5,3,5,0,0,2,0,0,0,4,5
976,NA,NA,NA,NA,NA,NA,NA,NA,NA,NA,NA,NA,NA,NA,NA,NA,NA,NA,NA,NA,NA,NA,NA,NA,NA,NA,NA,NA,NA,NA,NA,NA,NA,NA,NA,NA,NA,NA,NA,NA,NA,NA,NA,NA,229,18,Man,4,2,3,2.5,5,1,2,0,3,0,4,0,2,3
977,NA,NA,NA,NA,NA,NA,NA,NA,NA,NA,NA,NA,NA,NA,NA,NA,NA,NA,NA,NA,NA,NA,NA,NA,NA,NA,NA,NA,NA,NA,NA,NA,NA,NA,NA,NA,NA,NA,NA,NA,NA,NA,NA,NA,230,18,Man,1,3,2,2,2,2,2,0,0,0,1,0,2,2
978,NA,NA,NA,NA,NA,NA,NA,NA,NA,NA,NA,NA,NA,NA,NA,NA,NA,NA,NA,NA,NA,NA,NA,NA,NA,NA,NA,NA,NA,NA,NA,NA,NA,NA,NA,NA,NA,NA,NA,NA,NA,NA,NA,NA,231,19,Man,4,4,3,2.5,4,4,4,4,4,4,4,4,3,2
979,NA,NA,NA,NA,NA,NA,NA,NA,NA,NA,NA,NA,NA,NA,NA,NA,NA,NA,NA,NA,NA,NA,NA,NA,NA,NA,NA,NA,NA,NA,NA,NA,NA,NA,NA,NA,NA,NA,NA,NA,NA,NA,NA,NA,233,20,Man,2,1,0,1.5,1,1,0,0,0,0,1,0,0,3
980,NA,NA,NA,NA,NA,NA,NA,NA,NA,NA,NA,NA,NA,NA,NA,NA,NA,NA,NA,NA,NA,NA,NA,NA,NA,NA,NA,NA,NA,NA,NA,NA,NA,NA,NA,NA,NA,NA,NA,NA,NA,NA,NA,NA,238,18,Woman,4,3,1,0,3,3,0,0,4,0,3,0,0,0
981,NA,NA,NA,NA,NA,NA,NA,NA,NA,NA,NA,NA,NA,NA,NA,NA,NA,NA,NA,NA,NA,NA,NA,NA,NA,NA,NA,NA,NA,NA,NA,NA,NA,NA,NA,NA,NA,NA,NA,NA,NA,NA,NA,NA,242,19,Woman,3,2,3,3,4,4,2,0,0,0,0,2,2,4
982,NA,NA,NA,NA,NA,NA,NA,NA,NA,NA,NA,NA,NA,NA,NA,NA,NA,NA,NA,NA,NA,NA,NA,NA,NA,NA,NA,NA,NA,NA,NA,NA,NA,NA,NA,NA,NA,NA,NA,NA,NA,NA,NA,NA,244,18,Woman,3,4,1,2,4,2,0,0,0,0,4,0,3,1
983,NA,NA,NA,NA,NA,NA,NA,NA,NA,NA,NA,NA,NA,NA,NA,NA,NA,NA,NA,NA,NA,NA,NA,NA,NA,NA,NA,NA,NA,NA,NA,NA,NA,NA,NA,NA,NA,NA,NA,NA,NA,NA,NA,NA,245,18,Man,4,5,3,0.5,3,2,0,0,2,0,1,0,1,0
984,NA,NA,NA,NA,NA,NA,NA,NA,NA,NA,NA,NA,NA,NA,NA,NA,NA,NA,NA,NA,NA,NA,NA,NA,NA,NA,NA,NA,NA,NA,NA,NA,NA,NA,NA,NA,NA,NA,NA,NA,NA,NA,NA,NA,247,20,Woman,2,1,2,2,0,3,0,0,1,0,0,0,3,1
985,NA,NA,NA,NA,NA,NA,NA,NA,NA,NA,NA,NA,NA,NA,NA,NA,NA,NA,NA,NA,NA,NA,NA,NA,NA,NA,NA,NA,NA,NA,NA,NA,NA,NA,NA,NA,NA,NA,NA,NA,NA,NA,NA,NA,249,18,Woman,4,5,1,2,4,5,0,5,2,3,3,3,1,3
986,NA,NA,NA,NA,NA,NA,NA,NA,NA,NA,NA,NA,NA,NA,NA,NA,NA,NA,NA,NA,NA,NA,NA,NA,NA,NA,NA,NA,NA,NA,NA,NA,NA,NA,NA,NA,NA,NA,NA,NA,NA,NA,NA,NA,251,18,Woman,2,3,4,4,4,3,0,0,3,0,0,5,4,4
987,NA,NA,NA,NA,NA,NA,NA,NA,NA,NA,NA,NA,NA,NA,NA,NA,NA,NA,NA,NA,NA,NA,NA,NA,NA,NA,NA,NA,NA,NA,NA,NA,NA,NA,NA,NA,NA,NA,NA,NA,NA,NA,NA,NA,252,19,Woman,5,3,0,1,2,0,0,0,3,0,5,0,0,2
988,NA,NA,NA,NA,NA,NA,NA,NA,NA,NA,NA,NA,NA,NA,NA,NA,NA,NA,NA,NA,NA,NA,NA,NA,NA,NA,NA,NA,NA,NA,NA,NA,NA,NA,NA,NA,NA,NA,NA,NA,NA,NA,NA,NA,253,18,Man,0,0,0,0,1,0,0,0,3,0,0,3,0,0
989,NA,NA,NA,NA,NA,NA,NA,NA,NA,NA,NA,NA,NA,NA,NA,NA,NA,NA,NA,NA,NA,NA,NA,NA,NA,NA,NA,NA,NA,NA,NA,NA,NA,NA,NA,NA,NA,NA,NA,NA,NA,NA,NA,NA,257,18,Woman,1,0,0,0,0,0,0,0,2,0,0,3,0,0
990,NA,NA,NA,NA,NA,NA,NA,NA,NA,NA,NA,NA,NA,NA,NA,NA,NA,NA,NA,NA,NA,NA,NA,NA,NA,NA,NA,NA,NA,NA,NA,NA,NA,NA,NA,NA,NA,NA,NA,NA,NA,NA,NA,NA,259,22,Man,3,1,0,2.5,4,0,0,0,1,0,5,0,2,3
991,NA,NA,NA,NA,NA,NA,NA,NA,NA,NA,NA,NA,NA,NA,NA,NA,NA,NA,NA,NA,NA,NA,NA,NA,NA,NA,NA,NA,NA,NA,NA,NA,NA,NA,NA,NA,NA,NA,NA,NA,NA,NA,NA,NA,264,18,Man,3,4,1,3.5,1,0,0,0,0,0,5,0,3,4
992,NA,NA,NA,NA,NA,NA,NA,NA,NA,NA,NA,NA,NA,NA,NA,NA,NA,NA,NA,NA,NA,NA,NA,NA,NA,NA,NA,NA,NA,NA,NA,NA,NA,NA,NA,NA,NA,NA,NA,NA,NA,NA,NA,NA,272,18,Woman,5,2,0,2,4,3,0,0,3,3.872983346,5,3,1,3
993,NA,NA,NA,NA,NA,NA,NA,NA,NA,NA,NA,NA,NA,NA,NA,NA,NA,NA,NA,NA,NA,NA,NA,NA,NA,NA,NA,NA,NA,NA,NA,NA,NA,NA,NA,NA,NA,NA,NA,NA,NA,NA,NA,NA,273,20,Man,4,0,3,1.5,1,3,5,0,0,0,0,3,0,3
994,NA,NA,NA,NA,NA,NA,NA,NA,NA,NA,NA,NA,NA,NA,NA,NA,NA,NA,NA,NA,NA,NA,NA,NA,NA,NA,NA,NA,NA,NA,NA,NA,NA,NA,NA,NA,NA,NA,NA,NA,NA,NA,NA,NA,275,18,Woman,2,3,0,2,4,5,0,0,3,0,0,4,1,3
995,NA,NA,NA,NA,NA,NA,NA,NA,NA,NA,NA,NA,NA,NA,NA,NA,NA,NA,NA,NA,NA,NA,NA,NA,NA,NA,NA,NA,NA,NA,NA,NA,NA,NA,NA,NA,NA,NA,NA,NA,NA,NA,NA,NA,278,18,Woman,3,1,3,1.5,4,2,0,1,3,0,0,3,2,1
996,NA,NA,NA,NA,NA,NA,NA,NA,NA,NA,NA,NA,NA,NA,NA,NA,NA,NA,NA,NA,NA,NA,NA,NA,NA,NA,NA,NA,NA,NA,NA,NA,NA,NA,NA,NA,NA,NA,NA,NA,NA,NA,NA,NA,280,19,Woman,1,3,0,0.5,5,4,0,0,0,2.828427125,4,2,1,0
997,NA,NA,NA,NA,NA,NA,NA,NA,NA,NA,NA,NA,NA,NA,NA,NA,NA,NA,NA,NA,NA,NA,NA,NA,NA,NA,NA,NA,NA,NA,NA,NA,NA,NA,NA,NA,NA,NA,NA,NA,NA,NA,NA,NA,282,19,Woman,4,3,1,0,4,3,0,0,3,0,5,0,0,0
998,NA,NA,NA,NA,NA,NA,NA,NA,NA,NA,NA,NA,NA,NA,NA,NA,NA,NA,NA,NA,NA,NA,NA,NA,NA,NA,NA,NA,NA,NA,NA,NA,NA,NA,NA,NA,NA,NA,NA,NA,NA,NA,NA,NA,284,18,Woman,1,3,5,0.5,5,1,0,0,4,0,0,5,0,1
999,NA,NA,NA,NA,NA,NA,NA,NA,NA,NA,NA,NA,NA,NA,NA,NA,NA,NA,NA,NA,NA,NA,NA,NA,NA,NA,NA,NA,NA,NA,NA,NA,NA,NA,NA,NA,NA,NA,NA,NA,NA,NA,NA,NA,289,23,Man,4,3,1,2,3,4,0,0,1,0,5,0,1,3
1000,NA,NA,NA,NA,NA,NA,NA,NA,NA,NA,NA,NA,NA,NA,NA,NA,NA,NA,NA,NA,NA,NA,NA,NA,NA,NA,NA,NA,NA,NA,NA,NA,NA,NA,NA,NA,NA,NA,NA,NA,NA,NA,NA,NA,290,19,Woman,4,4,0,0,2,0,0,0,1,1.732050808,3,1,0,0
1001,NA,NA,NA,NA,NA,NA,NA,NA,NA,NA,NA,NA,NA,NA,NA,NA,NA,NA,NA,NA,NA,NA,NA,NA,NA,NA,NA,NA,NA,NA,NA,NA,NA,NA,NA,NA,NA,NA,NA,NA,NA,NA,NA,NA,293,19,Woman,3,4,0,1,4,2,0,0,2,2.449489743,2,3,0,2
1002,NA,NA,NA,NA,NA,NA,NA,NA,NA,NA,NA,NA,NA,NA,NA,NA,NA,NA,NA,NA,NA,NA,NA,NA,NA,NA,NA,NA,NA,NA,NA,NA,NA,NA,NA,NA,NA,NA,NA,NA,NA,NA,NA,NA,294,18,Man,4,2,1,2.5,3,3,2,0,3,1.414213562,2,1,2,3
1003,NA,NA,NA,NA,NA,NA,NA,NA,NA,NA,NA,NA,NA,NA,NA,NA,NA,NA,NA,NA,NA,NA,NA,NA,NA,NA,NA,NA,NA,NA,NA,NA,NA,NA,NA,NA,NA,NA,NA,NA,NA,NA,NA,NA,297,18,Woman,4,3,0,0,3,0,0,0,1,0,0,0,0,0
1004,NA,NA,NA,NA,NA,NA,NA,NA,NA,NA,NA,NA,NA,NA,NA,NA,NA,NA,NA,NA,NA,NA,NA,NA,NA,NA,NA,NA,NA,NA,NA,NA,NA,NA,NA,NA,NA,NA,NA,NA,NA,NA,NA,NA,299,19,Man,3,2,0,1,2,2,0,0,0,0,0,5,1,1
1005,NA,NA,NA,NA,NA,NA,NA,NA,NA,NA,NA,NA,NA,NA,NA,NA,NA,NA,NA,NA,NA,NA,NA,NA,NA,NA,NA,NA,NA,NA,NA,NA,NA,NA,NA,NA,NA,NA,NA,NA,NA,NA,NA,NA,300,19,Woman,4,3,1,3,3,2,0,0,1,0,5,0,2,4
1006,NA,NA,NA,NA,NA,NA,NA,NA,NA,NA,NA,NA,NA,NA,NA,NA,NA,NA,NA,NA,NA,NA,NA,NA,NA,NA,NA,NA,NA,NA,NA,NA,NA,NA,NA,NA,NA,NA,NA,NA,NA,NA,NA,NA,301,18,Woman,5,4,1,1.5,3,2,0,0,1,0,0,0,1,2
1007,NA,NA,NA,NA,NA,NA,NA,NA,NA,NA,NA,NA,NA,NA,NA,NA,NA,NA,NA,NA,NA,NA,NA,NA,NA,NA,NA,NA,NA,NA,NA,NA,NA,NA,NA,NA,NA,NA,NA,NA,NA,NA,NA,NA,302,18,Man,1,1,2,0,0,0,0,0,1,1.732050808,3,1,0,0
1008,NA,NA,NA,NA,NA,NA,NA,NA,NA,NA,NA,NA,NA,NA,NA,NA,NA,NA,NA,NA,NA,NA,NA,NA,NA,NA,NA,NA,NA,NA,NA,NA,NA,NA,NA,NA,NA,NA,NA,NA,NA,NA,NA,NA,304,19,Man,5,2,0,2,3,4,0,0,2,0,5,0,4,0
1009,NA,NA,NA,NA,NA,NA,NA,NA,NA,NA,NA,NA,NA,NA,NA,NA,NA,NA,NA,NA,NA,NA,NA,NA,NA,NA,NA,NA,NA,NA,NA,NA,NA,NA,NA,NA,NA,NA,NA,NA,NA,NA,NA,NA,305,18,Woman,4,3,0,1.5,3,3,0,0,2,2,1,4,3,0
1010,NA,NA,NA,NA,NA,NA,NA,NA,NA,NA,NA,NA,NA,NA,NA,NA,NA,NA,NA,NA,NA,NA,NA,NA,NA,NA,NA,NA,NA,NA,NA,NA,NA,NA,NA,NA,NA,NA,NA,NA,NA,NA,NA,NA,306,19,Man,4,3,1,2,3,4,0,0,2,2.236067977,5,1,2,2
1011,NA,NA,NA,NA,NA,NA,NA,NA,NA,NA,NA,NA,NA,NA,NA,NA,NA,NA,NA,NA,NA,NA,NA,NA,NA,NA,NA,NA,NA,NA,NA,NA,NA,NA,NA,NA,NA,NA,NA,NA,NA,NA,NA,NA,308,18,Non-binary,1,2,0,1.5,2,0,2,0,1,0,0,1,3,0
1012,NA,NA,NA,NA,NA,NA,NA,NA,NA,NA,NA,NA,NA,NA,NA,NA,NA,NA,NA,NA,NA,NA,NA,NA,NA,NA,NA,NA,NA,NA,NA,NA,NA,NA,NA,NA,NA,NA,NA,NA,NA,NA,NA,NA,312,18,Man,4,3,3,1.5,3,0,0,0,4,2,2,2,1,2
1013,NA,NA,NA,NA,NA,NA,NA,NA,NA,NA,NA,NA,NA,NA,NA,NA,NA,NA,NA,NA,NA,NA,NA,NA,NA,NA,NA,NA,NA,NA,NA,NA,NA,NA,NA,NA,NA,NA,NA,NA,NA,NA,NA,NA,314,19,Woman,3,1,0,0,3,1,0,0,1,0,0,0,0,0
1014,NA,NA,NA,NA,NA,NA,NA,NA,NA,NA,NA,NA,NA,NA,NA,NA,NA,NA,NA,NA,NA,NA,NA,NA,NA,NA,NA,NA,NA,NA,NA,NA,NA,NA,NA,NA,NA,NA,NA,NA,NA,NA,NA,NA,316,19,Woman,3,4,2,4,4,2,1,0,4,0,5,0,3,5
1015,NA,NA,NA,NA,NA,NA,NA,NA,NA,NA,NA,NA,NA,NA,NA,NA,NA,NA,NA,NA,NA,NA,NA,NA,NA,NA,NA,NA,NA,NA,NA,NA,NA,NA,NA,NA,NA,NA,NA,NA,NA,NA,NA,NA,319,18,Man,5,2,0,2,3,2,0,0,0,0,0,5,1,3
1016,NA,NA,NA,NA,NA,NA,NA,NA,NA,NA,NA,NA,NA,NA,NA,NA,NA,NA,NA,NA,NA,NA,NA,NA,NA,NA,NA,NA,NA,NA,NA,NA,NA,NA,NA,NA,NA,NA,NA,NA,NA,NA,NA,NA,320,25,Non-binary,1,2,0,2.5,1,0,0,0,1,0,5,0,2,3
1017,NA,NA,NA,NA,NA,NA,NA,NA,NA,NA,NA,NA,NA,NA,NA,NA,NA,NA,NA,NA,NA,NA,NA,NA,NA,NA,NA,NA,NA,NA,NA,NA,NA,NA,NA,NA,NA,NA,NA,NA,NA,NA,NA,NA,332,20,Woman,4,3,2,2,3,3,1,0,0,0,0,4,1,3
1018,NA,NA,NA,NA,NA,NA,NA,NA,NA,NA,NA,NA,NA,NA,NA,NA,NA,NA,NA,NA,NA,NA,NA,NA,NA,NA,NA,NA,NA,NA,NA,NA,NA,NA,NA,NA,NA,NA,NA,NA,NA,NA,NA,NA,334,18,Woman,4,3,1,2.5,4,3,0,0,3,1.414213562,2,1,2,3
1019,NA,NA,NA,NA,NA,NA,NA,NA,NA,NA,NA,NA,NA,NA,NA,NA,NA,NA,NA,NA,NA,NA,NA,NA,NA,NA,NA,NA,NA,NA,NA,NA,NA,NA,NA,NA,NA,NA,NA,NA,NA,NA,NA,NA,336,18,Woman,4,5,0,3.5,0,2,0,0,0,0,0,0,4,3
1020,NA,NA,NA,NA,NA,NA,NA,NA,NA,NA,NA,NA,NA,NA,NA,NA,NA,NA,NA,NA,NA,NA,NA,NA,NA,NA,NA,NA,NA,NA,NA,NA,NA,NA,NA,NA,NA,NA,NA,NA,NA,NA,NA,NA,337,19,Woman,5,3,1,1.5,4,2,0,0,2,0,0,5,1,2
1021,NA,NA,NA,NA,NA,NA,NA,NA,NA,NA,NA,NA,NA,NA,NA,NA,NA,NA,NA,NA,NA,NA,NA,NA,NA,NA,NA,NA,NA,NA,NA,NA,NA,NA,NA,NA,NA,NA,NA,NA,NA,NA,NA,NA,339,20,Woman,3,4,0,0,3,2,0,0,1,0,2,0,0,0
1022,NA,NA,NA,NA,NA,NA,NA,NA,NA,NA,NA,NA,NA,NA,NA,NA,NA,NA,NA,NA,NA,NA,NA,NA,NA,NA,NA,NA,NA,NA,NA,NA,NA,NA,NA,NA,NA,NA,NA,NA,NA,NA,NA,NA,340,18,Woman,4,3,1,1,3,3,0,0,0,4.472135955,5,4,0,2
1023,NA,NA,NA,NA,NA,NA,NA,NA,NA,NA,NA,NA,NA,NA,NA,NA,NA,NA,NA,NA,NA,NA,NA,NA,NA,NA,NA,NA,NA,NA,NA,NA,NA,NA,NA,NA,NA,NA,NA,NA,NA,NA,NA,NA,341,20,Woman,4,4,0,2.5,5,1,0,5,2,5,5,5,2,3
1024,NA,NA,NA,NA,NA,NA,NA,NA,NA,NA,NA,NA,NA,NA,NA,NA,NA,NA,NA,NA,NA,NA,NA,NA,NA,NA,NA,NA,NA,NA,NA,NA,NA,NA,NA,NA,NA,NA,NA,NA,NA,NA,NA,NA,350,18,Man,4,4,1,1,2,3,0,0,3,5,5,5,0,2
1025,NA,NA,NA,NA,NA,NA,NA,NA,NA,NA,NA,NA,NA,NA,NA,NA,NA,NA,NA,NA,NA,NA,NA,NA,NA,NA,NA,NA,NA,NA,NA,NA,NA,NA,NA,NA,NA,NA,NA,NA,NA,NA,NA,NA,351,18,Woman,5,4,4,3.5,4,4,0,0,3,2,4,1,3,4
1026,NA,NA,NA,NA,NA,NA,NA,NA,NA,NA,NA,NA,NA,NA,NA,NA,NA,NA,NA,NA,NA,NA,NA,NA,NA,NA,NA,NA,NA,NA,NA,NA,NA,NA,NA,NA,NA,NA,NA,NA,NA,NA,NA,NA,353,19,Woman,4,5,4,1,3,2,3,1,2,3,3,3,0,2
1027,NA,NA,NA,NA,NA,NA,NA,NA,NA,NA,NA,NA,NA,NA,NA,NA,NA,NA,NA,NA,NA,NA,NA,NA,NA,NA,NA,NA,NA,NA,NA,NA,NA,NA,NA,NA,NA,NA,NA,NA,NA,NA,NA,NA,355,18,Woman,2,1,0,0.5,2,0,0,5,0,0,0,5,1,0
1028,NA,NA,NA,NA,NA,NA,NA,NA,NA,NA,NA,NA,NA,NA,NA,NA,NA,NA,NA,NA,NA,NA,NA,NA,NA,NA,NA,NA,NA,NA,NA,NA,NA,NA,NA,NA,NA,NA,NA,NA,NA,NA,NA,NA,356,19,Man,3,3,1,0,2,4,0,0,0,2.449489743,3,2,0,0
1029,NA,NA,NA,NA,NA,NA,NA,NA,NA,NA,NA,NA,NA,NA,NA,NA,NA,NA,NA,NA,NA,NA,NA,NA,NA,NA,NA,NA,NA,NA,NA,NA,NA,NA,NA,NA,NA,NA,NA,NA,NA,NA,NA,NA,357,19,Woman,4,4,3,3.5,4,3,0,0,2,0,4,0,5,2
1030,NA,NA,NA,NA,NA,NA,NA,NA,NA,NA,NA,NA,NA,NA,NA,NA,NA,NA,NA,NA,NA,NA,NA,NA,NA,NA,NA,NA,NA,NA,NA,NA,NA,NA,NA,NA,NA,NA,NA,NA,NA,NA,NA,NA,360,19,Man,2,0,0,1,1,0,0,0,0,0,0,0,1,1
1031,NA,NA,NA,NA,NA,NA,NA,NA,NA,NA,NA,NA,NA,NA,NA,NA,NA,NA,NA,NA,NA,NA,NA,NA,NA,NA,NA,NA,NA,NA,NA,NA,NA,NA,NA,NA,NA,NA,NA,NA,NA,NA,NA,NA,361,19,Woman,4,3,3,2,5,4,0,0,1,0,5,0,0,4
1032,NA,NA,NA,NA,NA,NA,NA,NA,NA,NA,NA,NA,NA,NA,NA,NA,NA,NA,NA,NA,NA,NA,NA,NA,NA,NA,NA,NA,NA,NA,NA,NA,NA,NA,NA,NA,NA,NA,NA,NA,NA,NA,NA,NA,362,18,Woman,2,3,0,0.5,1,3,0,0,2,3.464101615,3,4,1,0
1033,NA,NA,NA,NA,NA,NA,NA,NA,NA,NA,NA,NA,NA,NA,NA,NA,NA,NA,NA,NA,NA,NA,NA,NA,NA,NA,NA,NA,NA,NA,NA,NA,NA,NA,NA,NA,NA,NA,NA,NA,NA,NA,NA,NA,364,20,Woman,5,5,0,3,5,4,0,0,1,3,3,3,2,4
1034,NA,NA,NA,NA,NA,NA,NA,NA,NA,NA,NA,NA,NA,NA,NA,NA,NA,NA,NA,NA,NA,NA,NA,NA,NA,NA,NA,NA,NA,NA,NA,NA,NA,NA,NA,NA,NA,NA,NA,NA,NA,NA,NA,NA,366,20,Woman,4,3,4,3,3,3,0,0,5,0,0,5,2,4
1035,NA,NA,NA,NA,NA,NA,NA,NA,NA,NA,NA,NA,NA,NA,NA,NA,NA,NA,NA,NA,NA,NA,NA,NA,NA,NA,NA,NA,NA,NA,NA,NA,NA,NA,NA,NA,NA,NA,NA,NA,NA,NA,NA,NA,368,19,Woman,4,5,0,1.5,3,4,0,0,3,0,5,0,1,2
1036,NA,NA,NA,NA,NA,NA,NA,NA,NA,NA,NA,NA,NA,NA,NA,NA,NA,NA,NA,NA,NA,NA,NA,NA,NA,NA,NA,NA,NA,NA,NA,NA,NA,NA,NA,NA,NA,NA,NA,NA,NA,NA,NA,NA,369,22,Woman,5,4,1,0.5,4,3,0,0,4,3.16227766,5,2,0,1
1037,NA,NA,NA,NA,NA,NA,NA,NA,NA,NA,NA,NA,NA,NA,NA,NA,NA,NA,NA,NA,NA,NA,NA,NA,NA,NA,NA,NA,NA,NA,NA,NA,NA,NA,NA,NA,NA,NA,NA,NA,NA,NA,NA,NA,371,23,Man,4,4,2,1,5,3,0,0,1,0,5,0,0,2
1038,NA,NA,NA,NA,NA,NA,NA,NA,NA,NA,NA,NA,NA,NA,NA,NA,NA,NA,NA,NA,NA,NA,NA,NA,NA,NA,NA,NA,NA,NA,NA,NA,NA,NA,NA,NA,NA,NA,NA,NA,NA,NA,NA,NA,372,19,Woman,2,4,1,2.5,5,3,1,0,1,0,5,0,2,3
1039,NA,NA,NA,NA,NA,NA,NA,NA,NA,NA,NA,NA,NA,NA,NA,NA,NA,NA,NA,NA,NA,NA,NA,NA,NA,NA,NA,NA,NA,NA,NA,NA,NA,NA,NA,NA,NA,NA,NA,NA,NA,NA,NA,NA,373,20,Woman,3,3,1,0.5,1,1,0,0,2,0,5,0,0,1
1040,NA,NA,NA,NA,NA,NA,NA,NA,NA,NA,NA,NA,NA,NA,NA,NA,NA,NA,NA,NA,NA,NA,NA,NA,NA,NA,NA,NA,NA,NA,NA,NA,NA,NA,NA,NA,NA,NA,NA,NA,NA,NA,NA,NA,375,18,Woman,1,4,3,3,3,1,1,0,2,0,5,0,3,3
1041,NA,NA,NA,NA,NA,NA,NA,NA,NA,NA,NA,NA,NA,NA,NA,NA,NA,NA,NA,NA,NA,NA,NA,NA,NA,NA,NA,NA,NA,NA,NA,NA,NA,NA,NA,NA,NA,NA,NA,NA,NA,NA,NA,NA,376,18,Woman,5,3,4,2.5,4,3,0,0,1,1.732050808,3,1,1,4
1042,NA,NA,NA,NA,NA,NA,NA,NA,NA,NA,NA,NA,NA,NA,NA,NA,NA,NA,NA,NA,NA,NA,NA,NA,NA,NA,NA,NA,NA,NA,NA,NA,NA,NA,NA,NA,NA,NA,NA,NA,NA,NA,NA,NA,377,19,Man,4,1,2,3.5,2,5,0,0,0,0,0,5,3,4
1043,NA,NA,NA,NA,NA,NA,NA,NA,NA,NA,NA,NA,NA,NA,NA,NA,NA,NA,NA,NA,NA,NA,NA,NA,NA,NA,NA,NA,NA,NA,NA,NA,NA,NA,NA,NA,NA,NA,NA,NA,NA,NA,NA,NA,380,18,Man,3,4,2,1.5,5,4,1,0,3,3.16227766,5,2,2,1
1044,NA,NA,NA,NA,NA,NA,NA,NA,NA,NA,NA,NA,NA,NA,NA,NA,NA,NA,NA,NA,NA,NA,NA,NA,NA,NA,NA,NA,NA,NA,NA,NA,NA,NA,NA,NA,NA,NA,NA,NA,NA,NA,NA,NA,384,19,Man,3,3,0,2.5,0,2,0,0,1,0,3,0,0,5
1045,NA,NA,NA,NA,NA,NA,NA,NA,NA,NA,NA,NA,NA,NA,NA,NA,NA,NA,NA,NA,NA,NA,NA,NA,NA,NA,NA,NA,NA,NA,NA,NA,NA,NA,NA,NA,NA,NA,NA,NA,NA,NA,NA,NA,386,19,Man,0,0,0,0,3,1,0,0,2,0,0,0,0,0
1046,NA,NA,NA,NA,NA,NA,NA,NA,NA,NA,NA,NA,NA,NA,NA,NA,NA,NA,NA,NA,NA,NA,NA,NA,NA,NA,NA,NA,NA,NA,NA,NA,NA,NA,NA,NA,NA,NA,NA,NA,NA,NA,NA,NA,387,19,Man,3,3,2,0.5,5,4,0,2,3,2.828427125,2,4,0,1
1047,NA,NA,NA,NA,NA,NA,NA,NA,NA,NA,NA,NA,NA,NA,NA,NA,NA,NA,NA,NA,NA,NA,NA,NA,NA,NA,NA,NA,NA,NA,NA,NA,NA,NA,NA,NA,NA,NA,NA,NA,NA,NA,NA,NA,394,18,Woman,2,4,0,1.5,4,3,1,0,0,0,0,5,3,0
1048,NA,NA,NA,NA,NA,NA,NA,NA,NA,NA,NA,NA,NA,NA,NA,NA,NA,NA,NA,NA,NA,NA,NA,NA,NA,NA,NA,NA,NA,NA,NA,NA,NA,NA,NA,NA,NA,NA,NA,NA,NA,NA,NA,NA,395,18,Woman,4,3,2,2,5,2,0,0,3,4,4,4,1,3
1049,NA,NA,NA,NA,NA,NA,NA,NA,NA,NA,NA,NA,NA,NA,NA,NA,NA,NA,NA,NA,NA,NA,NA,NA,NA,NA,NA,NA,NA,NA,NA,NA,NA,NA,NA,NA,NA,NA,NA,NA,NA,NA,NA,NA,398,18,Woman,4,4,1,0.5,5,3,0,0,3,0,5,0,0,1
1050,NA,NA,NA,NA,NA,NA,NA,NA,NA,NA,NA,NA,NA,NA,NA,NA,NA,NA,NA,NA,NA,NA,NA,NA,NA,NA,NA,NA,NA,NA,NA,NA,NA,NA,NA,NA,NA,NA,NA,NA,NA,NA,NA,NA,399,18,Woman,4,3,1,0.5,4,3,0,0,1,3.16227766,5,2,0,1
1051,NA,NA,NA,NA,NA,NA,NA,NA,NA,NA,NA,NA,NA,NA,NA,NA,NA,NA,NA,NA,NA,NA,NA,NA,NA,NA,NA,NA,NA,NA,NA,NA,NA,NA,NA,NA,NA,NA,NA,NA,NA,NA,NA,NA,401,21,Woman,4,2,3,3,5,2,0,0,0,3.16227766,5,2,5,1
1052,NA,NA,NA,NA,NA,NA,NA,NA,NA,NA,NA,NA,NA,NA,NA,NA,NA,NA,NA,NA,NA,NA,NA,NA,NA,NA,NA,NA,NA,NA,NA,NA,NA,NA,NA,NA,NA,NA,NA,NA,NA,NA,NA,NA,405,19,Woman,4,2,1,1.5,3,2,0,0,3,0,5,0,0,3
1053,NA,NA,NA,NA,NA,NA,NA,NA,NA,NA,NA,NA,NA,NA,NA,NA,NA,NA,NA,NA,NA,NA,NA,NA,NA,NA,NA,NA,NA,NA,NA,NA,NA,NA,NA,NA,NA,NA,NA,NA,NA,NA,NA,NA,406,19,Woman,5,3,1,2,5,3,0,0,0,0,5,0,2,2
1054,NA,NA,NA,NA,NA,NA,NA,NA,NA,NA,NA,NA,NA,NA,NA,NA,NA,NA,NA,NA,NA,NA,NA,NA,NA,NA,NA,NA,NA,NA,NA,NA,NA,NA,NA,NA,NA,NA,NA,NA,NA,NA,NA,NA,407,18,Woman,1,2,0,2.5,3,2,0,0,2,0,0,0,3,2
1055,NA,NA,NA,NA,NA,NA,NA,NA,NA,NA,NA,NA,NA,NA,NA,NA,NA,NA,NA,NA,NA,NA,NA,NA,NA,NA,NA,NA,NA,NA,NA,NA,NA,NA,NA,NA,NA,NA,NA,NA,NA,NA,NA,NA,408,19,Woman,5,5,0,3.5,4,2,1,0,1,0,0,4,3,4
1056,NA,NA,NA,NA,NA,NA,NA,NA,NA,NA,NA,NA,NA,NA,NA,NA,NA,NA,NA,NA,NA,NA,NA,NA,NA,NA,NA,NA,NA,NA,NA,NA,NA,NA,NA,NA,NA,NA,NA,NA,NA,NA,NA,NA,409,18,Woman,3,4,3,1.5,3,3,1,0,2,2.449489743,3,2,1,2
1057,NA,NA,NA,NA,NA,NA,NA,NA,NA,NA,NA,NA,NA,NA,NA,NA,NA,NA,NA,NA,NA,NA,NA,NA,NA,NA,NA,NA,NA,NA,NA,NA,NA,NA,NA,NA,NA,NA,NA,NA,NA,NA,NA,NA,410,19,Woman,3,4,2,1.5,4,5,1,0,3,0,0,0,1,2
1058,NA,NA,NA,NA,NA,NA,NA,NA,NA,NA,NA,NA,NA,NA,NA,NA,NA,NA,NA,NA,NA,NA,NA,NA,NA,NA,NA,NA,NA,NA,NA,NA,NA,NA,NA,NA,NA,NA,NA,NA,NA,NA,NA,NA,412,18,Woman,4,3,5,2.5,4,5,0,0,5,0,0,0,3,2
1059,NA,NA,NA,NA,NA,NA,NA,NA,NA,NA,NA,NA,NA,NA,NA,NA,NA,NA,NA,NA,NA,NA,NA,NA,NA,NA,NA,NA,NA,NA,NA,NA,NA,NA,NA,NA,NA,NA,NA,NA,NA,NA,NA,NA,413,18,Man,4,1,2,0,4,2,0,0,3,0,0,0,0,0
1060,NA,NA,NA,NA,NA,NA,NA,NA,NA,NA,NA,NA,NA,NA,NA,NA,NA,NA,NA,NA,NA,NA,NA,NA,NA,NA,NA,NA,NA,NA,NA,NA,NA,NA,NA,NA,NA,NA,NA,NA,NA,NA,NA,NA,414,20,Woman,5,2,0,3.5,4,3,0,0,1,0,5,0,3,4
1061,NA,NA,NA,NA,NA,NA,NA,NA,NA,NA,NA,NA,NA,NA,NA,NA,NA,NA,NA,NA,NA,NA,NA,NA,NA,NA,NA,NA,NA,NA,NA,NA,NA,NA,NA,NA,NA,NA,NA,NA,NA,NA,NA,NA,417,19,Woman,2,1,3,0,1,0,0,0,0,0,5,0,0,0
1062,NA,NA,NA,NA,NA,NA,NA,NA,NA,NA,NA,NA,NA,NA,NA,NA,NA,NA,NA,NA,NA,NA,NA,NA,NA,NA,NA,NA,NA,NA,NA,NA,NA,NA,NA,NA,NA,NA,NA,NA,NA,NA,NA,NA,418,23,Man,1,1,0,0,2,2,0,0,0,0,0,0,0,0
1063,NA,NA,NA,NA,NA,NA,NA,NA,NA,NA,NA,NA,NA,NA,NA,NA,NA,NA,NA,NA,NA,NA,NA,NA,NA,NA,NA,NA,NA,NA,NA,NA,NA,NA,NA,NA,NA,NA,NA,NA,NA,NA,NA,NA,420,18,Woman,3,4,0,0,1,5,0,0,0,0,0,5,0,0
1064,NA,NA,NA,NA,NA,NA,NA,NA,NA,NA,NA,NA,NA,NA,NA,NA,NA,NA,NA,NA,NA,NA,NA,NA,NA,NA,NA,NA,NA,NA,NA,NA,NA,NA,NA,NA,NA,NA,NA,NA,NA,NA,NA,NA,422,19,Man,1,0,0,0.5,0,1,0,0,1,0,5,0,0,1
1065,NA,NA,NA,NA,NA,NA,NA,NA,NA,NA,NA,NA,NA,NA,NA,NA,NA,NA,NA,NA,NA,NA,NA,NA,NA,NA,NA,NA,NA,NA,NA,NA,NA,NA,NA,NA,NA,NA,NA,NA,NA,NA,NA,NA,423,20,Woman,2,1,3,3.5,0,1,0,0,1,0,1,0,4,3
1066,NA,NA,NA,NA,NA,NA,NA,NA,NA,NA,NA,NA,NA,NA,NA,NA,NA,NA,NA,NA,NA,NA,NA,NA,NA,NA,NA,NA,NA,NA,NA,NA,NA,NA,NA,NA,NA,NA,NA,NA,NA,NA,NA,NA,424,34,Woman,4,3,3,3,5,2,0,0,3,0,5,0,4,2
1067,NA,NA,NA,NA,NA,NA,NA,NA,NA,NA,NA,NA,NA,NA,NA,NA,NA,NA,NA,NA,NA,NA,NA,NA,NA,NA,NA,NA,NA,NA,NA,NA,NA,NA,NA,NA,NA,NA,NA,NA,NA,NA,NA,NA,425,21,Woman,5,5,0,3,5,5,0,0,0,0,5,0,4,2
1068,NA,NA,NA,NA,NA,NA,NA,NA,NA,NA,NA,NA,NA,NA,NA,NA,NA,NA,NA,NA,NA,NA,NA,NA,NA,NA,NA,NA,NA,NA,NA,NA,NA,NA,NA,NA,NA,NA,NA,NA,NA,NA,NA,NA,428,20,Man,4,4,3,1,3,2,0,3,0,0,2,0,1,1
1069,NA,NA,NA,NA,NA,NA,NA,NA,NA,NA,NA,NA,NA,NA,NA,NA,NA,NA,NA,NA,NA,NA,NA,NA,NA,NA,NA,NA,NA,NA,NA,NA,NA,NA,NA,NA,NA,NA,NA,NA,NA,NA,NA,NA,431,19,Woman,3,5,1,1,4,1,0,0,1,0,4,0,2,0
1070,NA,NA,NA,NA,NA,NA,NA,NA,NA,NA,NA,NA,NA,NA,NA,NA,NA,NA,NA,NA,NA,NA,NA,NA,NA,NA,NA,NA,NA,NA,NA,NA,NA,NA,NA,NA,NA,NA,NA,NA,NA,NA,NA,NA,433,19,Man,4,3,0,2,5,5,0,5,0,3,3,3,2,2
1071,NA,NA,NA,NA,NA,NA,NA,NA,NA,NA,NA,NA,NA,NA,NA,NA,NA,NA,NA,NA,NA,NA,NA,NA,NA,NA,NA,NA,NA,NA,NA,NA,NA,NA,NA,NA,NA,NA,NA,NA,NA,NA,NA,NA,440,21,Woman,5,4,0,1,4,5,0,4,0,0,4,0,0,2
1072,NA,NA,NA,NA,NA,NA,NA,NA,NA,NA,NA,NA,NA,NA,NA,NA,NA,NA,NA,NA,NA,NA,NA,NA,NA,NA,NA,NA,NA,NA,NA,NA,NA,NA,NA,NA,NA,NA,NA,NA,NA,NA,NA,NA,443,19,Man,5,5,3,1.5,4,5,0,0,1,0,1,0,1,2
1073,NA,NA,NA,NA,NA,NA,NA,NA,NA,NA,NA,NA,NA,NA,NA,NA,NA,NA,NA,NA,NA,NA,NA,NA,NA,NA,NA,NA,NA,NA,NA,NA,NA,NA,NA,NA,NA,NA,NA,NA,NA,NA,NA,NA,444,19,Woman,1,1,1,1,1,0,0,0,0,0,0,5,1,1
