,Duration__in_seconds,StartDate,EndDate,Status,Progress,Duration (in seconds),Finished,RecordedDate,RecipientLastName,RecipientFirstName,RecipientEmail,ExternalReference,LocationLatitude,LocationLongitude,DistributionChannel,UserLanguage,Q3,Q49,Q14,Q6,Q4,Q14_First Click,Q14_Last Click,Q14_Page Submit,Q14_Click Count,Q25_1,Q25_2,Q25_3,Q25_4,Q25_5,Q25_6,Q25_7,Q25_8,Q25_9,Q25_10,Q25_11,Q25_12,Q25_13,Q25_14,Q25_15,Q25_16,Q25_17,Q25_18,Q25_19,Q25_20,Q25_21,Q25_22,Q25_23,Q25_24,Q25_25,Q25_26,Q25_27,Q25_28,DES time_First Click,DES time_Last Click,DES time_Page Submit,DES time_Click Count,CODE,age,gender,1handlowersubj,2handtogethersubj,3mosquitosubj,4TasteAverage,5rigidsubj,6immobilizationsubj,7musicsubj,8ballssubj,9amnesiasubj,10spaceGeoMean,10spacebarsubj1,10spacebarsubj2,4Tastesweetsubj,4Tastesoursubj
1,49,09/12/2022 07:09,09/12/2022 07:10,0,100,49,1,09/12/2022 07:10,NA,NA,NA,NA,51.5876,0.6048,anonymous,EN,1,1,19,Woman,1,1.078,26.445,27.165,38,5,5,1,1,1,1,3,4,4,4,4,4,2,5,2,6,4,4,1,5,5,3,6,3,5,6,5,5,1.079,26.444,27.164,38,772,18,Woman,4,3,0,1.5,2,1,0,0,2,0,0,5,1,2
2,52,29/04/2022 05:56,29/04/2022 05:56,0,100,52,1,29/04/2022 05:56,NA,NA,NA,NA,52.3111,4.861,anonymous,EN,1,1,19,Man,1,1.152,32.597,32.957,36,6,4,9,6,4,3,8,4,6,2,4,6,6,3,4,6,7,3,5,5,7,6,4,5,4,7,3,6,1.152,32.597,32.957,36,833,18,Man,4,2,0,0.5,4,3,0,0,1,2,4,1,0,1
3,58,07/10/2022 16:10,07/10/2022 16:11,0,100,58,1,07/10/2022 16:11,NA,NA,NA,NA,50.8429,-0.1158,anonymous,EN,1,1,19,Woman,1,6.292,35.072,35.877,29,7,5,7,5,9,1,8,5,8,6,4,8,5,5,8,4,7,6,6,3,10,6,7,4,8,6,4,8,6.292,35.073,35.877,29,713,18,Woman,2,4,1,1.5,3,2,4,0,1,1.41,2,1,0,3
4,62,05/12/2022 04:11,05/12/2022 04:12,0,100,62,1,05/12/2022 04:12,NA,NA,NA,NA,50.8612,-0.1194,anonymous,EN,1,1,18,Woman,1,7.484,42.701,43.318,30,10,6,5,6,4,8,6,8,7,4,6,8,4,5,6,8,6,7,7,3,4,5,0,10,6,6,9,5,7.484,42.7,43.317,30,178,18,Woman,4,5,0,1,5,2,0,0,3,0,5,0,2,0
5,66,23/11/2022 08:25,23/11/2022 08:26,0,100,66,1,23/11/2022 08:26,NA,NA,NA,NA,50.8612,-0.1194,anonymous,EN,1,1,19,Man,1,3.128,50.608,51.325,36,7,7,5,7,7,5,7,7,7,8,8,8,5,8,8,7,8,8,7,9,8,6,7,7,6,5,8,7,3.131,50.608,51.325,36,599,18,Man,4,3,1,0,3,3,0,0,2,0,0,0,0,0
6,66,13/04/2022 03:57,13/04/2022 03:58,0,100,66,1,13/04/2022 03:58,NA,NA,NA,NA,24.6569,46.7179,anonymous,EN,1,1,19,Woman,1,13.035,44.214,45.534,29,2,4,3,2,3,3,3,3,3,2,4,2,2,2,3,6,5,6,4,8,5,5,8,5,6,5,8,4,13.034,44.213,45.533,29,NA,NA,NA,NA,NA,NA,NA,NA,NA,NA,NA,NA,NA,NA,NA,NA,NA
7,67,28/04/2022 12:02,28/04/2022 12:03,0,100,67,1,28/04/2022 12:03,NA,NA,NA,NA,50.831,-0.2734,anonymous,EN,1,1,19,Woman,1,3.35,36.517,37.199,31,6,4,3,4,3,6,4,5,3,6,3,8,4,5,2,7,5,3,8,5,5,4,7,4,8,5,2,3,3.349,36.516,37.198,31,654,18,Woman,4,3,2,2,4,3,2,0,2,0,0,4,2,2
8,69,06/12/2022 05:18,06/12/2022 05:19,0,100,69,1,06/12/2022 05:19,NA,NA,NA,NA,50.9027,-0.0124,anonymous,EN,1,1,19,Man,1,10.991,48.123,49.399,28,2,6,6,4,2,7,3,7,6,5,5,6,2,2,2,5,4,5,4,2,6,3,6,6,2,6,3,5,10.993,48.124,49.399,28,386,19,Man,0,0,0,0,3,1,0,0,2,0,0,0,0,0
9,72,26/04/2022 17:07,26/04/2022 17:09,0,100,72,1,26/04/2022 17:09,NA,NA,NA,NA,51.6427,-0.3647,anonymous,EN,1,1,18,Man,1,10.139,40.39,43.041,29,2,4,4,3,6,4,5,6,4,3,5,4,6,5,3,4,5,4,6,7,2,4,4,6,4,6,5,2,10.14,40.39,43.041,29,NA,NA,NA,NA,NA,NA,NA,NA,NA,NA,NA,NA,NA,NA,NA,NA,NA
10,72,01/12/2022 11:16,01/12/2022 11:17,0,100,72,1,01/12/2022 11:17,NA,NA,NA,NA,50.8429,-0.1158,anonymous,EN,1,1,22,Man,1,2.265,49.476,50.157,62,7,6,5,7,7,8,7,8,5,8,5,7,6,4,5,5,6,6,7,7,8,8,7,7,8,6,6,8,2.265,49.477,50.157,62,494,21,Man,5,2,3,3,4,3,0,0,1,0,0,5,2,4
11,73,11/04/2022 05:58,11/04/2022 05:59,0,100,73,1,11/04/2022 05:59,NA,NA,NA,NA,50.86120605,-0.119400024,anonymous,EN,1,1,20,Woman,1,10.39,53.856,54.634,29,8,8,6,7,8,6,7,4,6,7,6,7,7,8,6,6,5,6,6,7,7,6,7,7,6,7,6,7,10.39,53.856,54.634,29,727,19,Woman,1,1,0,1.5,0,1,0,0,0,0,0,5,1,2
12,75,22/11/2022 05:32,22/11/2022 05:33,0,100,75,1,22/11/2022 05:33,NA,NA,NA,NA,50.8429,-0.1158,anonymous,EN,1,1,20,Woman,1,9.392,37.284,38.201,32,7,5,4,2,4,2,4,5,5,4,3,4,5,2,1,0,4,2,2,3,4,4,3,3,3,3,4,3,9.392,37.285,38.2,32,849,19,Woman,4,4,2,2.5,2,3,1,0,1,0,5,0,2,3
13,79,27/11/2022 13:43,27/11/2022 13:45,0,100,79,1,27/11/2022 13:45,NA,NA,NA,NA,50.8612,-0.1194,anonymous,EN,1,1,19,Woman,1,13.135,61.71,63.768,29,5,7,3,3,5,7,5,6,3,5,3,7,4,2,5,3,6,3,6,4,6,4,5,4,3,5,3,5,13.136,61.71,63.767,29,357,19,Woman,4,4,3,3.5,4,3,0,0,2,0,4,0,5,2
14,80,28/04/2022 14:32,28/04/2022 14:34,0,100,80,1,28/04/2022 14:34,NA,NA,NA,NA,50.8345,-0.186,anonymous,EN,1,1,19,Woman,1,5.833,56.274,57.635,28,6,7,6,1,0,7,0,0,4,7,3,3,6,3,2,4,3,3,4,2,5,3,4,4,4,3,3,4,5.834,56.274,57.636,28,NA,NA,NA,NA,NA,NA,NA,NA,NA,NA,NA,NA,NA,NA,NA,NA,NA
15,80,23/11/2022 09:38,23/11/2022 09:40,0,100,80,1,23/11/2022 09:40,NA,NA,NA,NA,51.4991,-0.5545,anonymous,EN,1,1,20,Woman,1,12.194,57.686,58.557,32,6,5,6,5,5,4,6,5,6,4,7,7,7,5,5,5,7,7,5,4,6,4,5,6,5,5,6,6,12.195,57.686,58.557,32,NA,NA,NA,NA,NA,NA,NA,NA,NA,NA,NA,NA,NA,NA,NA,NA,NA
16,82,21/04/2022 10:42,21/04/2022 10:43,0,100,82,1,21/04/2022 10:43,NA,NA,NA,NA,50.7976,0.3029,anonymous,EN,1,1,19,Woman,1,5.809,62.739,63.16,40,8,7,9,4,4,7,4,4,5,3,1,2,1,2,1,2,1,1,2,1,2,2,1,2,1,1,1,2,5.81,62.739,63.16,40,NA,NA,NA,NA,NA,NA,NA,NA,NA,NA,NA,NA,NA,NA,NA,NA,NA
17,84,29/04/2022 04:40,29/04/2022 04:42,0,100,84,1,29/04/2022 04:42,NA,NA,NA,NA,51.3926,-0.1977,anonymous,EN,1,1,19,Woman,1,5.863,63.616,64.393,39,8,6,7,6,7,5,5,6,5,6,6,6,6,6,6,6,4,4,4,4,4,3,4,4,4,4,4,4,5.864,63.615,64.392,39,625,18,Woman,5,5,4,1,4,5,0,0,2,2.24,1,5,1,1
18,85,24/11/2022 16:42,24/11/2022 16:44,0,100,85,1,24/11/2022 16:44,NA,NA,NA,NA,51.4535,-2.5917,anonymous,EN,1,1,20,Woman,1,6.918,55.117,56.075,31,4,8,3,7,4,5,5,4,6,3,8,3,6,4,4,5,6,2,7,5,4,8,4,7,6,4,7,8,6.92,55.117,56.075,31,352,20,Woman,4,1,4,1,0,2,0,0,0,0,0,4,2,0
19,90,22/11/2022 14:07,22/11/2022 14:09,0,100,90,1,22/11/2022 14:09,NA,NA,NA,NA,50.8612,-0.1194,anonymous,EN,1,1,19,Man,1,10.933,53.629,54.909,28,8,7,8,0,5,4,3,4,4,5,4,3,3,4,3,4,3,6,7,7,7,7,6,9,9,9,6,5,10.934,53.63,54.909,28,208,19,Man,5,4,0,0,4,3,2,0,3,0,0,0,0,0
20,91,06/12/2022 10:52,06/12/2022 10:53,0,100,91,1,06/12/2022 10:53,NA,NA,NA,NA,50.8429,-0.1158,anonymous,EN,1,1,20,Woman,1,6.786,59.597,61.035,34,4,4,3,4,1,2,6,3,1,3,4,5,7,8,5,3,0,10,8,5,3,0,2,4,6,4,6,5,6.786,59.598,61.035,34,NA,NA,NA,NA,NA,NA,NA,NA,NA,NA,NA,NA,NA,NA,NA,NA,NA
21,95,06/12/2022 08:28,06/12/2022 08:29,0,100,95,1,06/12/2022 08:29,NA,NA,NA,NA,52.6257,-2.0545,anonymous,EN,1,1,20,Woman,1,8.894,75.291,78.145,32,2,4,3,3,2,5,1,1,3,3,3,3,6,4,2,2,2,3,3,4,4,4,2,1,1,1,1,3,8.894,75.291,78.145,32,503,18,Woman,4,1,0,3,4,3,0,0,4,4.47,5,4,3,3
22,97,29/04/2022 05:50,29/04/2022 05:51,0,100,97,1,29/04/2022 05:51,NA,NA,NA,NA,50.8612,-0.1194,anonymous,EN,1,1,18,Woman,1,1.484,72.054,78.7,34,0,7,0,0,0,1,1,2,1,2,4,3,2,4,7,0,0,0,2,1,4,2,4,3,3,3,5,3,1.484,72.054,78.7,34,480,18,Woman,4,3,0,3.5,2,2,1,0,1,0,0,5,3,4
23,97,08/10/2022 05:31,08/10/2022 05:33,0,100,97,1,08/10/2022 05:33,NA,NA,NA,NA,50.8612,-0.1194,anonymous,EN,1,1,20,Woman,1,7.861,75.388,76.957,30,7,6,7,4,7,4,6,5,4,4,5,3,2,4,2,5,3,2,3,1,5,2,3,2,5,4,0,2,7.863,75.388,76.957,30,NA,NA,NA,NA,NA,NA,NA,NA,NA,NA,NA,NA,NA,NA,NA,NA,NA
24,105,07/12/2022 09:51,07/12/2022 09:52,0,100,105,1,07/12/2022 09:52,NA,NA,NA,NA,50.8612,-0.1194,anonymous,EN,1,1,19,Woman,1,10.415,78.764,79.626,43,9,9,4,9,9,4,5,9,5,8,7,6,4,7,9,2,8,10,10,8,9,7,9,8,7,8,9,6,10.415,78.764,79.626,43,NA,NA,NA,NA,NA,NA,NA,NA,NA,NA,NA,NA,NA,NA,NA,NA,NA
25,111,28/04/2022 09:35,28/04/2022 09:37,0,100,111,1,28/04/2022 09:37,NA,NA,NA,NA,50.8612,-0.1194,anonymous,EN,1,1,21,Man,1,22.117,81.769,85.913,30,6,5,7,4,4,6,4,5,3,6,5,4,6,4,4,6,6,4,5,6,6,3,3,4,4,6,0,0,22.117,81.769,85.913,30,NA,NA,NA,NA,NA,NA,NA,NA,NA,NA,NA,NA,NA,NA,NA,NA,NA
26,112,24/09/2022 10:34,24/09/2022 10:36,0,100,112,1,24/09/2022 10:36,NA,NA,NA,NA,50.8032,-0.6533,anonymous,EN,1,1,19,Woman,1,3.255,86.799,88.351,44,2,3,0,0,2,3,0,1,0,0,0,0,0,0,0,0,0,0,0,0,0,0,0,0,0,0,0,1,3.257,86.799,88.352,44,716,18,Woman,4,3,5,0,3,5,0,0,2,0,5,0,0,0
27,113,28/04/2022 11:33,28/04/2022 11:34,0,100,113,1,28/04/2022 11:34,NA,NA,NA,NA,51.5646,0.0898,anonymous,EN,1,1,18,Man,1,12.169,78.72,81.782,37,2,4,0,0,0,0,0,5,3,3,3,1,4,1,2,2,1,3,1,3,2,2,2,3,4,2,1,1,12.169,78.72,81.783,37,777,18,Man,2,1,0,0.5,4,3,0,0,4,0,0,0,1,0
28,117,09/10/2022 08:34,09/10/2022 08:36,0,100,117,1,09/10/2022 08:36,NA,NA,NA,NA,51.5505,0.0183,anonymous,EN,1,1,18,Woman,1,15.486,95.131,96.204,29,6,7,7,7,7,7,4,4,4,7,4,4,4,4,4,4,4,4,4,4,4,4,4,4,4,4,4,4,15.486,95.131,96.204,29,219,18,Woman,4,3,2,3,3,4,0,5,3,0,0,4,3,3
29,118,15/11/2022 15:57,15/11/2022 15:59,0,100,118,1,15/11/2022 15:59,NA,NA,NA,NA,51.5064,-0.02,anonymous,EN,1,1,20,Woman,1,9.07,97.597,98.337,50,4,6,5,7,8,0,2,2,4,5,0,4,2,5,3,2,3,6,7,4,4,3,5,5,3,2,5,2,9.072,97.597,98.337,50,478,19,Woman,2,5,0,2.5,5,3,0,0,2,0,0,2,1,4
30,119,20/04/2022 04:32,20/04/2022 04:34,0,100,119,1,20/04/2022 04:34,NA,NA,NA,NA,53,-1.75,anonymous,EN,1,1,21,Woman,1,16.7,69.376,72.392,29,0,1,0,1,0,1,0,1,0,1,0,1,0,1,0,1,0,1,0,1,0,0,1,0,1,0,0,0,16.7,69.377,72.392,29,NA,NA,NA,NA,NA,NA,NA,NA,NA,NA,NA,NA,NA,NA,NA,NA,NA
31,123,26/09/2022 13:09,26/09/2022 13:11,0,100,123,1,26/09/2022 13:11,NA,NA,NA,NA,50.8612,-0.1194,anonymous,EN,1,1,19,Woman,1,20.681,103.294,104.356,30,3,6,0,0,0,0,0,0,0,0,1,0,0,0,0,0,1,0,0,0,0,2,0,0,0,0,0,0,20.681,103.294,104.355,30,725,18,Woman,3,2,0,1,2,3,0,5,2,0,0,0,1,1
32,123,29/09/2022 09:31,29/09/2022 09:33,0,100,123,1,29/09/2022 09:33,NA,NA,NA,NA,50.8345,-0.186,anonymous,EN,1,1,21,Woman,1,7.457,108.273,108.971,32,2,3,2,0,1,1,0,0,1,1,2,1,2,3,2,1,2,3,1,1,3,4,2,1,1,0,1,1,7.458,108.273,108.971,32,709,20,Woman,4,3,0,0.5,1,0,0,0,1,2.45,2,3,1,0
33,132,30/09/2022 09:26,30/09/2022 09:28,0,100,132,1,30/09/2022 09:28,NA,NA,NA,NA,50.8612,-0.1194,anonymous,EN,1,1,21,Woman,1,8.813,109.972,112.772,30,0,1,0,0,0,0,0,0,0,0,0,0,0,0,0,0,0,0,0,0,0,0,1,0,0,0,0,0,8.813,109.973,112.773,30,856,20,Woman,0,2,0,0.5,0,0,0,0,3,0,0,2,0,1
34,137,30/11/2022 09:36,30/11/2022 09:38,0,100,137,1,30/11/2022 09:38,NA,NA,NA,NA,50.8612,-0.1194,anonymous,EN,1,1,19,Woman,1,0.943,120.336,122.02,69,7,5,8,3,4,7,5,3,5,6,6,3,3,7,4,7,6,6,6,7,6,3,7,7,6,4,7,0,0.943,120.336,122.02,69,148,18,Woman,3,4,5,2,2,3,0,0,3,2.236067977,1,5,1,3
35,138,26/11/2022 17:12,26/11/2022 17:14,0,100,138,1,26/11/2022 17:14,NA,NA,NA,NA,50.8345,-0.186,anonymous,EN,1,1,21,Woman,1,25.761,107.879,111.81,34,1,2,6,1,2,3,2,2,2,1,5,1,4,3,3,4,1,2,2,3,2,0,2,1,1,3,2,2,25.76,107.878,111.809,34,NA,NA,NA,NA,NA,NA,NA,NA,NA,NA,NA,NA,NA,NA,NA,NA,NA
36,140,24/10/2022 09:36,24/10/2022 09:38,0,100,140,1,24/10/2022 09:38,NA,NA,NA,NA,50.8612,-0.1194,anonymous,EN,1,1,19,Woman,1,11.937,112.085,113.11,34,4,8,1,0,0,1,3,3,1,0,7,1,0,4,8,3,1,2,0,1,2,2,3,4,2,2,3,2,11.94,112.084,113.109,34,810,18,Woman,4,2,0,0,3,3,0,0,4,0,0,5,0,0
37,142,03/11/2022 13:25,03/11/2022 13:27,0,100,142,1,03/11/2022 13:27,NA,NA,NA,NA,50.8612,-0.1194,anonymous,EN,1,1,19,Woman,1,10.296,117.455,120.599,34,6,7,1,1,4,3,4,0,5,7,1,0,2,3,2,4,2,2,3,1,1,2,1,2,2,5,4,3,10.298,117.455,120.598,34,328,19,Woman,4,2,0,2,3,2,0,0,0,0,5,0,3,1
38,148,27/09/2022 04:42,27/09/2022 04:44,0,100,148,1,27/09/2022 04:44,NA,NA,NA,NA,50.8429,-0.1158,anonymous,EN,1,1,20,Other,1,12.12,133.416,134.148,38,6,8,4,2,2,0,8,0,4,8,8,8,9,6,9,6,3,2,4,6,1,8,1,7,5,3,2,4,12.121,133.416,134.148,38,804,19,Non-binary,4,3,0,0,5,2,0,0,1,0,5,0,0,0
39,149,12/04/2022 10:41,12/04/2022 10:44,0,100,149,1,12/04/2022 10:44,NA,NA,NA,NA,51.41079712,-0.67539978,anonymous,EN,1,1,19,Woman,1,6.89,129.654,130.588,28,7,7,3,1,1,3,1,0,0,2,2,3,1,3,4,4,6,6,3,7,4,2,6,2,1,1,1,3,6.89,129.654,130.589,28,574,19,Woman,4,3,4,0,5,1,0,0,2,0,0,1,0,0
40,150,02/11/2022 09:44,02/11/2022 09:47,0,100,150,1,02/11/2022 09:47,NA,NA,NA,NA,50.8429,-0.1158,anonymous,EN,1,1,20,Woman,1,9.907,133.706,134.693,32,2,2,0,0,0,0,0,0,0,0,0,0,0,0,0,0,1,1,0,1,2,1,0,0,0,0,0,0,9.907,133.705,134.692,32,544,19,Woman,4,5,0,0.5,4,3,0,0,1,2.24,5,1,1,0
41,151,25/04/2022 08:33,25/04/2022 08:36,0,100,151,1,25/04/2022 08:36,NA,NA,NA,NA,52.0805,-0.1014,anonymous,EN,1,1,20,Woman,1,19.936,129.995,131.153,28,3,4,4,1,0,0,0,0,0,0,0,0,0,1,0,1,0,1,0,0,1,1,0,0,0,0,0,0,19.939,129.994,131.153,28,NA,NA,NA,NA,NA,NA,NA,NA,NA,NA,NA,NA,NA,NA,NA,NA,NA
42,152,12/10/2022 08:14,12/10/2022 08:16,0,100,152,1,12/10/2022 08:16,NA,NA,NA,NA,50.8612,-0.1194,anonymous,EN,1,1,18,Woman,1,9.277,46.502,47.202,28,7,7,3,7,4,4,6,4,8,4,7,2,8,1,8,1,8,2,7,6,5,4,4,3,7,6,3,3,9.278,46.4,47.201,28,291,18,Woman,3,2,0,2.5,5,4,0,0,1,1.414213562,1,2,4,1
43,153,20/10/2022 08:11,20/10/2022 08:13,0,100,153,1,20/10/2022 08:13,NA,NA,NA,NA,52.1073,-0.4649,anonymous,EN,1,1,19,Woman,1,8.751,136.711,138.001,39,0,4,0,0,0,1,0,0,0,1,0,0,0,0,2,0,2,0,1,2,0,1,0,1,1,0,0,0,8.754,136.711,138.001,39,852,18,Woman,4,3,0,0,3,1,0,0,4,0,0,3,0,0
44,154,01/10/2022 12:37,01/10/2022 12:39,0,100,154,1,01/10/2022 12:39,NA,NA,NA,NA,50.8612,-0.1194,anonymous,EN,1,1,18,Other,1,10.333,129.986,130.4,70,9,10,8,2,9,1,9,1,7,9,10,8,7,9,8,7,10,9,6,8,10,10,7,10,9,3,7,9,10.333,129.985,130.4,70,NA,NA,NA,NA,NA,NA,NA,NA,NA,NA,NA,NA,NA,NA,NA,NA,NA
45,155,29/04/2022 14:28,29/04/2022 14:30,0,100,155,1,29/04/2022 14:30,NA,NA,NA,NA,50.8612,-0.1194,anonymous,EN,1,1,18,Man,1,5.927,133.404,134.29,56,1,6,0,0,0,0,0,0,2,5,0,2,0,0,1,2,4,0,1,4,0,3,2,4,0,0,0,0,5.927,133.404,134.29,56,NA,NA,NA,NA,NA,NA,NA,NA,NA,NA,NA,NA,NA,NA,NA,NA,NA
46,155,28/04/2022 07:39,28/04/2022 07:42,0,100,155,1,28/04/2022 07:42,NA,NA,NA,NA,50.8612,-0.1194,anonymous,EN,1,1,20,Woman,1,9.901,136.314,137.05,33,10,9,10,10,10,8,10,1,10,10,0,10,1,10,10,10,10,10,10,10,9,10,10,0,0,0,0,10,9.901,136.315,137.05,33,NA,NA,NA,NA,NA,NA,NA,NA,NA,NA,NA,NA,NA,NA,NA,NA,NA
47,155,26/09/2022 07:25,26/09/2022 07:27,0,100,155,1,26/09/2022 07:27,NA,NA,NA,NA,50.8612,-0.1194,anonymous,EN,1,NA,22,Woman,1,15.395,139.908,140.731,37,3,4,1,0,3,1,1,0,1,3,1,2,0,3,3,4,2,3,2,4,5,4,3,5,3,2,1,1,15.396,139.908,140.731,37,672,21,Woman,2,3,4,2,2,3,0,0,2,3.87,3,5,1,3
48,155,17/04/2022 05:51,17/04/2022 05:54,0,100,155,1,17/04/2022 05:54,NA,NA,NA,NA,51.3257,-0.0976,anonymous,EN,1,1,28,Other,1,14.413,130.921,132.235,37,0,3,0,0,2,0,0,0,0,1,1,4,3,2,3,0,1,0,0,0,8,2,1,2,2,3,0,1,14.414,130.921,132.235,37,706,28,Non-binary,3,3,2,3,4,2,0,2,3,0,5,0,3,3
49,157,18/10/2022 09:46,18/10/2022 09:48,0,100,157,1,18/10/2022 09:48,NA,NA,NA,NA,50.8612,-0.1194,anonymous,EN,1,1,21,Man,1,14.889,129.446,130.509,34,9,10,3,3,9,10,0,4,10,10,5,10,9,10,9,9,10,10,7,10,0,7,5,8,9,6,10,3,14.893,129.446,130.509,34,529,20,Man,4,5,3,0.5,5,4,1,0,4,0,3,0,1,0
50,158,01/12/2022 08:39,01/12/2022 08:42,0,100,158,1,01/12/2022 08:42,NA,NA,NA,NA,50.8612,-0.1194,anonymous,EN,1,1,19,Man,1,12.726,132.709,134.201,34,7,6,5,4,5,4,7,5,6,4,8,6,7,6,6,7,7,7,5,7,4,6,4,5,6,6,6,5,12.728,132.71,134.2,34,505,18,Non-binary,4,5,1,2.5,5,4,0,0,4,0,0,5,2,3
51,159,26/04/2022 05:27,26/04/2022 05:29,0,100,159,1,26/04/2022 05:29,NA,NA,NA,NA,51.2476,-0.7672,anonymous,EN,1,1,18,Woman,1,8.095,137.713,139.749,43,1,4,0,0,3,0,2,0,0,1,0,3,1,1,2,0,4,3,1,1,5,4,3,1,1,1,1,1,8.096,137.713,139.749,43,814,18,Woman,4,3,1,1.5,5,3,1,0,1,2,2,2,2,1
52,159,08/12/2022 07:24,08/12/2022 07:27,0,100,159,1,08/12/2022 07:27,NA,NA,NA,NA,50.8612,-0.1194,anonymous,EN,1,1,19,Woman,1,10.88,140.693,141.504,32,0,4,1,0,2,3,0,0,0,0,0,0,0,0,2,0,3,0,4,3,5,0,1,3,0,2,0,0,10.881,140.693,141.504,32,796,18,Woman,3,2,0,0.5,4,1,0,2,3,2,1,4,1,0
53,160,08/12/2022 05:12,08/12/2022 05:15,0,100,160,1,08/12/2022 05:15,NA,NA,NA,NA,50.8612,-0.1194,anonymous,EN,1,1,19,Woman,1,26.466,139.284,140.157,30,10,10,2,2,1,6,2,7,10,10,8,7,2,2,10,7,3,7,8,10,3,6,7,7,3,1,2,2,26.467,139.283,140.156,30,NA,NA,NA,NA,NA,NA,NA,NA,NA,NA,NA,NA,NA,NA,NA,NA,NA
54,163,27/04/2022 06:11,27/04/2022 06:14,0,100,163,1,27/04/2022 06:14,NA,NA,NA,NA,50.8612,-0.1194,anonymous,EN,1,1,18,Woman,1,26.157,133.396,134.316,33,4,7,6,6,8,2,7,3,8,9,9,5,8,5,9,7,8,4,5,9,9,3,7,10,6,5,9,8,26.157,133.396,134.316,33,635,18,Woman,4,3,1,1.5,3,3,0,0,1,0,5,0,2,1
55,166,12/11/2022 10:41,12/11/2022 10:44,0,100,166,1,12/11/2022 10:44,NA,NA,NA,NA,51.6518,-0.1933,anonymous,EN,1,1,19,Woman,1,12.593,142.805,143.8,31,3,7,4,1,1,2,3,5,4,2,0,1,0,4,5,0,6,7,5,8,3,1,3,2,0,1,1,0,12.595,142.805,143.8,31,631,18,Woman,4,3,2,3.5,4,5,0,0,4,0,0,5,4,3
56,168,08/12/2022 13:38,08/12/2022 13:41,0,100,168,1,08/12/2022 13:41,NA,NA,NA,NA,50.8612,-0.1194,anonymous,EN,1,1,19,Woman,1,6.98,149.809,149.857,75,1,8,0,0,0,0,0,0,0,3,4,1,1,3,6,1,6,5,0,10,9,5,1,1,3,0,0,2,6.981,149.81,149.858,75,305,18,Woman,4,3,0,1.5,3,3,0,0,2,2,1,4,3,0
57,168,09/12/2022 07:45,09/12/2022 07:48,0,100,168,1,09/12/2022 07:48,NA,NA,NA,NA,51.4964,-0.1224,anonymous,EN,1,1,19,Woman,1,2.017,143.082,143.759,96,2,7,6,6,2,4,8,1,3,6,2,3,2,5,6,3,4,7,4,5,6,2,2,2,1,4,2,6,2.017,143.082,143.759,96,180,19,Woman,5,3,1,2,4,3,0,0,0,0,4,0,2,2
58,168,11/11/2022 06:49,11/11/2022 06:52,0,100,168,1,11/11/2022 06:52,NA,NA,NA,NA,50.8612,-0.1194,anonymous,EN,1,1,20,Other,1,0.8,148.876,149.78,104,6,4,1,0,0,1,1,1,0,2,0,2,2,0,3,2,2,3,2,3,7,7,9,8,4,2,3,2,0.799,148.877,149.78,104,630,19,Woman,5,5,0,2,1,0,0,0,3,0,0,0,1,3
59,169,11/10/2022 12:59,11/10/2022 13:01,0,100,169,1,11/10/2022 13:01,NA,NA,NA,NA,50.8612,-0.1194,anonymous,EN,1,1,23,Woman,1,0.722,147.179,148.06,56,4,9,6,6,4,6,6,3,3,7,4,3,7,5,4,6,5,5,7,3,5,8,4,9,4,7,7,4,0.721,147.178,148.059,56,NA,NA,NA,NA,NA,NA,NA,NA,NA,NA,NA,NA,NA,NA,NA,NA,NA
60,170,06/10/2022 07:57,06/10/2022 08:00,0,100,170,1,06/10/2022 08:00,NA,NA,NA,NA,50.8612,-0.1194,anonymous,EN,1,1,18,Woman,1,17.117,145.616,146.436,32,6,4,1,1,3,4,2,0,5,3,4,2,4,6,8,4,2,7,5,8,9,5,4,5,6,1,1,1,17.117,145.616,146.436,32,385,18,Woman,5,4,2,3.5,4,5,2,1,4,2.236067977,5,1,4,3
61,170,01/10/2022 14:31,01/10/2022 14:34,0,100,170,1,01/10/2022 14:34,NA,NA,NA,NA,50.8612,-0.1194,anonymous,EN,1,1,20,Woman,1,2.915,145.467,146.333,30,0,3,0,0,0,0,0,0,0,0,0,2,1,8,1,0,0,0,0,3,10,1,4,6,0,0,0,0,2.916,145.467,146.333,30,324,20,Woman,4,3,0,1.5,3,3,0,0,2,0,0,5,2,1
62,171,28/04/2022 05:13,28/04/2022 05:16,0,100,171,1,28/04/2022 05:16,NA,NA,NA,NA,50.8273,-0.4887,anonymous,EN,1,1,20,Woman,1,14.237,143.571,144.797,33,2,4,2,0,0,0,0,0,0,0,0,0,0,0,0,0,1,0,0,1,4,0,0,0,0,0,0,0,14.24,143.571,144.796,33,NA,NA,NA,NA,NA,NA,NA,NA,NA,NA,NA,NA,NA,NA,NA,NA,NA
63,172,24/11/2022 04:52,24/11/2022 04:55,0,100,172,1,24/11/2022 04:55,NA,NA,NA,NA,50.8612,-0.1194,anonymous,EN,1,1,18,Woman,1,14.436,152.157,153.402,34,0,3,1,0,1,1,1,0,0,2,0,4,4,3,7,4,0,3,2,7,6,5,1,6,2,0,8,0,14.438,152.157,153.402,34,193,18,Woman,2,1,3,3,3,0,0,0,2,2.828427125,4,2,3,3
64,172,11/10/2022 17:06,11/10/2022 17:09,0,100,172,1,11/10/2022 17:09,NA,NA,NA,NA,50.8612,-0.1194,anonymous,EN,1,1,18,Woman,1,20.96,145.46,146.355,37,5,9,1,0,3,0,4,0,1,8,10,9,9,10,10,3,10,10,4,10,5,10,5,9,2,1,6,3,20.961,145.46,146.355,37,46,18,Woman,5,4,0,0.5,4,1,0,0,1,1.732050808,3,1,1,0
65,172,16/11/2022 05:04,16/11/2022 05:07,0,100,172,1,16/11/2022 05:07,NA,NA,NA,NA,50.8612,-0.1194,anonymous,EN,1,1,19,Woman,1,19.519,150.452,151.382,35,1,3,0,0,1,0,1,0,0,0,4,2,1,7,1,2,0,3,0,1,8,0,2,1,0,0,0,1,19.519,150.451,151.381,35,573,18,Woman,4,5,0,0.5,4,3,0,0,4,0,0,5,1,0
66,173,23/04/2022 16:02,23/04/2022 16:04,0,100,173,1,23/04/2022 16:04,NA,NA,NA,NA,51.3848,-0.4139,anonymous,EN,1,1,18,Woman,1,16.542,157.155,158.561,31,9,9,7,7,9,6,3,2,9,9,3,3,3,6,8,9,4,6,4,8,9,8,6,6,5,2,1,1,16.543,157.155,158.561,31,458,18,Woman,5,2,5,4,4,4,0,0,4,2.24,5,1,3,5
67,174,06/11/2022 07:14,06/11/2022 07:16,0,100,174,1,06/11/2022 07:16,NA,NA,NA,NA,50.8345,-0.186,anonymous,EN,1,1,19,Woman,1,14.301,149.278,150.733,43,1,7,3,0,3,0,0,0,3,0,0,1,0,2,2,2,0,0,1,3,3,1,1,2,0,0,1,0,14.301,149.279,150.733,43,33,19,Woman,3,3,1,1.5,1,0,0,0,4,1,1,1,1,2
68,174,28/11/2022 10:19,28/11/2022 10:22,0,100,174,1,28/11/2022 10:22,NA,NA,NA,NA,52.4955,-1.8767,anonymous,EN,1,1,20,Man,1,64.568,95.535,96.342,34,5,6,3,8,5,6,2,6,3,8,5,7,4,6,4,8,6,8,7,5,7,4,7,8,6,4,8,2,64.568,95.535,96.342,34,520,19,Man,1,0,1,2,1,0,0,0,0,0,0,0,1,3
69,175,07/10/2022 04:49,07/10/2022 04:52,0,100,175,1,07/10/2022 04:52,NA,NA,NA,NA,50.8612,-0.1194,anonymous,EN,1,1,18,Prefer not to say,1,11.586,155.108,155.936,59,1,3,0,0,1,1,1,0,0,1,0,0,1,0,1,1,0,1,2,4,2,1,0,0,0,1,1,0,11.588,155.108,155.935,59,358,19,Other/prefer not to say,4,4,4,0,5,2,0,0,0,5,5,5,0,0
70,175,27/04/2022 08:50,27/04/2022 08:53,0,100,175,1,27/04/2022 08:53,NA,NA,NA,NA,50.8612,-0.1194,anonymous,EN,1,1,20,Woman,1,21.072,141.772,144.364,29,4,8,2,0,1,2,0,0,0,1,2,0,0,3,2,3,3,0,1,4,7,4,5,1,0,0,2,1,21.075,141.772,144.365,29,741,20,Woman,4,5,2,2.5,3,4,0,0,1,2,4,1,1,4
71,176,27/09/2022 07:23,27/09/2022 07:26,0,100,176,1,27/09/2022 07:26,NA,NA,NA,NA,50.8612,-0.1194,anonymous,EN,1,1,18,Man,1,15.037,159.223,160.159,33,1,4,0,0,3,4,2,0,1,1,1,0,2,5,3,4,6,2,3,6,4,2,3,1,0,0,0,0,15.037,159.223,160.159,33,680,18,Man,5,4,3,1,3,2,0,3,2,1,1,1,0,2
72,176,08/12/2022 18:19,08/12/2022 18:22,0,100,176,1,08/12/2022 18:22,NA,NA,NA,NA,50.8612,-0.1194,anonymous,EN,1,1,18,Man,1,0.004,151.854,152.685,40,3,6,1,1,2,2,7,2,1,4,0,7,4,2,4,3,6,4,3,7,3,6,5,5,3,2,0,1,0.003,151.853,152.684,40,NA,NA,NA,NA,NA,NA,NA,NA,NA,NA,NA,NA,NA,NA,NA,NA,NA
73,176,24/10/2022 09:30,24/10/2022 09:33,0,100,176,1,24/10/2022 09:33,NA,NA,NA,NA,50.8612,-0.1194,anonymous,EN,1,1,19,Woman,1,13.135,152.371,154.026,34,2,7,1,1,0,0,7,0,6,1,0,0,0,3,1,0,1,0,1,0,1,1,1,0,0,0,1,1,13.137,152.371,154.026,34,124,19,Woman,5,4,4,4,5,5,3,0,4,3.16227766,5,2,4,4
74,176,12/11/2022 15:20,12/11/2022 15:23,0,100,176,1,12/11/2022 15:23,NA,NA,NA,NA,50.8612,-0.1194,anonymous,EN,1,1,19,Woman,1,15.436,151.399,152.422,28,7,9,6,2,2,2,2,2,1,3,2,1,0,3,4,4,5,4,7,9,9,5,5,7,5,2,3,2,15.437,151.399,152.422,28,533,18,Woman,2,2,3,2,2,3,0,0,3,0,0,1,2,2
75,177,09/04/2022 08:57,09/04/2022 09:00,0,100,177,1,09/04/2022 09:00,NA,NA,NA,NA,51.45359802,-0.423294067,anonymous,EN,1,1,NA,Woman,1,0.823,162.862,163.867,72,4,3,1,0,1,0,1,0,1,5,0,2,0,2,5,2,5,3,1,2,4,3,0,1,0,0,8,0,0.823,162.862,163.867,72,711,18,Woman,4,3,3,4,5,3,3,1,5,0,0,2,3,5
76,178,27/09/2022 08:44,27/09/2022 08:47,0,100,178,1,27/09/2022 08:47,NA,NA,NA,NA,51.1449,0.3225,anonymous,EN,1,1,19,Man,1,15.98,155.696,156.653,41,4,3,0,1,3,5,1,0,4,1,0,0,0,2,2,4,3,0,0,1,5,6,7,3,1,0,0,0,15.981,155.696,156.654,41,NA,NA,NA,NA,NA,NA,NA,NA,NA,NA,NA,NA,NA,NA,NA,NA,NA
77,178,20/10/2022 09:16,20/10/2022 09:19,0,100,178,1,20/10/2022 09:19,NA,NA,NA,NA,50.8612,-0.1194,anonymous,EN,1,1,21,Woman,1,7.918,152.545,153.609,62,7,8,4,0,0,0,1,0,0,2,3,7,6,4,8,4,0,1,2,9,2,8,6,3,1,0,0,5,7.92,152.545,153.609,62,628,20,Woman,4,5,0,2,4,5,0,0,1,2,1,4,1,3
78,179,22/10/2022 02:48,22/10/2022 02:51,0,100,179,1,22/10/2022 02:51,NA,NA,NA,NA,52.0158,-0.6904,anonymous,EN,1,1,19,Woman,1,2.016,156.26,157.128,64,5,2,3,1,4,3,2,2,2,4,0,0,0,0,4,2,4,0,3,2,6,6,4,3,5,4,3,3,2.016,156.261,157.128,64,154,19,Woman,3,3,2,2,2,2,0,0,0,0,5,0,2,2
79,179,13/04/2022 11:13,13/04/2022 11:16,0,100,179,1,13/04/2022 11:16,NA,NA,NA,NA,50.8612,-0.1194,anonymous,EN,1,1,19,Woman,1,0.759,159.575,160.277,72,6,9,2,2,9,6,5,3,9,7,10,10,10,8,9,9,7,4,6,9,10,10,9,10,9,9,9,10,0.76,159.575,160.277,72,NA,NA,NA,NA,NA,NA,NA,NA,NA,NA,NA,NA,NA,NA,NA,NA,NA
80,180,19/04/2022 05:47,19/04/2022 05:50,0,100,180,1,19/04/2022 05:50,NA,NA,NA,NA,50.8612,-0.1194,anonymous,EN,1,1,18,Woman,1,21.737,156.263,157.844,32,8,7,2,0,1,3,1,0,6,6,1,4,1,0,9,3,10,8,3,6,10,3,0,2,2,1,0,6,21.738,156.262,157.843,32,667,18,Non-binary,4,4,3,1,4,5,0,0,1,0,0,4,0,2
81,180,23/10/2022 18:57,23/10/2022 19:00,0,100,180,1,23/10/2022 19:00,NA,NA,NA,NA,50.8612,-0.1194,anonymous,EN,1,1,19,Woman,1,1.25,160.093,161.027,109,2,8,5,0,2,0,0,0,0,7,0,4,6,9,6,0,0,5,9,8,9,0,0,8,0,0,2,0,1.251,160.094,161.027,109,348,19,Woman,4,3,0,1.5,5,3,0,0,0,0,0,5,2,1
82,180,30/10/2022 12:34,30/10/2022 12:37,0,100,180,1,30/10/2022 12:37,NA,NA,NA,NA,51.1147,-0.184,anonymous,EN,1,1,24,Woman,1,9.967,160.03,160.668,35,1,2,0,0,0,0,0,0,0,0,0,1,1,1,1,1,2,3,1,1,1,1,0,0,1,0,0,0,9.967,160.03,160.668,35,NA,NA,NA,NA,NA,NA,NA,NA,NA,NA,NA,NA,NA,NA,NA,NA,NA
83,181,18/04/2022 08:16,18/04/2022 08:19,0,100,181,1,18/04/2022 08:19,NA,NA,NA,NA,50.9469,-1.4112,anonymous,EN,1,1,19,Man,1,13.748,152.395,153.519,37,1,4,4,2,2,1,2,3,2,0,0,1,2,0,1,2,1,2,0,4,5,1,0,2,4,1,0,1,13.749,152.395,153.519,37,840,18,Man,4,4,0,0.5,4,0,0,0,1,0,0,0,1,0
84,181,08/12/2022 11:06,08/12/2022 11:09,0,100,181,1,08/12/2022 11:09,NA,NA,NA,NA,51.5245,-0.1567,anonymous,EN,1,1,19,Woman,1,40.883,159.664,160.477,32,4,7,3,0,0,0,0,0,0,2,4,2,0,1,1,1,1,1,1,1,1,5,6,3,1,1,1,4,40.882,159.663,160.476,32,444,19,Woman,1,1,1,1,1,0,0,0,0,0,0,5,1,1
85,182,17/04/2022 11:10,17/04/2022 11:13,0,100,182,1,17/04/2022 11:13,NA,NA,NA,NA,50.7241,-1.7891,anonymous,EN,1,1,18,Woman,1,6.053,157.325,158.11,48,2,6,0,0,0,3,0,0,0,0,0,0,0,3,4,1,3,1,0,2,2,0,1,0,0,0,0,0,6.054,157.325,158.11,48,791,18,Woman,4,3,1,2,4,3,1,0,4,0,0,1,2,2
86,183,24/09/2022 09:44,24/09/2022 09:47,0,100,183,1,24/09/2022 09:47,NA,NA,NA,NA,50.8612,-0.1194,anonymous,EN,1,1,21,Woman,1,23.072,161.54,162.172,45,2,4,0,0,1,1,2,0,1,3,0,3,0,4,4,3,5,2,5,4,7,6,6,1,0,2,0,0,23.071,161.539,162.171,45,497,20,Woman,3,5,2,2,4,4,0,0,3,2,1,4,3,1
87,187,01/10/2022 10:46,01/10/2022 10:49,0,100,187,1,01/10/2022 10:49,NA,NA,NA,NA,50.8612,-0.1194,anonymous,EN,1,1,19,Woman,1,17.176,157.315,158.252,34,2,3,0,1,0,0,0,0,1,1,1,2,1,2,3,2,2,6,2,4,3,1,4,6,1,0,2,3,17.176,157.315,158.252,34,140,19,Woman,4,3,2,3.5,0,0,0,0,0,0,3,0,3,4
88,187,05/12/2022 10:21,05/12/2022 10:24,0,100,187,1,05/12/2022 10:24,NA,NA,NA,NA,52.5451,-1.881,anonymous,EN,1,1,19,Woman,1,6.195,165.771,166.275,90,5,9,1,0,1,0,2,0,0,8,6,5,3,4,7,1,1,1,1,1,6,10,7,5,1,0,2,4,6.195,165.771,166.275,90,808,18,Woman,1,0,0,0,0,0,0,0,0,0,3,0,0,0
89,188,21/04/2022 07:07,21/04/2022 07:10,0,100,188,1,21/04/2022 07:10,NA,NA,NA,NA,50.8612,-0.1194,anonymous,EN,1,1,19,Woman,1,21.005,172.962,173.75,35,4,7,1,0,0,1,0,1,1,0,0,0,2,4,5,0,3,4,2,0,1,0,1,0,0,0,0,0,21.005,172.961,173.749,35,838,18,Woman,2,4,0,0,3,2,0,0,0,0,0,0,0,0
90,188,31/10/2022 06:22,31/10/2022 06:25,0,100,188,1,31/10/2022 06:25,NA,NA,NA,NA,50.8612,-0.1194,anonymous,EN,1,1,20,Prefer not to say,1,17.256,168.362,169.1,32,6,9,3,0,0,0,1,0,2,9,1,8,2,3,2,8,8,1,1,2,1,4,1,7,1,1,0,1,17.256,168.362,169.1,32,848,19,Non-binary,2,4,0,0.5,5,3,0,0,4,0,0,2,1,0
91,189,09/10/2022 15:25,09/10/2022 15:28,0,100,189,1,09/10/2022 15:28,NA,NA,NA,NA,50.8612,-0.1194,anonymous,EN,1,1,18,Woman,1,13.703,138.635,139.509,65,0,8,0,0,0,2,0,2,0,0,0,0,0,0,4,0,5,0,1,4,1,6,0,10,7,0,0,0,13.702,138.634,139.508,65,NA,NA,NA,NA,NA,NA,NA,NA,NA,NA,NA,NA,NA,NA,NA,NA,NA
92,189,19/10/2022 03:34,19/10/2022 03:37,0,100,189,1,19/10/2022 03:37,NA,NA,NA,NA,50.8612,-0.1194,anonymous,EN,1,1,18,Woman,1,9.512,156.525,157.333,38,8,4,5,0,1,0,3,1,2,4,6,8,6,0,1,0,4,1,3,2,5,4,2,7,1,0,0,4,9.514,156.526,157.334,38,177,18,Woman,0,0,2,1.5,3,5,0,0,0,2.236067977,1,5,3,0
93,190,05/12/2022 17:42,05/12/2022 17:45,0,100,190,1,05/12/2022 17:45,NA,NA,NA,NA,51.4964,-0.1224,anonymous,EN,1,1,19,Woman,1,0.592,173.647,174.808,84,5,6,4,3,4,4,5,0,2,4,4,5,3,5,5,5,4,5,4,4,1,3,0,6,4,2,0,0,0.592,173.648,174.808,84,170,19,Woman,3,3,4,2.5,4,3,0,0,3,0,0,5,3,2
94,190,21/11/2022 08:51,21/11/2022 08:54,0,100,190,1,21/11/2022 08:54,NA,NA,NA,NA,50.8612,-0.1194,anonymous,EN,1,1,21,Woman,1,23.863,141.247,142.584,32,0,4,0,0,0,0,0,0,6,0,0,0,0,2,4,0,0,0,0,0,7,1,0,1,0,0,0,0,23.865,141.247,142.584,32,NA,NA,NA,NA,NA,NA,NA,NA,NA,NA,NA,NA,NA,NA,NA,NA,NA
95,191,24/11/2022 10:49,24/11/2022 10:52,0,100,191,1,24/11/2022 10:52,NA,NA,NA,NA,50.8612,-0.1194,anonymous,EN,1,1,18,Woman,1,34.182,173.193,175.679,34,3,6,1,0,3,0,0,4,7,3,1,2,4,2,6,6,1,2,3,1,0,6,2,8,1,2,6,1,34.182,173.193,175.679,34,128,18,Woman,4,2,1,2,4,1,0,0,2,0,3,0,3,1
96,191,09/12/2022 08:03,09/12/2022 08:06,0,100,191,1,09/12/2022 08:06,NA,NA,NA,NA,50.8612,-0.1194,anonymous,EN,1,1,18,Woman,1,10.757,157.744,159.23,68,4,7,2,1,1,0,0,0,4,3,5,2,1,0,2,4,5,2,3,5,1,7,1,0,1,0,0,0,10.757,157.744,159.229,68,382,18,Woman,1,3,0,1,2,1,0,0,2,2,2,2,1,1
97,192,01/10/2022 07:48,01/10/2022 07:51,0,100,192,1,01/10/2022 07:51,NA,NA,NA,NA,50.8612,-0.1194,anonymous,EN,1,1,19,Man,1,14.874,167.172,168.478,41,4,6,1,2,0,0,1,0,1,3,1,2,3,0,3,1,2,2,1,4,1,1,2,2,0,0,0,0,14.875,167.172,168.478,41,638,18,Man,2,3,4,2,2,1,0,0,0,1.41,2,1,2,2
98,192,27/04/2022 09:07,27/04/2022 09:11,0,100,192,1,27/04/2022 09:11,NA,NA,NA,NA,50.8326,-0.0764,anonymous,EN,1,1,19,Woman,1,5.734,177.167,177.727,73,7,9,2,3,2,1,1,1,1,5,2,1,3,1,1,0,6,1,1,7,9,6,7,8,2,0,6,4,5.734,177.167,177.727,73,NA,NA,NA,NA,NA,NA,NA,NA,NA,NA,NA,NA,NA,NA,NA,NA,NA
99,194,28/11/2022 11:53,28/11/2022 11:56,0,100,194,1,28/11/2022 11:56,NA,NA,NA,NA,50.8612,-0.1194,anonymous,EN,1,1,18,Woman,1,11.308,174.309,175.145,32,4,3,1,0,0,0,1,0,0,0,1,0,2,1,1,3,2,4,3,3,5,2,1,1,0,0,0,2,11.308,174.2,175.145,32,218,18,Woman,4,2,0,0,3,4,0,0,0,0,5,0,0,0
100,195,05/12/2022 06:45,05/12/2022 06:48,0,100,195,1,05/12/2022 06:48,NA,NA,NA,NA,51.4805,-0.0113,anonymous,EN,1,1,27,Woman,1,18.409,173.943,174.517,35,3,3,0,0,1,0,1,0,0,1,1,0,0,2,2,0,1,2,3,0,2,0,0,0,0,0,0,1,18.41,173.944,174.517,35,668,26,Woman,5,5,0,1.5,4,3,0,0,3,0,0,0,3,0
101,196,08/11/2022 21:06,08/11/2022 21:09,0,100,196,1,08/11/2022 21:09,NA,NA,NA,NA,50.8612,-0.1194,anonymous,EN,1,1,18,Woman,1,5.539,180.835,182.54,54,4,7,2,2,5,0,0,0,0,1,0,1,0,4,4,1,8,7,6,5,9,6,3,6,4,2,2,0,5.539,180.836,182.54,54,220,18,Woman,1,3,0,1,4,1,0,0,0,0,5,0,2,0
102,196,03/10/2022 10:53,03/10/2022 10:56,0,100,196,1,03/10/2022 10:56,NA,NA,NA,NA,51.1147,-0.184,anonymous,EN,1,1,18,Woman,1,25.445,155.375,156.971,32,7,8,4,3,3,1,4,0,1,2,7,7,8,2,6,3,5,5,0,6,8,5,2,1,0,0,1,7,25.445,155.375,156.97,32,578,18,Woman,3,2,1,1,2,2,1,0,3,0,0,0,2,0
103,196,28/11/2022 08:29,28/11/2022 08:32,0,100,196,1,28/11/2022 08:32,NA,NA,NA,NA,50.8612,-0.1194,anonymous,EN,1,1,19,Man,1,2.736,177.835,178.747,50,5,3,2,1,0,3,0,2,1,2,0,5,0,2,3,4,7,6,5,4,2,3,3,5,3,5,7,3,2.736,177.835,178.747,50,NA,NA,NA,NA,NA,NA,NA,NA,NA,NA,NA,NA,NA,NA,NA,NA,NA
104,196,11/10/2022 13:04,11/10/2022 13:07,0,100,196,1,11/10/2022 13:07,NA,NA,NA,NA,50.8612,-0.1194,anonymous,EN,1,1,19,Woman,1,26.324,175.629,176.467,35,8,8,6,0,1,5,4,0,4,0,0,3,0,7,8,1,1,4,0,9,1,1,2,2,0,1,2,1,26.326,175.63,176.467,35,39,19,Woman,4,5,0,4,5,4,1,0,4,1,1,1,5,3
105,197,11/10/2022 09:32,11/10/2022 09:36,0,100,197,1,11/10/2022 09:36,NA,NA,NA,NA,50.8058,-0.3898,anonymous,EN,1,1,19,Woman,1,14.925,175.095,176.73,36,2,6,0,0,1,2,0,1,1,3,0,0,1,4,2,1,3,2,1,4,1,2,0,6,1,1,0,0,14.926,175.096,176.73,36,682,18,Woman,3,2,2,2,3,3,0,0,1,0,5,0,1,3
106,197,01/10/2022 10:55,01/10/2022 10:58,0,100,197,1,01/10/2022 10:58,NA,NA,NA,NA,51.5158,-0.4234,anonymous,EN,1,1,19,Woman,1,19.584,172.025,173.426,35,4,7,4,2,4,4,6,1,5,6,8,8,9,7,7,6,3,6,4,6,6,7,3,5,5,3,7,7,19.587,172.025,173.426,35,285,19,Woman,4,4,3,2.5,3,3,3,2,2,0,0,5,3,2
107,197,27/09/2022 04:46,27/09/2022 04:49,0,100,197,1,27/09/2022 04:49,NA,NA,NA,NA,50.8612,-0.1194,anonymous,EN,1,1,20,Woman,1,20.467,143.584,144.316,65,2,9,1,0,0,2,2,0,0,0,0,0,3,10,1,9,1,2,1,7,1,3,4,3,7,5,1,3,20.466,143.583,144.315,65,483,19,Woman,3,3,0,4,4,3,0,0,2,0,4,0,4,4
108,198,31/10/2022 17:14,31/10/2022 17:17,0,100,198,1,31/10/2022 17:17,NA,NA,NA,NA,50.8612,-0.1194,anonymous,EN,1,1,18,Woman,1,14.115,180.713,181.798,39,6,10,3,0,3,2,0,0,3,6,0,0,0,0,6,2,8,0,0,8,3,5,2,0,7,0,0,0,14.116,180.712,181.797,39,429,18,Woman,4,2,1,0,2,3,0,0,0,0,5,0,0,0
109,198,05/10/2022 05:05,05/10/2022 05:09,0,100,198,1,05/10/2022 05:09,NA,NA,NA,NA,50.8345,-0.186,anonymous,EN,1,1,20,Woman,1,34.13,181.654,182.404,41,4,4,0,0,0,0,0,0,0,3,0,0,0,1,1,0,5,0,0,4,0,0,3,5,0,3,1,0,34.129,181.653,182.403,41,691,20,Woman,4,4,0,2.5,4,2,0,0,3,0,0,5,3,2
110,199,14/11/2022 04:06,14/11/2022 04:09,0,100,199,1,14/11/2022 04:09,NA,NA,NA,NA,50.8612,-0.1194,anonymous,EN,1,1,18,Woman,1,10.509,175.254,176.713,33,1,3,2,0,3,4,0,0,2,1,0,2,3,2,4,0,6,7,0,6,9,9,1,6,2,1,6,2,10.508,175.253,176.712,33,200,18,Woman,3,4,0,0.5,1,1,0,0,1,0,5,0,1,0
111,199,24/11/2022 08:37,24/11/2022 08:40,0,100,199,1,24/11/2022 08:40,NA,NA,NA,NA,50.8612,-0.1194,anonymous,EN,1,1,18,Woman,1,12.927,173.595,174.462,33,8,7,8,1,1,0,7,1,1,1,3,7,7,10,7,6,7,10,7,9,5,4,3,2,2,1,1,2,12.926,173.595,174.462,33,82,18,Woman,2,1,0,3,5,2,0,0,0,0,2,0,3,3
112,200,27/04/2022 13:25,27/04/2022 13:29,0,100,200,1,27/04/2022 13:29,NA,NA,NA,NA,50.8612,-0.1194,anonymous,EN,1,1,19,Woman,1,10.577,180.771,181.541,41,5,7,4,0,1,0,3,0,3,3,1,3,2,2,3,2,6,6,2,6,6,4,3,7,6,6,1,0,10.577,180.77,181.54,41,767,18,Woman,4,3,2,2.5,5,4,0,2,1,1.41,2,1,2,3
113,200,21/11/2022 11:24,21/11/2022 11:28,0,100,200,1,21/11/2022 11:28,NA,NA,NA,NA,50.8612,-0.1194,anonymous,EN,1,1,25,Man,1,16.367,174.692,175.13,41,1,1,0,0,2,1,9,1,1,3,1,6,3,4,3,5,0,3,4,6,2,4,5,5,4,0,0,3,16.368,174.692,175.13,41,618,24,Man,4,3,4,0.5,2,3,0,0,1,0,5,0,1,0
114,202,27/09/2022 01:36,27/09/2022 01:40,0,100,202,1,27/09/2022 01:40,NA,NA,NA,NA,51.636,-0.1852,anonymous,EN,1,1,19,Woman,1,0.626,173.857,174.746,66,2,3,0,0,0,0,0,0,2,1,0,1,0,3,4,0,2,4,1,4,1,4,2,2,3,0,0,0,0.626,173.857,174.746,66,710,18,Woman,4,4,2,3.5,4,3,0,0,2,0,5,0,3,4
115,203,02/12/2022 06:53,02/12/2022 06:57,0,100,203,1,02/12/2022 06:57,NA,NA,NA,NA,51.4647,-0.0509,anonymous,EN,1,1,18,Woman,1,15.329,185.009,185.487,41,4,8,2,0,0,2,0,7,0,0,0,0,4,5,0,7,7,8,2,8,10,0,4,2,5,0,0,2,15.33,185.008,185.487,41,399,18,Woman,4,3,1,0.5,4,3,0,0,1,3.16227766,5,2,0,1
116,203,21/10/2022 09:40,21/10/2022 09:44,0,100,203,1,21/10/2022 09:44,NA,NA,NA,NA,50.8345,-0.186,anonymous,EN,1,1,19,Woman,1,23.909,181.666,182.643,31,7,6,2,0,3,1,0,0,2,5,0,2,4,1,7,0,8,2,1,6,6,3,3,4,2,0,0,0,23.914,181.666,182.643,31,486,18,Woman,5,3,3,1.5,3,4,0,0,2,4.47,5,4,1,2
117,204,15/12/2022 14:25,15/12/2022 14:29,0,100,204,1,15/12/2022 14:29,NA,NA,NA,NA,24.9246,67.087,anonymous,EN,1,1,21,Woman,1,14.618,174.088,176.142,32,0,4,0,0,0,1,0,0,0,3,0,0,0,2,5,0,0,3,0,0,0,0,3,0,2,0,0,0,14.619,174.088,176.142,32,NA,NA,NA,NA,NA,NA,NA,NA,NA,NA,NA,NA,NA,NA,NA,NA,NA
118,204,08/10/2022 15:07,08/10/2022 15:10,0,100,204,1,08/10/2022 15:10,NA,NA,NA,NA,50.8345,-0.186,anonymous,EN,1,1,26,Woman,1,17.398,182.65,183.4,38,2,2,0,0,1,0,0,0,1,0,0,0,0,1,1,1,1,0,0,0,3,0,0,2,0,1,0,0,17.398,182.65,183.4,38,781,26,Woman,3,4,2,4.5,3,3,0,0,3,0,0,5,4,5
119,205,06/11/2022 10:05,06/11/2022 10:09,0,100,205,1,06/11/2022 10:09,NA,NA,NA,NA,50.8612,-0.1194,anonymous,EN,1,1,18,Woman,1,4.589,183.841,184.549,76,3,7,0,0,0,0,3,0,2,1,2,7,6,2,8,2,6,10,1,9,9,1,1,5,0,0,8,2,4.589,183.841,184.549,76,113,18,Woman,5,3,3,3,4,2,1,0,2,1.414213562,2,1,4,2
120,206,12/04/2022 12:24,12/04/2022 12:27,0,100,206,1,12/04/2022 12:28,NA,NA,NA,NA,51.979599,-0.223800659,anonymous,EN,1,1,18,Man,1,11.241,171.042,171.924,35,6,6,3,1,1,2,1,1,2,2,2,2,4,4,5,4,3,4,5,3,4,4,3,4,3,3,4,4,11.24,171.041,171.923,35,704,18,Man,1,4,0,1,2,1,0,0,2,0,0,1,1,1
121,206,10/10/2022 08:47,10/10/2022 08:51,0,100,206,1,10/10/2022 08:51,NA,NA,NA,NA,51.6518,-0.1933,anonymous,EN,1,1,18,Woman,1,9.638,185.993,188.134,32,9,9,9,4,6,7,7,4,3,9,9,7,6,5,5,3,4,7,7,10,8,6,7,3,3,2,7,6,9.639,185.993,188.134,32,126,18,Woman,4,2,3,3,3,4,0,1,2,4,4,4,3,3
122,207,02/10/2022 09:37,02/10/2022 09:40,0,100,207,1,02/10/2022 09:40,NA,NA,NA,NA,50.8612,-0.1194,anonymous,EN,1,1,18,Man,1,20.132,187.33,189.162,44,2,1,0,0,0,0,0,0,3,7,0,0,0,0,2,0,1,0,0,0,4,0,3,2,1,0,0,0,20.132,187.33,189.162,44,83,18,Man,5,5,0,0,4,3,1,0,0,0,5,0,0,0
123,207,28/04/2022 09:07,28/04/2022 09:11,0,100,207,1,28/04/2022 09:11,NA,NA,NA,NA,50.7666,0.2852,anonymous,EN,1,1,19,Man,1,29.208,159.724,160.68,44,0,3,0,0,1,0,0,0,0,1,0,0,1,1,0,1,3,0,1,2,0,0,0,1,0,1,0,0,29.21,159.725,160.68,44,771,18,Man,2,3,2,3,4,2,0,0,2,0,0,0,3,3
124,207,28/04/2022 06:41,28/04/2022 06:44,0,100,207,1,28/04/2022 06:44,NA,NA,NA,NA,51.5428,-0.1978,anonymous,EN,1,1,20,Woman,1,0.352,188.254,188.885,71,6,7,3,0,0,0,0,0,0,0,2,2,0,0,2,0,3,2,1,2,6,5,4,0,0,0,0,0,0.352,188.253,188.884,71,NA,NA,NA,NA,NA,NA,NA,NA,NA,NA,NA,NA,NA,NA,NA,NA,NA
125,207,12/10/2022 09:52,12/10/2022 09:56,0,100,207,1,12/10/2022 09:56,NA,NA,NA,NA,50.8612,-0.1194,anonymous,EN,1,1,20,Woman,1,13.034,182.666,183.116,37,7,7,1,2,10,10,2,3,1,3,10,8,8,8,10,2,9,1,9,10,10,10,4,1,2,2,6,0,13.035,182.666,183.116,37,737,19,Woman,5,5,0,0,2,4,0,0,2,0,0,1,0,0
126,208,30/11/2022 16:50,30/11/2022 16:54,0,100,208,1,30/11/2022 16:54,NA,NA,NA,NA,50.8345,-0.186,anonymous,EN,1,1,20,Other,1,12.883,171.217,171.992,47,4,8,2,0,0,1,3,2,4,4,1,3,3,0,4,2,3,1,3,4,1,2,0,8,5,0,1,2,12.883,171.217,171.992,47,803,19,Non-binary,5,4,0,0,3,0,0,0,0,0,3,0,0,0
127,209,06/10/2022 09:15,06/10/2022 09:19,0,100,209,1,06/10/2022 09:19,NA,NA,NA,NA,50.8612,-0.1194,anonymous,EN,1,1,18,Woman,1,23.9,185.848,186.92,30,1,9,0,0,1,0,0,1,0,6,4,1,2,1,7,5,9,8,3,8,4,6,6,1,3,3,0,0,23.901,185.847,186.92,30,326,18,Woman,5,3,4,2.5,3,0,0,0,3,2,4,1,2,3
128,210,24/10/2022 03:05,24/10/2022 03:09,0,100,210,1,24/10/2022 03:09,NA,NA,NA,NA,50.8612,-0.1194,anonymous,EN,1,1,18,Woman,1,0.479,179.194,179.903,87,7,7,3,0,0,0,2,0,0,8,3,3,4,8,8,0,2,4,3,6,2,7,4,1,1,1,1,2,0.479,179.194,180.01,87,226,18,Woman,3,2,0,3,2,2,0,0,0,0,0,5,2,4
129,210,18/11/2022 05:49,18/11/2022 05:52,0,100,210,1,18/11/2022 05:52,NA,NA,NA,NA,50.8429,-0.1158,anonymous,EN,1,1,19,Woman,1,18.816,170.725,171.457,37,2,4,0,0,2,2,3,0,2,1,1,3,0,3,4,1,1,5,3,4,6,7,5,2,0,0,4,1,18.817,170.724,171.457,37,525,18,Woman,4,4,2,3.5,2,3,0,0,4,0,5,0,3,4
130,211,24/10/2022 08:39,24/10/2022 08:42,0,100,211,1,24/10/2022 08:42,NA,NA,NA,NA,50.8612,-0.1194,anonymous,EN,1,1,19,Woman,1,16.29,181.888,182.857,33,0,7,0,0,1,2,0,0,1,0,0,3,1,1,4,1,1,1,0,5,1,1,2,1,2,1,1,0,16.293,181.888,182.857,33,NA,NA,NA,NA,NA,NA,NA,NA,NA,NA,NA,NA,NA,NA,NA,NA,NA
131,211,06/11/2022 09:00,06/11/2022 09:04,0,100,211,1,06/11/2022 09:04,NA,NA,NA,NA,50.8612,-0.1194,anonymous,EN,1,1,19,Woman,1,7.263,36.911,37.299,29,4,5,3,5,3,7,4,6,5,7,6,4,5,7,6,5,7,7,6,5,7,6,6,7,6,6,5,6,7.263,36.911,37.299,29,NA,NA,NA,NA,NA,NA,NA,NA,NA,NA,NA,NA,NA,NA,NA,NA,NA
132,211,05/10/2022 15:02,05/10/2022 15:05,0,100,211,1,05/10/2022 15:05,NA,NA,NA,NA,50.8612,-0.1194,anonymous,EN,1,1,20,Woman,1,20.564,186.735,187.601,47,2,3,0,0,0,0,0,0,2,1,1,0,0,0,1,0,0,0,2,1,5,5,8,5,0,0,0,0,20.564,186.734,187.6,47,389,20,Woman,2,0,0,0,2,0,0,0,3,2.828427125,4,2,0,0
133,212,07/12/2022 18:45,07/12/2022 18:49,0,100,212,1,07/12/2022 18:49,NA,NA,NA,NA,50.8612,-0.1194,anonymous,EN,1,1,18,Woman,1,1.867,193.001,194.582,76,1,8,3,1,0,1,0,1,0,1,5,3,2,2,3,1,1,1,1,3,1,2,1,2,2,0,1,1,1.867,192.901,194.582,76,89,18,Woman,4,5,1,1.5,3,4,0,1,4,0,3,0,1,2
134,212,01/10/2022 03:24,01/10/2022 03:27,0,100,212,1,01/10/2022 03:27,NA,NA,NA,NA,51.5113,-0.2714,anonymous,EN,1,1,26,Woman,1,5.189,166.042,167.001,47,8,8,7,5,4,6,8,8,8,6,9,7,8,7,7,7,6,7,5,7,0,7,1,8,8,3,10,2,5.191,166.042,167.102,47,NA,NA,NA,NA,NA,NA,NA,NA,NA,NA,NA,NA,NA,NA,NA,NA,NA
135,213,25/10/2022 13:31,25/10/2022 13:34,0,100,213,1,25/10/2022 13:34,NA,NA,NA,NA,50.8612,-0.1194,anonymous,EN,1,1,18,Woman,1,9.731,194.099,195.149,30,1,6,1,2,3,3,0,0,0,3,0,1,0,4,4,3,4,5,5,7,4,3,4,7,5,3,1,0,9.733,194.1,195.149,30,432,18,Woman,3,4,2,4.5,3,3,0,0,2,0,5,0,5,4
136,213,09/12/2022 03:43,09/12/2022 03:46,0,100,213,1,09/12/2022 03:46,NA,NA,NA,NA,50.8612,-0.1194,anonymous,EN,1,1,20,Man,1,1.295,201.826,202.607,83,1,9,1,0,3,4,5,2,1,4,2,1,3,6,7,4,9,8,4,9,10,6,8,8,8,5,0,1,1.295,201.826,202.607,83,NA,NA,NA,NA,NA,NA,NA,NA,NA,NA,NA,NA,NA,NA,NA,NA,NA
137,213,21/10/2022 04:44,21/10/2022 04:48,0,100,213,1,21/10/2022 04:48,NA,NA,NA,NA,50.8345,-0.186,anonymous,EN,1,1,22,Woman,1,24.051,194.289,195.105,36,1,6,0,0,0,0,0,0,1,0,0,2,0,2,3,1,0,2,4,2,0,3,4,2,0,3,0,2,24.052,194.289,195.105,36,151,22,Woman,3,5,3,4,5,5,0,0,4,0,5,0,5,3
138,214,06/10/2022 07:43,06/10/2022 07:47,0,100,214,1,06/10/2022 07:47,NA,NA,NA,NA,50.8612,-0.1194,anonymous,EN,1,1,18,Woman,1,20.482,174.269,175.117,29,3,7,0,0,4,0,1,2,6,1,3,4,4,0,1,1,6,1,6,6,1,0,2,3,1,0,0,4,20.481,174.268,175.117,29,12,18,Woman,1,0,0,0,1,0,0,0,2,0,5,0,0,0
139,214,06/12/2022 05:34,06/12/2022 05:38,0,100,214,1,06/12/2022 05:38,NA,NA,NA,NA,51.5128,-0.0638,anonymous,EN,1,1,19,Woman,1,0.726,185.94,186.805,91,8,9,6,6,6,7,5,3,2,6,6,6,3,5,7,8,8,9,6,9,10,8,7,8,8,4,6,1,0.726,185.941,186.916,91,163,18,Woman,4,4,0,2,3,3,0,0,1,0,5,0,2,2
140,215,20/04/2022 08:12,20/04/2022 08:16,0,100,215,1,20/04/2022 08:16,NA,NA,NA,NA,51.5564,0.0715,anonymous,EN,1,1,19,Woman,1,18.292,191.337,192.574,47,6,8,4,1,1,0,0,1,5,5,0,1,0,2,5,1,4,7,1,9,10,9,4,3,2,1,1,0,18.292,191.337,192.573,47,511,18,Woman,4,5,3,2.5,4,1,0,0,0,0,5,0,2,3
141,215,17/04/2022 15:40,17/04/2022 15:44,0,100,215,1,17/04/2022 15:44,NA,NA,NA,NA,50.8612,-0.1194,anonymous,EN,1,1,19,Woman,1,1.303,190.513,191.352,69,9,9,3,3,3,0,3,0,0,0,4,2,4,6,6,7,4,6,3,8,7,7,8,6,7,3,0,2,1.303,190.513,191.352,69,NA,NA,NA,NA,NA,NA,NA,NA,NA,NA,NA,NA,NA,NA,NA,NA,NA
142,215,03/11/2022 07:28,03/11/2022 07:32,0,100,215,1,03/11/2022 07:32,NA,NA,NA,NA,50.8612,-0.1194,anonymous,EN,1,1,20,Woman,1,36.304,191.206,192.199,31,0,2,0,0,0,0,1,0,0,1,0,0,1,0,2,0,0,1,0,2,2,1,0,1,0,0,0,0,36.304,191.207,192.199,31,332,20,Woman,4,3,2,2,3,3,1,0,0,0,0,4,1,3
143,215,11/11/2022 09:02,11/11/2022 09:05,0,100,215,1,11/11/2022 09:05,NA,NA,NA,NA,50.8612,-0.1194,anonymous,EN,1,1,22,Other,1,22.228,188.695,190.589,38,1,3,0,0,0,0,1,0,5,2,2,4,9,0,2,1,0,0,2,3,0,1,4,4,0,0,1,2,22.228,188.694,190.588,38,365,22,Non-binary,4,3,0,1.5,3,1,0,0,0,0,5,0,1,2
144,218,29/10/2022 13:59,29/10/2022 14:02,0,100,218,1,29/10/2022 14:02,NA,NA,NA,NA,50.8612,-0.1194,anonymous,EN,1,1,18,Woman,1,17.689,198.774,199.587,31,3,5,1,1,1,0,0,2,0,3,0,1,1,0,7,1,1,1,1,3,5,1,3,1,0,0,3,1,17.69,198.774,199.587,31,127,18,Woman,2,2,0,0.5,2,2,0,0,4,1.732050808,3,1,1,0
145,218,16/10/2022 09:35,16/10/2022 09:39,0,100,218,1,16/10/2022 09:39,NA,NA,NA,NA,52.0625,-0.8166,anonymous,EN,1,1,18,Woman,1,3.962,175.732,176.568,42,7,4,3,0,0,0,0,1,0,1,0,0,0,0,1,0,8,1,0,7,10,8,6,8,8,0,1,0,3.964,175.732,176.568,42,187,18,Woman,4,1,0,3.5,3,4,0,0,0,0,5,0,4,3
146,218,01/10/2022 08:03,01/10/2022 08:07,0,100,218,1,01/10/2022 08:07,NA,NA,NA,NA,50.8429,-0.1158,anonymous,EN,1,1,19,Man,1,5.988,186.067,187.494,41,0,7,0,0,0,0,0,0,0,2,1,1,5,0,1,0,8,2,1,1,0,1,0,0,0,0,0,0,5.99,186.067,187.495,41,NA,NA,NA,NA,NA,NA,NA,NA,NA,NA,NA,NA,NA,NA,NA,NA,NA
147,219,26/04/2022 16:47,26/04/2022 16:51,0,100,219,1,26/04/2022 16:51,NA,NA,NA,NA,51.5638,0.5232,anonymous,EN,1,1,19,Woman,1,4.015,175.899,177.45,53,2,7,1,2,3,1,0,0,0,4,5,0,2,6,9,0,3,6,0,6,10,1,5,8,7,0,0,0,4.016,175.899,177.45,53,NA,NA,NA,NA,NA,NA,NA,NA,NA,NA,NA,NA,NA,NA,NA,NA,NA
148,219,26/04/2022 19:37,26/04/2022 19:40,0,100,219,1,26/04/2022 19:40,NA,NA,NA,NA,50.8612,-0.1194,anonymous,EN,1,1,19,Woman,1,17.825,201.467,201.974,41,8,7,3,3,6,7,8,1,9,7,9,2,6,4,10,4,2,1,4,5,3,8,6,7,3,0,3,4,17.825,201.468,201.974,41,487,18,Woman,5,3,0,2,2,0,0,0,3,3.16,5,2,1,3
149,220,03/10/2022 13:04,03/10/2022 13:08,0,100,220,1,03/10/2022 13:08,NA,NA,NA,NA,50.8612,-0.1194,anonymous,EN,1,1,18,Man,1,12.179,184.978,186.09,35,3,7,0,0,1,0,0,0,1,4,0,0,0,0,2,7,0,1,0,5,10,3,3,7,4,2,0,0,12.179,184.978,186.09,35,70,18,Other/prefer not to say,5,3,3,2.5,0,0,0,0,2,0,5,0,0,5
150,220,28/09/2022 05:16,28/09/2022 05:20,0,100,220,1,28/09/2022 05:20,NA,NA,NA,NA,50.9051,-1.3655,anonymous,EN,1,1,19,Woman,1,1.605,169.851,171.169,59,4,8,1,0,0,1,0,1,1,2,1,2,0,9,1,1,1,1,4,7,3,3,6,4,0,0,0,2,1.605,169.851,171.17,59,NA,NA,NA,NA,NA,NA,NA,NA,NA,NA,NA,NA,NA,NA,NA,NA,NA
151,220,13/04/2022 08:53,13/04/2022 08:56,0,100,220,1,13/04/2022 08:56,NA,NA,NA,NA,53.3382,-6.2591,anonymous,EN,1,1,19,Woman,1,12.82,188.285,189.097,32,8,4,1,2,6,0,8,0,8,3,9,9,7,7,3,5,5,8,3,8,1,7,2,8,6,0,1,7,12.82,188.285,189.097,32,708,19,Woman,4,3,0,1.5,2,3,0,0,1,4,4,4,0,3
152,221,18/11/2022 11:54,18/11/2022 11:58,0,100,221,1,18/11/2022 11:58,NA,NA,NA,NA,50.8429,-0.1158,anonymous,EN,1,1,19,Woman,1,33.436,197.982,198.702,31,4,7,2,1,3,0,3,0,7,5,2,2,0,8,8,4,6,3,1,5,5,8,4,4,1,3,1,1,33.437,197.982,198.702,31,457,18,Woman,5,3,1,0,4,3,0,0,1,3.46,4,3,0,0
153,222,11/04/2022 10:18,11/04/2022 10:22,0,100,222,1,11/04/2022 10:22,NA,NA,NA,NA,50.86120605,-0.119400024,anonymous,EN,1,1,18,Woman,1,21.33,191.41,192.645,30,2,5,0,0,1,0,2,0,0,3,8,7,8,0,7,7,7,6,5,9,9,7,4,8,4,1,3,2,21.329,191.41,192.644,30,NA,NA,NA,NA,NA,NA,NA,NA,NA,NA,NA,NA,NA,NA,NA,NA,NA
154,222,05/12/2022 08:48,05/12/2022 08:52,0,100,222,1,05/12/2022 08:52,NA,NA,NA,NA,50.8612,-0.1194,anonymous,EN,1,1,21,Woman,1,27.317,196.646,197.631,34,2,6,3,3,5,0,4,0,3,4,4,4,2,3,7,5,7,6,5,4,6,2,3,1,3,0,2,3,27.316,196.646,197.63,34,499,20,Woman,5,3,0,4.5,5,2,0,0,0,0,5,0,4,5
155,223,29/09/2022 03:57,29/09/2022 04:01,0,100,223,1,29/09/2022 04:01,NA,NA,NA,NA,50.8612,-0.1194,anonymous,EN,1,1,19,Woman,1,18.276,187.068,188.002,39,9,8,1,0,6,7,6,0,7,0,6,9,9,8,8,6,10,9,4,10,9,9,8,7,6,1,2,10,18.278,187.068,188.002,39,125,19,Woman,5,4,1,1.5,3,2,0,0,4,0,5,0,3,0
156,224,29/11/2022 04:18,29/11/2022 04:22,0,100,224,1,29/11/2022 04:22,NA,NA,NA,NA,50.8345,-0.186,anonymous,EN,1,1,19,Other,1,15.641,205.612,206.6,34,4,7,7,1,3,2,3,0,6,4,7,4,4,3,7,3,9,2,6,6,9,7,2,6,4,7,6,6,15.644,205.612,206.6,34,823,18,Non-binary,4,3,2,3,4,2,1,0,1,0,0,4,2,4
157,224,25/04/2022 18:05,25/04/2022 18:09,0,100,224,1,25/04/2022 18:09,NA,NA,NA,NA,52.2445,0.7186,anonymous,EN,1,1,20,Woman,1,18.351,156.851,157.778,54,0,8,2,0,4,2,3,0,0,3,0,1,0,1,5,1,1,7,5,6,10,6,6,3,1,2,0,0,18.352,156.851,157.778,54,NA,NA,NA,NA,NA,NA,NA,NA,NA,NA,NA,NA,NA,NA,NA,NA,NA
158,225,18/04/2022 06:27,18/04/2022 06:31,0,100,225,1,18/04/2022 06:31,NA,NA,NA,NA,51.4,-0.25,anonymous,EN,1,1,19,Man,1,19.28,190.31,191.462,35,8,6,0,0,0,0,0,0,0,3,0,0,0,3,4,2,3,4,3,7,8,0,4,6,4,0,0,2,19.28,190.309,191.461,35,516,18,Man,5,5,0,2,3,5,0,0,3,0,0,0,1,3
159,225,29/09/2022 09:06,29/09/2022 09:10,0,100,225,1,29/09/2022 09:10,NA,NA,NA,NA,50.8612,-0.1194,anonymous,EN,1,1,19,Woman,1,18.186,200.395,201.347,31,1,2,1,0,0,0,0,0,0,1,1,0,2,0,2,1,0,1,2,1,7,4,4,7,4,0,0,1,18.187,200.395,201.347,31,NA,NA,NA,NA,NA,NA,NA,NA,NA,NA,NA,NA,NA,NA,NA,NA,NA
160,225,29/04/2022 04:19,29/04/2022 04:23,0,100,225,1,29/04/2022 04:23,NA,NA,NA,NA,50.8612,-0.1194,anonymous,EN,1,1,19,Woman,1,18.387,196.213,197.569,35,2,3,0,0,2,0,0,1,0,2,0,0,0,3,3,0,0,1,0,1,0,1,0,2,0,0,2,0,18.387,196.213,197.568,35,831,19,Woman,5,4,1,0.5,4,3,0,0,2,1.41,1,2,0,1
161,226,03/10/2022 15:06,03/10/2022 15:10,0,100,226,1,03/10/2022 15:10,NA,NA,NA,NA,50.8612,-0.1194,anonymous,EN,1,1,18,Woman,1,2.215,197.111,197.693,61,5,8,4,1,0,2,4,1,1,6,5,8,3,0,9,6,8,8,6,7,9,3,6,8,3,2,2,4,2.216,197.111,197.694,61,85,18,Woman,0,1,0,0,0,0,1,0,0,0,5,0,0,0
162,227,09/10/2022 17:16,09/10/2022 17:20,0,100,227,1,09/10/2022 17:20,NA,NA,NA,NA,50.8612,-0.1194,anonymous,EN,1,1,19,Woman,1,0.399,187.285,189.147,78,3,7,1,0,0,1,3,0,0,2,1,2,1,1,7,0,0,0,0,1,8,1,3,0,0,0,0,0,0.399,187.286,189.147,78,5,19,Woman,2,3,0,0,3,2,0,0,0,0,0,5,0,0
163,227,28/04/2022 07:03,28/04/2022 07:07,0,100,227,1,28/04/2022 07:07,NA,NA,NA,NA,50.8612,-0.1194,anonymous,EN,1,1,20,Woman,1,24.274,204.2,206,64,8,5,1,0,0,0,3,1,7,1,3,4,3,1,5,2,6,10,4,6,10,10,7,1,2,0,0,2,24.274,204.2,206,64,590,20,Woman,5,4,1,1,5,5,5,0,3,1,1,1,1,1
164,228,21/09/2022 13:13,21/09/2022 13:16,0,100,228,1,21/09/2022 13:16,NA,NA,NA,NA,50.8612,-0.1194,anonymous,EN,1,1,20,Woman,1,20.27,210.088,210.794,46,2,2,1,0,2,2,2,3,0,1,0,4,4,5,4,7,7,7,5,7,5,7,4,3,3,4,3,3,20.269,210.087,210.793,46,NA,NA,NA,NA,NA,NA,NA,NA,NA,NA,NA,NA,NA,NA,NA,NA,NA
165,228,01/10/2022 10:01,01/10/2022 10:05,0,100,228,1,01/10/2022 10:05,NA,NA,NA,NA,50.8612,-0.1194,anonymous,EN,1,1,21,Woman,1,16.678,208.73,209.821,34,6,7,2,0,1,0,0,0,1,4,7,1,8,8,8,7,6,3,4,5,5,7,7,5,4,0,0,1,16.679,208.731,209.821,34,56,21,Woman,5,5,4,0,3,3,0,0,1,0,3,0,0,0
166,230,29/09/2022 15:20,29/09/2022 15:24,0,100,230,1,29/09/2022 15:24,NA,NA,NA,NA,50.8612,-0.1194,anonymous,EN,1,1,18,Woman,1,7.975,174.452,175.667,56,2,7,1,1,5,6,4,0,6,1,5,1,6,1,10,7,5,9,6,6,10,8,2,6,1,0,0,5,7.975,174.452,175.667,56,266,18,Woman,3,5,2,0,4,3,0,0,0,0,5,0,0,0
167,230,01/10/2022 10:55,01/10/2022 10:59,0,100,230,1,01/10/2022 10:59,NA,NA,NA,NA,50.8345,-0.186,anonymous,EN,1,1,19,Woman,1,16.784,180.424,180.962,30,2,3,2,0,0,0,0,0,1,1,0,2,2,3,2,0,1,2,2,2,1,0,2,1,2,0,0,1,16.787,180.424,180.962,30,687,18,Woman,3,1,0,2.5,3,3,0,0,2,0,0,4,3,2
168,230,08/12/2022 15:10,08/12/2022 15:14,0,100,230,1,08/12/2022 15:14,NA,NA,NA,NA,51.2461,0.6109,anonymous,EN,1,1,20,Man,1,27.102,211.661,213.027,28,0,7,0,0,0,0,2,0,0,0,0,1,0,1,2,0,2,3,0,0,2,0,1,1,0,0,4,0,27.001,211.66,213.026,28,NA,NA,NA,NA,NA,NA,NA,NA,NA,NA,NA,NA,NA,NA,NA,NA,NA
169,231,28/09/2022 03:44,28/09/2022 03:48,0,100,231,1,28/09/2022 03:48,NA,NA,NA,NA,50.8612,-0.1194,anonymous,EN,1,1,18,Woman,1,7.919,209.26,210.802,43,4,7,1,0,3,0,0,1,0,6,3,1,0,3,5,0,3,1,2,2,7,3,6,4,3,0,0,0,7.922,209.26,210.802,43,43,18,Woman,4,3,0,3,3,1,0,0,1,3.464101615,4,3,2,4
170,231,02/10/2022 09:08,02/10/2022 09:12,0,100,231,1,02/10/2022 09:12,NA,NA,NA,NA,50.8612,-0.1194,anonymous,EN,1,1,19,Woman,1,21.415,208.165,211.049,39,2,7,0,1,1,0,0,0,2,0,0,1,2,0,0,1,0,0,0,4,2,7,6,4,2,2,0,2,21.418,208.165,211.049,39,NA,NA,NA,NA,NA,NA,NA,NA,NA,NA,NA,NA,NA,NA,NA,NA,NA
171,231,02/12/2022 07:26,02/12/2022 07:30,0,100,231,1,02/12/2022 07:30,NA,NA,NA,NA,50.8612,-0.1194,anonymous,EN,1,1,19,Woman,1,22.238,207.559,208.483,31,3,7,2,2,2,1,5,4,1,4,3,5,3,8,9,7,8,8,3,5,4,6,3,6,6,2,0,2,22.238,207.56,208.483,31,227,19,Woman,4,5,1,2,2,3,0,0,3,3.464101615,4,3,1,3
172,231,27/04/2022 13:08,27/04/2022 13:12,0,100,231,1,27/04/2022 13:12,NA,NA,NA,NA,26.241,50.5779,anonymous,EN,1,1,19,Woman,1,33.824,206.266,207.101,38,4,6,1,0,2,0,1,0,2,5,2,8,5,7,8,8,8,8,5,5,6,6,5,5,5,5,5,6,33.825,206.265,207,38,658,19,Woman,3,2,3,3.5,4,3,0,0,2,0,0,3,4,3
173,231,14/11/2022 10:30,14/11/2022 10:34,0,100,231,1,14/11/2022 10:34,NA,NA,NA,NA,51.4964,-0.1224,anonymous,EN,1,1,20,Woman,1,11.501,213.593,214.778,44,6,3,1,0,0,0,0,1,0,1,3,2,1,1,2,2,0,1,1,3,1,0,3,2,0,0,0,2,11.501,213.593,214.778,44,665,19,Woman,2,1,0,2,3,3,0,0,0,0,3,0,2,2
174,232,30/10/2022 15:20,30/10/2022 15:24,0,100,232,1,30/10/2022 15:24,NA,NA,NA,NA,50.8429,-0.1158,anonymous,EN,1,1,19,Woman,1,4.128,199.873,201.24,67,3,4,0,2,1,0,1,1,3,0,4,5,6,2,3,4,3,2,3,0,4,7,1,0,1,0,0,0,4.129,199.873,201.24,67,586,18,Woman,3,4,2,3.5,5,3,0,0,1,2.24,5,1,4,3
175,232,13/10/2022 05:49,13/10/2022 05:53,0,100,232,1,13/10/2022 05:53,NA,NA,NA,NA,51.3488,-0.0321,anonymous,EN,1,1,19,Woman,1,2.685,208.775,209.808,51,8,8,6,1,4,8,2,0,1,4,7,2,6,4,8,8,8,8,4,9,1,10,9,8,7,9,0,0,2.684,208.774,209.807,51,79,19,Woman,5,4,4,1,1,3,0,1,2,0,0,0,0,2
176,232,27/09/2022 07:11,27/09/2022 07:14,0,100,232,1,27/09/2022 07:15,NA,NA,NA,NA,50.9583,-0.1342,anonymous,EN,1,1,20,Woman,1,25.506,207.049,208.165,33,5,1,1,0,0,3,0,0,1,0,0,1,0,2,3,1,4,0,3,5,0,2,3,1,1,0,1,0,25.506,207.049,208.165,33,592,19,Woman,4,3,2,0,4,4,0,0,3,3.87,5,3,0,0
177,233,06/12/2022 22:52,06/12/2022 22:55,0,100,233,1,06/12/2022 22:55,NA,NA,NA,NA,50.8612,-0.1194,anonymous,EN,1,1,18,Man,1,16.046,215.413,216.796,33,4,6,0,0,1,0,0,3,4,5,0,0,0,4,5,4,5,1,3,4,7,2,2,5,3,1,0,0,16.047,215.413,216.796,33,44,18,Man,4,3,3,0.5,2,0,0,0,0,0,5,0,0,1
178,233,17/11/2022 07:25,17/11/2022 07:29,0,100,233,1,17/11/2022 07:29,NA,NA,NA,NA,50.8612,-0.1194,anonymous,EN,1,1,19,Woman,1,20.06,213.955,214.39,34,0,4,0,0,1,0,0,0,0,3,0,4,0,2,2,3,1,5,0,2,1,2,1,5,2,1,0,0,20.06,213.955,214.39,34,368,19,Woman,4,5,0,1.5,3,4,0,0,3,0,5,0,1,2
179,233,08/12/2022 16:28,08/12/2022 16:32,0,100,233,1,08/12/2022 16:32,NA,NA,NA,NA,50.9166,-1.2678,anonymous,EN,1,1,20,Woman,1,5.03,210.37,211.043,63,4,7,3,1,1,1,5,1,0,7,10,8,9,7,3,5,10,6,8,4,0,5,7,7,8,3,1,9,5.031,210.37,211.043,63,NA,NA,NA,NA,NA,NA,NA,NA,NA,NA,NA,NA,NA,NA,NA,NA,NA
180,233,28/04/2022 13:46,28/04/2022 13:50,0,100,233,1,28/04/2022 13:50,NA,NA,NA,NA,50.8612,-0.1194,anonymous,EN,1,1,21,Man,1,7.343,186.051,186.948,53,4,2,0,0,0,0,0,0,0,0,0,0,0,0,2,0,2,1,0,0,0,0,0,2,0,1,0,0,7.342,186.05,186.947,53,NA,NA,NA,NA,NA,NA,NA,NA,NA,NA,NA,NA,NA,NA,NA,NA,NA
181,233,09/12/2022 06:06,09/12/2022 06:10,0,100,233,1,09/12/2022 06:10,NA,NA,NA,NA,50.8429,-0.1158,anonymous,EN,1,1,21,Man,1,14.305,207.423,208.104,41,7,4,1,0,2,0,2,0,0,2,1,1,1,2,2,0,2,3,4,3,8,1,1,1,1,0,0,2,14.305,207.424,208.104,41,681,19,Man,3,1,0,1,4,1,1,0,0,0,0,0,2,0
182,234,29/09/2022 16:15,29/09/2022 16:18,0,100,234,1,29/09/2022 16:18,NA,NA,NA,NA,50.8612,-0.1194,anonymous,EN,1,1,18,Woman,1,15.862,155.648,156.64,30,6,4,2,1,3,3,0,0,0,5,1,1,0,3,5,3,6,2,1,3,6,1,4,2,1,1,0,1,15.865,155.648,156.641,30,62,18,Woman,5,4,2,3,4,5,0,5,3,0,0,4,2,4
183,234,03/10/2022 11:07,03/10/2022 11:11,0,100,234,1,03/10/2022 11:11,NA,NA,NA,NA,50.8612,-0.1194,anonymous,EN,1,1,19,Woman,1,11.583,177.871,179.373,37,1,1,0,0,0,0,1,0,1,2,2,1,2,2,6,3,1,4,8,2,6,6,3,3,1,2,3,1,11.584,177.87,179.372,37,507,18,Woman,4,4,1,0,3,3,0,0,0,0,5,0,0,0
184,234,26/10/2022 07:59,26/10/2022 08:03,0,100,234,1,26/10/2022 08:03,NA,NA,NA,NA,50.8612,-0.1194,anonymous,EN,1,1,25,Man,1,17.573,215.733,216.666,34,3,5,0,0,1,0,0,0,0,5,5,0,0,4,6,9,3,4,3,5,5,5,5,5,5,5,0,5,17.573,215.732,216.665,34,524,24,Man,2,0,0,0,1,0,1,0,4,0,0,0,0,0
185,235,03/10/2022 06:12,03/10/2022 06:16,0,100,235,1,03/10/2022 06:16,NA,NA,NA,NA,51.5064,-0.02,anonymous,EN,1,1,18,Woman,1,32.91,212.172,213.214,35,4,9,1,0,2,0,0,0,4,0,6,2,1,9,8,4,8,10,2,6,9,10,10,0,0,0,2,0,32.91,212.172,213.215,35,NA,NA,NA,NA,NA,NA,NA,NA,NA,NA,NA,NA,NA,NA,NA,NA,NA
186,235,29/04/2022 08:48,29/04/2022 08:52,0,100,235,1,29/04/2022 08:52,NA,NA,NA,NA,50.8612,-0.1194,anonymous,EN,1,1,19,Other,1,3.324,210.126,211.236,61,9,8,6,2,8,4,2,2,4,4,2,3,1,0,5,3,3,2,8,5,8,6,5,8,5,4,9,1,3.325,210.126,211.236,61,853,19,Non-binary,4,5,0,0.5,2,2,0,0,3,0,5,0,0,1
187,236,11/04/2022 04:06,11/04/2022 04:10,0,100,236,1,11/04/2022 04:10,NA,NA,NA,NA,51.95939636,1.355300903,anonymous,EN,1,1,18,Woman,1,1.09,214.232,214.854,92,2,4,1,0,1,1,2,1,1,1,1,2,0,3,2,2,2,3,3,3,1,1,1,2,1,1,2,0,1.089,214.231,214.853,92,830,18,Woman,3,1,1,1.5,4,3,0,0,4,0,0,5,2,1
188,236,03/10/2022 09:10,03/10/2022 09:14,0,100,236,1,03/10/2022 09:14,NA,NA,NA,NA,51.5549,0.0529,anonymous,EN,1,1,19,Woman,1,14.033,199.705,201.855,29,3,8,4,0,3,2,3,4,1,4,0,0,6,2,4,3,6,6,4,6,8,5,6,6,6,3,6,3,14.034,199.604,201.855,29,342,19,Woman,3,3,0,2,3,1,0,0,1,0,0,1,1,3
189,236,11/04/2022 15:03,11/04/2022 15:07,0,100,236,1,11/04/2022 15:07,NA,NA,NA,NA,50.95829773,-0.13420105,anonymous,EN,1,1,19,Woman,1,22.293,213.158,214.081,36,4,4,1,0,0,0,5,3,1,0,6,1,1,6,6,4,2,3,2,6,1,3,2,4,3,0,1,2,22.295,213.158,214.081,36,527,18,Woman,5,5,4,4.5,4,5,2,0,0,0,5,0,5,4
190,236,25/04/2022 07:26,25/04/2022 07:30,0,100,236,1,25/04/2022 07:30,NA,NA,NA,NA,51.2476,-0.7672,anonymous,EN,1,1,19,Woman,1,7.609,207.21,208.465,73,7,3,0,0,1,1,2,0,1,1,1,0,0,2,5,5,6,5,2,5,10,6,3,3,2,3,0,0,7.611,207.209,208.464,73,539,19,Woman,4,3,1,2,2,0,0,0,3,2,1,4,2,2
191,237,14/04/2022 06:54,14/04/2022 06:58,0,100,237,1,14/04/2022 06:58,NA,NA,NA,NA,51.3873,-0.1596,anonymous,EN,1,1,18,Woman,1,30.997,202.888,204.654,38,8,9,2,1,6,7,1,1,2,10,9,10,10,10,10,10,10,7,9,8,6,7,6,10,8,7,8,10,30.998,202.888,204.654,38,743,18,Non-binary,5,4,0,0,5,3,0,0,3,1.41,1,2,0,0
192,237,02/12/2022 20:59,02/12/2022 21:03,0,100,237,1,02/12/2022 21:03,NA,NA,NA,NA,50.8612,-0.1194,anonymous,EN,1,1,18,Woman,1,8.462,219.199,219.916,32,9,9,9,3,3,6,9,2,6,9,10,10,10,10,10,10,10,10,10,9,1,10,10,10,10,10,10,1,8.463,219.199,219.916,32,167,18,Woman,4,2,0,4.5,4,0,0,0,4,0,0,0,5,4
193,237,26/04/2022 15:28,26/04/2022 15:32,0,100,237,1,26/04/2022 15:32,NA,NA,NA,NA,50.8612,-0.1194,anonymous,EN,1,1,19,Woman,1,31.473,215.82,216.578,34,1,4,0,0,0,0,2,0,0,3,0,3,4,1,0,1,0,0,1,4,1,0,2,0,0,0,0,3,31.474,215.821,216.578,34,895,18,Woman,4,3,2,2.5,5,4,0,0,3,0,0,0,2,3
194,237,09/12/2022 02:35,09/12/2022 02:39,0,100,237,1,09/12/2022 02:39,NA,NA,NA,NA,50.8612,-0.1194,anonymous,EN,1,1,20,Woman,1,33.868,217.58,218.383,33,8,3,0,0,1,0,0,0,1,1,0,1,1,1,1,0,0,0,1,2,2,0,1,1,1,0,0,0,33.869,217.581,218.383,33,900,19,Woman,4,1,2,0.5,4,2,0,0,4,0,5,0,0,1
195,238,26/04/2022 01:54,26/04/2022 01:58,0,100,238,1,26/04/2022 01:58,NA,NA,NA,NA,50.8612,-0.1194,anonymous,EN,1,1,19,Man,1,3.524,208.124,209.008,73,7,8,3,0,0,0,0,0,0,2,1,3,6,4,5,1,3,6,8,7,10,3,2,2,0,0,0,6,3.526,208.125,209.008,73,569,19,Man,4,4,0,0,3,2,0,0,3,0,0,0,0,0
196,239,23/09/2022 10:25,23/09/2022 10:29,0,100,239,1,23/09/2022 10:29,NA,NA,NA,NA,50.8612,-0.1194,anonymous,EN,1,1,19,Woman,1,17.024,208.933,209.838,31,0,6,0,0,4,3,0,0,0,0,0,3,0,3,5,0,3,3,6,0,7,0,8,3,6,3,6,6,17.024,208.933,209.838,31,844,18,Woman,1,0,5,1.5,2,2,0,0,3,0,0,5,0,3
197,239,23/04/2022 14:42,23/04/2022 14:46,0,100,239,1,23/04/2022 14:46,NA,NA,NA,NA,50.8326,-0.0764,anonymous,EN,1,1,21,Woman,1,14.061,211.666,212.627,46,1,7,0,0,0,7,0,2,1,1,7,2,2,1,3,8,8,8,4,8,1,9,8,3,1,0,0,2,14.061,211.665,212.626,46,883,20,Woman,3,5,1,0,0,1,0,0,0,0,4,0,0,0
198,240,24/10/2022 16:34,24/10/2022 16:38,0,100,240,1,24/10/2022 16:38,NA,NA,NA,NA,51.367,-0.8042,anonymous,EN,1,1,18,Woman,1,16.123,209.674,211.082,42,4,7,6,4,6,3,2,1,2,4,8,4,4,3,4,3,4,6,5,8,7,5,2,5,6,6,1,7,16.123,209.674,211.082,42,NA,NA,NA,NA,NA,NA,NA,NA,NA,NA,NA,NA,NA,NA,NA,NA,NA
199,240,07/12/2022 14:05,07/12/2022 14:09,0,100,240,1,07/12/2022 14:09,NA,NA,NA,NA,51.4021,-0.0916,anonymous,EN,1,1,22,Man,1,33.694,214.976,215.832,57,5,3,1,0,1,1,1,3,3,1,2,8,8,1,7,4,7,5,3,7,10,9,6,7,3,3,0,0,33.695,214.976,215.832,57,NA,NA,NA,NA,NA,NA,NA,NA,NA,NA,NA,NA,NA,NA,NA,NA,NA
200,241,10/04/2022 06:12,10/04/2022 06:16,0,100,241,1,10/04/2022 06:16,NA,NA,NA,NA,51.43530273,-0.30960083,anonymous,EN,1,1,18,Woman,1,8.34,214.845,215.581,47,4,5,1,1,1,0,0,0,0,2,0,0,0,4,3,1,1,3,2,5,4,2,2,2,1,0,0,0,8.34,214.846,215.581,47,490,18,Woman,4,1,0,0.5,1,0,0,0,0,0,5,0,1,0
201,241,01/10/2022 13:42,01/10/2022 13:46,0,100,241,1,01/10/2022 13:46,NA,NA,NA,NA,50.8612,-0.1194,anonymous,EN,1,1,19,Man,1,26.761,206.869,207.845,37,0,7,1,0,0,0,6,3,8,4,2,2,0,4,3,2,4,3,6,6,4,2,5,9,4,0,0,0,26.763,206.868,207.844,37,NA,NA,NA,NA,NA,NA,NA,NA,NA,NA,NA,NA,NA,NA,NA,NA,NA
202,241,09/12/2022 05:06,09/12/2022 05:10,0,100,241,1,09/12/2022 05:10,NA,NA,NA,NA,50.8345,-0.186,anonymous,EN,1,1,20,Woman,1,19.404,216.926,218.503,36,5,8,2,0,2,4,8,0,1,5,2,8,2,2,6,3,10,10,3,10,10,10,7,10,8,3,0,2,19.404,216.927,218.503,36,NA,NA,NA,NA,NA,NA,NA,NA,NA,NA,NA,NA,NA,NA,NA,NA,NA
203,242,29/04/2022 07:11,29/04/2022 07:15,0,100,242,1,29/04/2022 07:15,NA,NA,NA,NA,50.8612,-0.1194,anonymous,EN,1,1,18,Woman,1,27.9,223.915,224.374,37,2,3,2,0,1,0,3,0,0,4,1,0,1,4,5,4,2,6,1,6,8,1,4,3,2,0,0,0,27.9,223.915,224.374,37,481,18,Woman,2,1,0,2.5,4,2,1,0,0,0,1,0,1,4
204,242,13/10/2022 03:57,13/10/2022 04:01,0,100,242,1,13/10/2022 04:01,NA,NA,NA,NA,50.8345,-0.186,anonymous,EN,1,1,19,Woman,1,15.465,209.107,209.98,36,4,7,1,0,0,0,0,0,0,1,2,2,0,1,6,2,2,0,1,6,8,5,3,2,1,1,0,0,15.467,209.107,209.98,36,479,18,Woman,4,1,0,1.5,2,2,0,0,0,0,4,0,3,0
205,242,05/12/2022 04:39,05/12/2022 04:43,0,100,242,1,05/12/2022 04:43,NA,NA,NA,NA,50.8612,-0.1194,anonymous,EN,1,1,19,Woman,1,2.957,213.976,214.015,62,5,4,2,5,1,0,0,0,2,0,4,0,0,5,6,0,4,7,0,8,5,2,2,8,0,0,5,0,2.958,213.976,214.015,62,11,19,Woman,3,4,4,3.5,4,0,0,0,3,0,5,0,2,5
206,242,07/10/2022 09:20,07/10/2022 09:24,0,100,242,1,07/10/2022 09:24,NA,NA,NA,NA,50.8612,-0.1194,anonymous,EN,1,1,19,Woman,1,15.898,211.523,213.066,37,7,6,2,0,0,0,1,0,3,0,10,10,8,1,2,1,3,5,5,6,3,6,6,1,0,0,7,4,15.899,211.523,213.066,37,489,18,Woman,3,2,1,3,4,3,1,0,3,2.83,4,2,3,3
207,242,25/10/2022 04:44,25/10/2022 04:48,0,100,242,1,25/10/2022 04:48,NA,NA,NA,NA,50.8612,-0.1194,anonymous,EN,1,1,20,Woman,1,29.875,217.969,219.395,28,1,3,1,0,0,0,0,0,0,1,0,1,0,1,6,1,2,3,0,2,3,3,1,2,1,0,0,0,29.875,217.969,219.395,28,430,20,Woman,4,3,1,3,4,3,0,0,1,0,0,5,2,4
208,242,11/10/2022 06:26,11/10/2022 06:30,0,100,242,1,11/10/2022 06:30,NA,NA,NA,NA,50.8612,-0.1194,anonymous,EN,1,1,20,Woman,1,26.759,184.456,185.506,32,3,8,4,1,2,2,0,2,2,2,1,3,2,1,3,1,3,1,2,1,6,6,7,4,3,2,8,1,26.761,184.457,185.512,32,445,19,Woman,3,4,0,1,4,3,0,0,3,2.45,2,3,1,1
209,242,26/09/2022 08:21,26/09/2022 08:25,0,100,242,1,26/09/2022 08:25,NA,NA,NA,NA,51.4964,-0.1224,anonymous,EN,1,1,20,Woman,1,33.664,220.271,220.95,33,5,7,1,0,1,0,7,1,4,2,8,6,7,4,5,1,0,0,2,4,1,1,2,5,4,1,3,6,33.665,220.271,220.95,33,NA,NA,NA,NA,NA,NA,NA,NA,NA,NA,NA,NA,NA,NA,NA,NA,NA
210,243,14/11/2022 16:11,14/11/2022 16:15,0,100,243,1,14/11/2022 16:15,NA,NA,NA,NA,50.8612,-0.1194,anonymous,EN,1,1,19,Man,1,9.263,220.865,221.955,31,4,3,7,6,2,4,3,3,3,6,7,7,3,1,3,2,3,2,6,7,6,3,3,6,2,2,1,2,9.265,220.865,221.956,31,94,19,Man,2,3,0,0,1,0,0,0,0,0,3,0,0,0
211,243,09/12/2022 05:46,09/12/2022 05:50,0,100,243,1,09/12/2022 05:50,NA,NA,NA,NA,50.8612,-0.1194,anonymous,EN,1,1,20,Man,1,2.01,222.485,224.3,58,6,4,1,0,3,0,0,0,3,7,0,4,0,3,1,0,5,3,8,1,0,3,6,2,0,0,0,2,2.01,222.485,224.3,58,360,19,Man,2,0,0,1,1,0,0,0,0,0,0,0,1,1
212,244,27/11/2022 14:34,27/11/2022 14:38,0,100,244,1,27/11/2022 14:38,NA,NA,NA,NA,50.8612,-0.1194,anonymous,EN,1,1,19,Woman,1,27.001,213.753,214.759,33,1,4,0,0,0,0,0,0,4,3,0,1,0,2,8,4,0,2,4,5,9,4,6,4,0,0,1,0,27,213.752,214.758,33,398,18,Woman,4,4,1,0.5,5,3,0,0,3,0,5,0,0,1
213,245,10/10/2022 04:21,10/10/2022 04:25,0,100,245,1,10/10/2022 04:25,NA,NA,NA,NA,50.8612,-0.1194,anonymous,EN,1,1,18,Woman,1,18.465,214.667,215.65,48,1,3,0,0,1,3,0,0,0,0,0,3,1,0,4,0,3,0,1,5,4,0,0,0,1,0,0,0,18.465,214.667,215.65,48,129,18,Woman,2,0,2,0.5,0,3,3,0,1,0,5,0,0,1
214,245,27/10/2022 15:12,27/10/2022 15:16,0,100,245,1,27/10/2022 15:16,NA,NA,NA,NA,50.8435,-0.2166,anonymous,EN,1,1,19,Woman,1,13.689,218.762,220.483,35,7,8,3,2,3,5,2,3,4,6,4,3,2,2,4,4,3,2,8,7,9,6,6,6,6,5,1,3,13.69,218.762,220.482,35,563,18,Woman,4,2,3,0,2,1,0,0,2,0,0,2,0,0
215,246,12/04/2022 15:34,12/04/2022 15:38,0,100,246,1,12/04/2022 15:38,NA,NA,NA,NA,51.48890686,-0.231796265,anonymous,EN,1,1,19,Woman,1,2.918,211.725,212.457,51,0,7,1,1,0,1,0,0,0,4,0,1,0,3,2,1,0,0,0,7,2,1,1,2,0,0,0,0,2.919,211.725,212.442,51,NA,NA,NA,NA,NA,NA,NA,NA,NA,NA,NA,NA,NA,NA,NA,NA,NA
216,246,13/11/2022 10:29,13/11/2022 10:33,0,100,246,1,13/11/2022 10:33,NA,NA,NA,NA,50.8612,-0.1194,anonymous,EN,1,1,19,Woman,1,32.679,215.497,217.263,36,2,2,1,0,0,0,1,0,0,1,0,1,0,1,3,1,2,0,1,2,1,1,1,1,1,1,0,0,32.679,215.497,217.263,36,65,19,Woman,5,2,2,0.5,2,3,0,0,3,0,5,0,0,1
217,246,09/10/2022 06:12,09/10/2022 06:17,0,100,246,1,09/10/2022 06:17,NA,NA,NA,NA,50.8612,-0.1194,anonymous,EN,1,1,19,Woman,1,14.721,184.618,185.943,52,4,7,3,0,0,0,0,0,1,0,1,1,0,0,3,2,2,0,3,6,0,3,5,7,1,0,0,0,14.722,184.618,185.942,52,873,18,Woman,4,1,3,2,2,2,1,0,3,2.45,3,2,1,3
218,246,28/10/2022 06:37,28/10/2022 06:41,0,100,246,1,28/10/2022 06:41,NA,NA,NA,NA,50.8612,-0.1194,anonymous,EN,1,1,19,Woman,1,28.202,220.942,226.946,37,8,5,1,0,1,0,3,2,0,6,4,2,3,3,4,2,3,2,3,7,2,5,4,7,5,7,8,3,28.205,220.94,226.944,37,NA,NA,NA,NA,NA,NA,NA,NA,NA,NA,NA,NA,NA,NA,NA,NA,NA
219,246,26/04/2022 08:06,26/04/2022 08:10,0,100,246,1,26/04/2022 08:10,NA,NA,NA,NA,51.4964,-0.1224,anonymous,EN,1,1,20,Woman,1,3.26,224.054,226.016,68,4,6,8,1,3,2,2,0,5,4,3,0,1,2,5,4,8,9,4,5,4,7,3,6,3,2,1,7,3.26,224.054,226.016,68,NA,NA,NA,NA,NA,NA,NA,NA,NA,NA,NA,NA,NA,NA,NA,NA,NA
220,247,18/10/2022 06:46,18/10/2022 06:50,0,100,247,1,18/10/2022 06:50,NA,NA,NA,NA,50.8345,-0.186,anonymous,EN,1,1,19,Woman,1,31.307,225.823,228.187,35,1,2,0,0,0,1,0,0,0,1,1,3,3,1,1,1,1,0,1,1,0,2,2,1,0,0,0,0,31.306,225.822,228.186,35,871,18,Woman,4,1,1,2.5,1,2,0,0,0,0,0,5,2,3
221,247,04/10/2022 05:30,04/10/2022 05:34,0,100,247,1,04/10/2022 05:34,NA,NA,NA,NA,50.8612,-0.1194,anonymous,EN,1,1,19,Prefer not to say,1,2.992,205.02,206.032,58,5,6,3,2,1,0,0,1,2,2,2,3,3,6,3,5,8,9,5,5,9,5,4,4,3,3,5,6,2.994,205.12,206.035,58,621,18,Non-binary,4,4,2,4,4,1,0,0,1,0,5,0,5,3
222,247,28/04/2022 13:58,28/04/2022 14:02,0,100,247,1,28/04/2022 14:02,NA,NA,NA,NA,50.8326,-0.0764,anonymous,EN,1,1,20,Woman,1,6.401,222.908,224.371,47,3,4,1,0,0,0,1,0,2,1,2,2,0,3,2,3,2,3,1,1,4,2,2,1,0,0,0,1,6.401,222.909,224.372,47,NA,NA,NA,NA,NA,NA,NA,NA,NA,NA,NA,NA,NA,NA,NA,NA,NA
223,247,29/04/2022 06:07,29/04/2022 06:11,0,100,247,1,29/04/2022 06:11,NA,NA,NA,NA,50.8326,-0.0764,anonymous,EN,1,1,22,Man,1,16.722,229.419,230.2,33,2,3,0,0,0,1,0,0,3,1,0,0,0,0,3,1,1,0,1,4,1,0,5,2,1,1,0,0,16.721,229.418,230.202,33,NA,NA,NA,NA,NA,NA,NA,NA,NA,NA,NA,NA,NA,NA,NA,NA,NA
224,248,22/11/2022 11:42,22/11/2022 11:46,0,100,248,1,22/11/2022 11:46,NA,NA,NA,NA,51.2752,-0.4085,anonymous,EN,1,1,20,Woman,1,21.779,218.707,219.702,33,0,6,0,0,0,0,0,0,1,0,0,0,0,0,1,0,1,0,2,1,1,0,2,4,0,0,3,0,21.78,218.707,219.702,33,NA,NA,NA,NA,NA,NA,NA,NA,NA,NA,NA,NA,NA,NA,NA,NA,NA
225,249,03/10/2022 12:27,03/10/2022 12:31,0,100,249,1,03/10/2022 12:31,NA,NA,NA,NA,50.8612,-0.1194,anonymous,EN,1,1,19,Woman,1,1.476,214.605,215.8,56,4,8,3,3,5,0,2,0,9,7,5,6,6,7,7,6,5,2,6,5,6,6,3,5,3,4,2,4,1.475,214.605,215.811,56,454,18,Woman,5,4,2,2.5,5,3,0,0,1,0,0,5,2,3
226,249,09/12/2022 08:36,09/12/2022 08:41,0,100,249,1,09/12/2022 08:41,NA,NA,NA,NA,50.8429,-0.1158,anonymous,EN,1,1,19,Woman,1,11.981,204.458,205.228,58,7,6,6,2,4,3,7,5,6,1,4,4,4,5,6,6,5,4,6,7,1,3,4,3,4,2,1,2,11.983,204.458,205.228,58,816,18,Woman,2,4,4,1,2,2,0,0,0,0,0,1,1,1
227,250,02/10/2022 06:11,02/10/2022 06:15,0,100,250,1,02/10/2022 06:15,NA,NA,NA,NA,50.8612,-0.1194,anonymous,EN,1,1,18,Woman,1,27.903,213.277,215.044,31,0,7,0,0,0,1,1,0,2,3,0,4,1,8,8,6,1,1,3,1,3,4,0,3,0,0,2,1,27.904,213.277,215.044,31,225,18,Woman,5,2,2,0,4,2,1,0,1,2,1,4,0,0
228,250,07/11/2022 16:02,07/11/2022 16:06,0,100,250,1,07/11/2022 16:06,NA,NA,NA,NA,50.8612,-0.1194,anonymous,EN,1,1,18,Other,1,28.769,206.11,207.301,42,3,3,0,0,0,0,1,0,5,0,1,0,1,0,7,0,0,2,0,3,1,0,1,4,2,0,4,0,28.768,206.11,207.3,42,359,18,Other/prefer not to say,4,4,0,0,1,1,0,0,1,0,5,0,0,0
229,250,25/04/2022 11:00,25/04/2022 11:05,0,100,250,1,25/04/2022 11:05,NA,NA,NA,NA,50.8326,-0.0764,anonymous,EN,1,1,19,Woman,1,11.02,202.812,203.646,42,7,7,8,7,3,7,7,6,7,7,7,6,5,7,6,7,7,6,8,9,9,7,8,7,9,7,8,7,11.02,202.811,203.645,42,513,19,Woman,2,1,0,2,2,1,1,0,0,0,1,0,2,2
230,250,26/10/2022 16:37,26/10/2022 16:41,0,100,250,1,26/10/2022 16:41,NA,NA,NA,NA,51.5161,0.0584,anonymous,EN,1,1,20,Man,1,14.036,234.119,235.126,38,2,7,1,0,0,0,0,1,1,7,2,1,1,0,1,0,7,3,2,3,7,3,7,1,1,1,0,0,14.038,234.119,235.126,38,760,19,Man,4,3,5,3.5,4,3,2,0,4,0,1,0,3,4
231,252,06/12/2022 09:16,06/12/2022 09:20,0,100,252,1,06/12/2022 09:20,NA,NA,NA,NA,50.8612,-0.1194,anonymous,EN,1,NA,NA,Man,1,0.574,230.424,231.294,74,4,6,3,2,0,0,1,0,0,1,1,0,1,3,2,1,6,1,3,3,2,5,3,2,1,1,0,1,0.574,230.424,231.294,74,NA,NA,NA,NA,NA,NA,NA,NA,NA,NA,NA,NA,NA,NA,NA,NA,NA
232,252,25/04/2022 04:54,25/04/2022 04:58,0,100,252,1,25/04/2022 04:58,NA,NA,NA,NA,50.8612,-0.1194,anonymous,EN,1,1,18,Man,1,3.324,206.218,207.38,67,4,3,1,1,1,0,2,0,2,3,1,1,1,1,6,5,3,5,4,3,1,4,3,3,2,0,5,4,3.324,206.218,207.38,67,825,18,Man,2,1,0,0,0,0,0,0,0,0,5,0,0,0
233,252,31/10/2022 12:04,31/10/2022 12:08,0,100,252,1,31/10/2022 12:08,NA,NA,NA,NA,50.8612,-0.1194,anonymous,EN,1,1,18,Woman,1,10.742,226.923,228.405,36,3,5,1,1,1,2,2,0,3,3,4,4,4,5,6,4,3,3,1,3,6,4,1,2,2,0,2,2,10.745,226.922,228.404,36,297,18,Woman,4,3,0,0,3,0,0,0,1,0,0,0,0,0
234,252,03/12/2022 11:14,03/12/2022 11:18,0,100,252,1,03/12/2022 11:18,NA,NA,NA,NA,50.8612,-0.1194,anonymous,EN,1,1,19,Man,1,17.176,234.04,234.912,43,3,4,1,0,1,0,2,1,2,3,4,5,4,8,9,4,9,6,5,4,8,9,7,4,3,1,1,1,17.176,234.04,234.913,43,546,18,Man,2,4,0,1,3,1,0,0,2,0,3,0,1,1
235,252,17/10/2022 08:54,17/10/2022 08:58,0,100,252,1,17/10/2022 08:58,NA,NA,NA,NA,50.8612,-0.1194,anonymous,EN,1,NA,20,Woman,1,22.243,231.474,232.171,32,3,4,0,0,0,0,1,0,2,2,0,0,0,3,4,0,2,4,1,7,3,0,0,0,2,0,0,1,22.245,231.473,232.17,32,627,19,Woman,5,3,0,0,5,3,0,0,3,2.45,3,2,0,0
236,253,03/12/2022 08:19,03/12/2022 08:23,0,100,253,1,03/12/2022 08:23,NA,NA,NA,NA,50.8612,-0.1194,anonymous,EN,1,1,18,Woman,1,24.037,227.572,230.082,37,2,5,1,2,1,0,1,0,2,0,2,1,3,0,2,2,3,1,1,1,0,1,1,2,2,0,4,1,24.038,227.572,230.081,37,376,18,Woman,5,3,4,2.5,4,3,0,0,1,1.732050808,3,1,1,4
237,253,26/04/2022 17:23,26/04/2022 17:27,0,100,253,1,26/04/2022 17:27,NA,NA,NA,NA,50.8161,-1.2341,anonymous,EN,1,1,19,Woman,1,25.76,229.55,229.989,34,1,4,0,0,1,0,0,0,3,1,1,3,2,1,1,1,1,0,2,4,0,1,2,1,0,0,0,1,25.759,229.55,229.988,34,506,18,Woman,3,3,1,0.5,4,4,0,0,3,0,0,5,0,1
238,253,02/12/2022 05:11,02/12/2022 05:15,0,100,253,1,02/12/2022 05:15,NA,NA,NA,NA,52.2123,0.1516,anonymous,EN,1,1,19,Woman,1,20.909,232.793,234.455,56,3,7,0,0,0,0,0,0,0,3,0,2,0,2,2,1,0,1,1,3,2,2,3,3,2,3,0,0,20.912,232.794,234.455,56,619,18,Woman,5,4,0,0,1,3,0,0,0,0,5,0,0,0
239,254,26/04/2022 07:46,26/04/2022 07:50,0,100,254,1,26/04/2022 07:50,NA,NA,NA,NA,50.8612,-0.1194,anonymous,EN,1,1,18,Woman,1,10.938,176.475,180.358,36,0,6,0,0,2,0,0,0,0,1,4,3,2,1,3,1,3,4,1,2,2,5,2,1,0,0,2,0,10.939,176.474,180.358,36,857,18,Woman,4,4,2,3,2,2,0,0,3,0,5,0,3,3
240,254,25/10/2022 08:43,25/10/2022 08:47,0,100,254,1,25/10/2022 08:47,NA,NA,NA,NA,51.5161,0.0584,anonymous,EN,1,1,18,Woman,1,27.864,226.847,227.884,28,3,4,2,0,0,1,0,0,8,6,1,0,0,0,3,1,7,2,2,3,7,3,1,3,0,0,0,0,27.864,226.847,227.884,28,NA,NA,NA,NA,NA,NA,NA,NA,NA,NA,NA,NA,NA,NA,NA,NA,NA
241,254,21/04/2022 10:02,21/04/2022 10:06,0,100,254,1,21/04/2022 10:06,NA,NA,NA,NA,51.6001,-0.2617,anonymous,EN,1,1,19,Woman,1,30.835,229.065,230.887,33,6,8,8,3,2,2,7,4,6,7,9,7,7,7,9,7,8,8,8,8,8,8,6,8,6,6,2,9,30.84,229.066,230.887,33,NA,NA,NA,NA,NA,NA,NA,NA,NA,NA,NA,NA,NA,NA,NA,NA,NA
242,254,16/10/2022 17:23,16/10/2022 17:28,0,100,254,1,16/10/2022 17:28,NA,NA,NA,NA,50.8429,-0.1158,anonymous,EN,1,1,20,Woman,1,30.845,220.097,222.309,28,2,7,1,1,0,0,2,1,0,4,5,5,6,3,6,2,1,3,2,2,1,3,2,3,3,1,1,2,30.847,220.096,222.308,28,835,19,Woman,2,2,2,2.5,2,1,0,0,0,0,3,0,3,2
243,255,13/04/2022 16:41,13/04/2022 16:45,0,100,255,1,13/04/2022 16:45,NA,NA,NA,NA,51.3537,0.5287,anonymous,EN,1,1,19,Woman,1,12.743,196.366,197.104,62,3,3,1,0,1,1,0,1,2,3,1,0,2,6,8,1,4,4,3,3,8,6,4,4,0,0,8,1,12.745,196.367,197.103,62,NA,NA,NA,NA,NA,NA,NA,NA,NA,NA,NA,NA,NA,NA,NA,NA,NA
244,255,12/10/2022 15:11,12/10/2022 15:15,0,100,255,1,12/10/2022 15:15,NA,NA,NA,NA,50.8069,-0.5834,anonymous,EN,1,1,20,Woman,1,23.209,237.413,238.273,43,7,7,0,0,0,0,0,0,2,4,1,5,0,9,4,4,10,10,1,10,10,1,4,8,5,3,0,0,23.208,237.412,238.272,43,724,19,Woman,5,1,1,0.5,3,2,0,0,1,0,5,0,1,0
245,256,30/10/2022 17:38,30/10/2022 17:42,0,100,256,1,30/10/2022 17:42,NA,NA,NA,NA,49.1805,-2.0976,anonymous,EN,1,1,18,Man,1,1.024,230.022,230.964,68,3,7,2,0,1,0,2,0,1,4,6,1,0,2,2,1,2,6,9,6,3,1,5,2,3,7,0,1,1.024,230.022,230.964,68,383,18,Man,5,4,1,3.5,5,3,2,0,2,1.732050808,3,1,3,4
246,256,03/10/2022 10:58,03/10/2022 11:02,0,100,256,1,03/10/2022 11:02,NA,NA,NA,NA,50.8612,-0.1194,anonymous,EN,1,1,18,Woman,1,43.176,228.331,229.481,29,2,3,0,0,0,0,0,0,2,1,0,1,0,0,1,0,1,0,2,1,0,0,2,1,1,1,0,0,43.177,228.331,229.481,29,72,18,Woman,3,2,0,0.5,2,0,0,0,2,0,5,0,0,1
247,256,26/09/2022 16:43,26/09/2022 16:48,0,100,256,1,26/09/2022 16:48,NA,NA,NA,NA,51.4021,-0.0916,anonymous,EN,1,1,19,Woman,1,22.419,220.82,223.46,28,0,3,0,0,2,0,0,0,0,0,0,0,0,1,10,0,0,0,0,0,2,0,0,0,0,0,0,0,22.419,220.82,223.46,28,519,18,Woman,5,2,1,1.5,4,3,0,5,0,0,4,0,2,1
248,256,18/11/2022 11:23,18/11/2022 11:28,0,100,256,1,18/11/2022 11:28,NA,NA,NA,NA,50.8612,-0.1194,anonymous,EN,1,1,19,Woman,1,1.157,174.904,176.274,56,1,1,1,0,0,0,0,0,1,1,0,1,0,0,1,1,1,1,0,1,1,1,0,1,1,0,0,0,1.157,174.904,176.274,56,143,19,Woman,4,4,2,3.5,2,4,0,0,4,3.464101615,3,4,4,3
249,256,03/11/2022 07:24,03/11/2022 07:29,0,100,256,1,03/11/2022 07:29,NA,NA,NA,NA,50.8612,-0.1194,anonymous,EN,1,1,19,Other,1,6.825,214.408,215.703,93,2,6,2,0,0,0,3,0,1,7,9,2,9,8,3,3,7,6,5,5,1,2,3,6,1,0,1,3,6.826,214.408,215.703,93,295,19,Non-binary,4,5,0,2.5,1,2,0,0,0,0,5,0,1,4
250,257,08/12/2022 13:29,08/12/2022 13:34,0,100,257,1,08/12/2022 13:34,NA,NA,NA,NA,50.8612,-0.1194,anonymous,EN,1,1,18,Man,1,5.098,229.827,230.461,46,8,6,0,0,0,0,8,0,8,6,1,6,0,8,10,2,2,1,2,5,10,9,10,8,6,2,4,3,5.098,229.826,230.46,46,29,18,Man,5,3,2,1.5,4,3,1,0,0,2,4,1,2,1
251,257,18/10/2022 06:03,18/10/2022 06:07,0,100,257,1,18/10/2022 06:07,NA,NA,NA,NA,50.8612,-0.1194,anonymous,EN,1,1,19,Woman,1,22.821,225.954,227.806,38,4,3,1,0,0,1,0,0,0,2,1,1,0,8,4,6,2,4,7,1,10,3,3,1,0,4,1,1,22.821,225.955,227.8,38,866,18,Woman,5,4,3,1.5,3,4,0,0,5,0,0,1,1,2
252,257,28/04/2022 14:48,28/04/2022 14:52,0,100,257,1,28/04/2022 14:52,NA,NA,NA,NA,51.3913,-2.3654,anonymous,EN,1,1,20,Man,1,6.247,233.036,233.887,38,2,6,0,0,0,0,0,0,0,0,0,0,0,2,1,0,8,9,0,9,1,0,0,1,0,0,0,4,6.246,233.035,233.887,38,882,20,Man,4,2,2,4.5,5,4,0,0,0,0,0,5,4,5
253,258,03/10/2022 04:07,03/10/2022 04:11,0,100,258,1,03/10/2022 04:11,NA,NA,NA,NA,50.8612,-0.1194,anonymous,EN,1,1,18,Man,1,13.758,186.049,187.715,31,0,2,1,0,0,1,2,0,1,0,2,3,3,1,2,0,1,2,0,2,1,0,1,2,1,0,2,0,13.759,186.049,187.715,31,NA,NA,NA,NA,NA,NA,NA,NA,NA,NA,NA,NA,NA,NA,NA,NA,NA
254,258,08/12/2022 09:54,08/12/2022 09:58,0,100,258,1,08/12/2022 09:58,NA,NA,NA,NA,50.8612,-0.1194,anonymous,EN,1,1,19,Woman,1,46.23,225.752,227.264,30,1,1,0,0,0,0,0,0,0,0,0,0,0,0,0,0,0,0,0,0,1,0,0,0,0,0,0,0,46.231,225.752,227.264,30,881,18,Woman,5,5,0,0,4,4,0,0,1,2,4,1,0,0
255,258,25/10/2022 06:30,25/10/2022 06:35,0,100,258,1,25/10/2022 06:35,NA,NA,NA,NA,50.8612,-0.1194,anonymous,EN,1,1,20,Woman,1,91.453,237.138,238.021,42,2,8,2,0,2,0,0,1,0,0,0,1,0,4,3,0,3,1,1,2,4,2,2,0,0,0,0,0,91.452,237.137,238.02,42,715,19,Woman,5,3,1,2.5,4,3,0,0,2,0,0,5,3,2
256,259,04/12/2022 16:53,04/12/2022 16:57,0,100,259,1,04/12/2022 16:57,NA,NA,NA,NA,50.8612,-0.1194,anonymous,EN,1,1,18,Woman,1,13.805,229.772,230.667,86,6,9,2,1,2,3,0,0,1,7,1,5,5,5,8,5,3,7,8,8,9,9,6,9,9,1,9,8,13.805,229.772,230.666,86,211,18,Woman,4,2,0,0,3,4,0,0,0,0,5,0,0,0
257,259,11/11/2022 04:47,11/11/2022 04:51,0,100,259,1,11/11/2022 04:51,NA,NA,NA,NA,51.3997,-0.2515,anonymous,EN,1,1,22,Woman,1,19.81,240.858,241.306,32,2,5,1,1,1,0,0,0,3,0,5,1,1,2,0,0,0,0,1,3,0,0,3,4,3,3,0,1,19.811,240.858,241.306,32,NA,NA,NA,NA,NA,NA,NA,NA,NA,NA,NA,NA,NA,NA,NA,NA,NA
258,260,07/11/2022 11:50,07/11/2022 11:54,0,100,260,1,07/11/2022 11:54,NA,NA,NA,NA,50.8429,-0.1158,anonymous,EN,1,1,20,Other,1,14.588,238.397,240.647,36,2,7,1,0,0,0,0,0,4,1,0,0,0,0,2,0,0,1,0,6,1,1,1,4,0,0,0,9,14.59,238.398,240.647,36,NA,NA,NA,NA,NA,NA,NA,NA,NA,NA,NA,NA,NA,NA,NA,NA,NA
259,260,29/04/2022 09:31,29/04/2022 09:35,0,100,260,1,29/04/2022 09:35,NA,NA,NA,NA,50.8612,-0.1194,anonymous,EN,1,1,21,Woman,1,28.617,232.863,233.991,31,3,5,1,0,2,0,1,0,1,0,0,2,1,3,4,2,1,7,2,1,3,3,6,7,2,1,4,2,28.618,232.863,233.992,31,NA,NA,NA,NA,NA,NA,NA,NA,NA,NA,NA,NA,NA,NA,NA,NA,NA
260,260,26/04/2022 05:28,26/04/2022 05:32,0,100,260,1,26/04/2022 05:32,NA,NA,NA,NA,50.8612,-0.1194,anonymous,EN,1,1,22,Man,1,16.607,233.201,233.426,50,1,8,4,0,4,3,7,0,1,6,2,6,7,2,8,6,9,4,3,10,8,10,7,8,4,1,7,4,16.607,233.202,233.426,50,528,21,Other/prefer not to say,5,4,1,2.5,5,3,0,0,2,4.47,5,4,1,4
261,261,19/04/2022 07:09,19/04/2022 07:14,0,100,261,1,19/04/2022 07:14,NA,NA,NA,NA,51.8951,-1.1585,anonymous,EN,1,1,18,Woman,1,22.519,222.929,224.674,34,1,7,1,0,3,0,0,0,0,0,1,4,1,6,8,0,2,8,0,5,9,1,1,8,1,0,0,0,22.52,222.929,224.674,34,678,18,Woman,5,0,4,0.5,5,5,0,0,5,0,0,1,1,0
262,261,05/10/2022 08:16,05/10/2022 08:20,0,100,261,1,05/10/2022 08:20,NA,NA,NA,NA,50.8612,-0.1194,anonymous,EN,1,1,18,Woman,1,32.483,215.7,216.701,28,6,2,0,0,0,0,0,0,0,1,1,2,2,6,8,2,7,6,2,9,8,2,3,4,0,0,3,1,32.483,215.7,216.701,28,183,18,Woman,4,2,0,0,1,4,0,5,2,0,5,0,0,0
263,261,03/10/2022 10:35,03/10/2022 10:40,0,100,261,1,03/10/2022 10:40,NA,NA,NA,NA,50.8612,-0.1194,anonymous,EN,1,1,19,Prefer not to say,1,16.678,238.368,239.42,33,1,4,0,0,3,0,0,3,3,4,2,1,3,5,3,4,2,1,7,4,2,4,3,1,0,0,0,4,16.68,238.368,239.42,33,736,19,Non-binary,3,5,0,3,4,1,0,2,3,0,0,1,4,2
264,262,30/10/2022 13:14,30/10/2022 13:18,0,100,262,1,30/10/2022 13:18,NA,NA,NA,NA,50.8429,-0.1158,anonymous,EN,1,1,19,Woman,1,27.703,221.523,222.768,29,2,4,0,0,1,0,1,1,2,0,7,0,7,8,7,4,8,2,2,7,9,6,5,2,3,2,0,0,27.703,221.523,222.768,29,651,18,Woman,4,4,1,4,4,4,1,0,1,0,0,5,3,5
265,263,14/10/2022 07:10,14/10/2022 07:14,0,100,263,1,14/10/2022 07:14,NA,NA,NA,NA,50.8612,-0.1194,anonymous,EN,1,1,18,Woman,1,6.012,233.815,240.515,38,4,8,1,0,1,1,0,1,0,6,7,1,2,6,8,1,8,7,5,3,6,3,5,5,3,1,7,0,6.013,233.815,240.515,38,2,18,Woman,5,4,2,1.5,4,5,0,0,3,0,0,3,2,1
266,264,08/04/2022 08:41,08/04/2022 08:46,0,100,264,1,08/04/2022 08:46,NA,NA,NA,NA,52.6631,-2.4705,anonymous,EN,1,1,18,Woman,1,0.918,241.575,242.38,81,1,3,2,1,0,0,0,0,0,0,3,1,2,1,2,2,3,2,1,3,1,1,1,2,1,0,0,0,0.917,241.574,242.379,81,552,18,Woman,4,5,3,0.5,4,4,0,0,3,2,1,4,1,0
267,264,28/04/2022 06:37,28/04/2022 06:42,0,100,264,1,28/04/2022 06:42,NA,NA,NA,NA,50.8612,-0.1194,anonymous,EN,1,1,19,Woman,1,1.645,235.995,237.041,64,6,3,2,1,1,0,1,0,1,1,2,2,1,2,8,1,4,2,2,6,7,7,7,6,4,1,6,1,1.644,235.995,237.04,64,555,18,Woman,4,4,1,2,4,4,0,0,3,0,0,4,2,2
268,265,28/04/2022 10:00,28/04/2022 10:04,0,100,265,1,28/04/2022 10:04,NA,NA,NA,NA,50.8612,-0.1194,anonymous,EN,1,1,20,Woman,1,20.792,219.891,221.889,36,0,8,0,0,0,0,0,0,0,1,3,7,7,7,2,1,7,7,5,5,1,8,1,0,0,0,2,0,20.792,219.891,221.888,36,496,20,Woman,5,5,1,1,5,5,4,0,0,0,5,0,0,2
269,265,05/10/2022 05:03,05/10/2022 05:08,0,100,265,1,05/10/2022 05:08,NA,NA,NA,NA,50.9158,-1.3601,anonymous,EN,1,1,20,Woman,1,8.337,239.901,240.886,78,2,4,0,0,0,0,0,0,0,1,0,0,0,3,1,2,2,0,3,0,1,0,0,2,0,1,0,0,8.337,239.901,240.886,78,210,20,Woman,2,2,0,2.5,2,1,0,0,0,0,5,0,1,4
270,265,26/12/2022 07:59,26/12/2022 08:03,0,100,265,1,26/12/2022 08:03,NA,NA,NA,NA,51.4964,-0.1224,anonymous,EN,1,1,20,Woman,1,1.036,233.993,234.92,86,6,8,2,0,5,5,5,0,2,5,7,5,7,10,9,4,4,4,5,10,7,4,5,5,4,3,1,5,1.035,233.992,234.919,86,NA,NA,NA,NA,NA,NA,NA,NA,NA,NA,NA,NA,NA,NA,NA,NA,NA
271,265,06/10/2022 06:04,06/10/2022 06:09,0,100,265,1,06/10/2022 06:09,NA,NA,NA,NA,50.8345,-0.186,anonymous,EN,1,1,21,Woman,1,18.651,229.77,230.598,35,4,8,0,0,3,2,0,1,0,3,5,5,1,1,1,1,3,0,4,3,5,4,4,1,0,0,3,0,18.655,229.77,230.597,35,639,20,Woman,4,5,4,0.5,5,3,0,0,2,0,0,5,0,1
272,265,29/04/2022 06:37,29/04/2022 06:41,0,100,265,1,29/04/2022 06:41,NA,NA,NA,NA,50.8612,-0.1194,anonymous,EN,1,1,27,Man,1,22.337,242.656,243.811,43,7,7,2,1,0,0,0,0,4,0,0,0,0,0,3,0,5,0,6,6,1,4,7,5,1,0,0,0,22.338,242.656,243.811,43,836,27,Man,4,3,2,4,2,2,0,0,0,0,0,0,4,4
273,267,29/04/2022 06:31,29/04/2022 06:35,0,100,267,1,29/04/2022 06:35,NA,NA,NA,NA,50.8612,-0.1194,anonymous,EN,1,1,19,Woman,1,13.165,242.555,243.16,60,8,4,0,0,3,0,8,4,9,5,7,9,0,0,7,3,7,2,9,9,1,1,1,9,3,4,2,4,13.166,242.555,243.16,60,NA,NA,NA,NA,NA,NA,NA,NA,NA,NA,NA,NA,NA,NA,NA,NA,NA
274,267,19/10/2022 12:46,19/10/2022 12:50,0,100,267,1,19/10/2022 12:50,NA,NA,NA,NA,50.8345,-0.186,anonymous,EN,1,1,21,Woman,1,17.563,241.857,242.981,32,0,6,0,0,0,0,4,0,0,2,1,6,1,2,0,0,1,0,8,3,9,2,4,0,0,0,0,0,17.562,241.856,242.981,32,699,20,Woman,5,5,1,1.5,2,0,0,0,4,0,0,0,0,3
275,268,NA,NA,NA,NA,NA,NA,NA,NA,NA,NA,NA,NA,NA,NA,NA,NA,NA,NA,NA,NA,NA,NA,NA,NA,NA,NA,NA,NA,NA,NA,NA,NA,NA,NA,NA,NA,NA,NA,NA,NA,NA,NA,NA,NA,NA,NA,NA,NA,NA,NA,NA,NA,NA,NA,NA,NA,335,18,Woman,5,5,0,0,1,2,0,0,0,0,0,1,0,0
276,268,04/10/2022 17:35,04/10/2022 17:40,0,100,268,1,04/10/2022 17:40,NA,NA,NA,NA,50.8612,-0.1194,anonymous,EN,1,1,18,Woman,1,31.744,240.858,241.89,44,7,8,1,0,1,0,4,0,9,0,1,8,5,5,10,5,4,7,5,9,7,10,9,8,4,1,0,1,31.745,240.858,241.89,44,7,19,Woman,5,4,0,0,4,5,0,0,1,0,5,0,0,0
277,268,04/12/2022 13:11,04/12/2022 13:16,0,100,268,1,04/12/2022 13:16,NA,NA,NA,NA,50.8612,-0.1194,anonymous,EN,1,1,19,Man,1,32.615,232.313,233.258,38,4,6,1,0,0,0,1,0,1,2,0,5,1,0,1,3,0,1,0,2,8,2,8,9,1,0,0,0,32.616,232.313,233.258,38,NA,NA,NA,NA,NA,NA,NA,NA,NA,NA,NA,NA,NA,NA,NA,NA,NA
278,268,08/10/2022 07:27,08/10/2022 07:31,0,100,268,1,08/10/2022 07:31,NA,NA,NA,NA,50.8345,-0.186,anonymous,EN,1,1,20,Woman,1,15.628,243.451,244.898,33,1,4,0,0,0,0,0,0,0,0,0,1,0,7,1,0,0,0,1,1,9,1,0,1,0,0,0,0,15.631,243.451,244.898,33,903,19,Woman,0,0,0,0,0,0,0,0,0,0,0,0,0,0
279,269,30/11/2022 18:09,30/11/2022 18:13,0,100,269,1,30/11/2022 18:13,NA,NA,NA,NA,50.8612,-0.1194,anonymous,EN,1,1,19,Woman,1,37.982,246.463,247.368,37,0,2,0,0,1,1,0,1,0,1,0,1,0,2,1,0,1,2,1,5,0,1,2,1,1,1,2,1,37.983,246.462,247.367,37,NA,NA,NA,NA,NA,NA,NA,NA,NA,NA,NA,NA,NA,NA,NA,NA,NA
280,269,28/04/2022 06:57,28/04/2022 07:02,0,100,269,1,28/04/2022 07:02,NA,NA,NA,NA,50.8612,-0.1194,anonymous,EN,1,1,19,Woman,1,29.887,237.28,240.036,33,4,7,2,1,4,1,4,1,0,2,3,4,2,8,5,6,9,9,8,6,6,4,4,3,3,5,2,0,29.887,237.28,240.036,33,820,18,Woman,5,4,3,0,5,5,0,0,0,0,2,0,0,0
281,269,30/10/2022 05:27,30/10/2022 05:31,0,100,269,1,30/10/2022 05:31,NA,NA,NA,NA,50.8345,-0.186,anonymous,EN,1,1,20,Woman,1,14.113,226.15,227.901,32,8,8,5,0,5,1,1,3,1,4,0,0,0,2,7,7,7,7,6,9,9,1,5,8,6,6,7,0,14.113,226.15,227.901,32,166,20,Woman,0,5,2,3,3,0,1,1,0,0,1,0,3,3
282,270,05/12/2022 17:23,05/12/2022 17:27,0,100,270,1,05/12/2022 17:27,NA,NA,NA,NA,50.8612,-0.1194,anonymous,EN,1,1,18,Man,1,3.883,240.18,241.488,98,2,7,0,0,1,0,3,0,1,2,0,2,1,3,2,0,5,2,3,9,7,5,1,6,1,0,2,0,3.882,240.179,241.487,98,264,18,Man,3,4,1,3.5,1,0,0,0,0,0,5,0,3,4
283,270,10/10/2022 10:17,10/10/2022 10:22,0,100,270,1,10/10/2022 10:22,NA,NA,NA,NA,50.8612,-0.1194,anonymous,EN,1,1,18,Woman,1,0.938,244.651,245.258,99,7,6,3,0,1,0,0,0,4,0,2,2,3,0,1,2,0,3,4,0,3,7,7,4,0,0,1,0,0.937,244.65,245.258,99,354,18,Woman,4,3,1,0.5,4,2,0,0,3,0,0,3,1,0
284,271,08/12/2022 15:02,08/12/2022 15:07,0,100,271,1,08/12/2022 15:07,NA,NA,NA,NA,50.8612,-0.1194,anonymous,EN,1,1,18,Woman,1,17.636,229.723,230.48,34,8,9,8,6,1,2,0,1,6,9,4,2,0,3,8,4,8,9,5,10,1,4,7,7,8,6,7,2,17.637,229.724,230.48,34,284,18,Woman,1,3,5,0.5,5,1,0,0,4,0,0,5,0,1
285,271,12/12/2022 08:01,12/12/2022 08:06,0,100,271,1,12/12/2022 08:06,NA,NA,NA,NA,53.4296,-2.6637,anonymous,EN,1,1,20,Woman,1,22.013,249.663,250.738,36,4,8,0,0,1,0,0,0,7,2,0,3,1,2,4,2,8,5,8,7,10,9,8,1,0,0,0,1,22.013,249.664,250.738,36,864,18,Woman,2,1,0,0,0,0,0,0,1,0,3,0,0,0
286,272,16/04/2022 10:51,16/04/2022 10:56,0,100,272,1,16/04/2022 10:56,NA,NA,NA,NA,51.0434,-1.7279,anonymous,EN,1,1,19,Woman,1,7.151,249.548,250.37,44,9,6,0,0,0,0,0,0,0,8,0,0,4,0,6,0,0,0,0,0,8,5,0,7,1,0,1,0,7.153,249.548,250.37,44,583,18,Woman,3,4,0,2,3,2,0,2,1,0,4,0,4,0
287,272,26/09/2022 04:32,26/09/2022 04:37,0,100,272,1,26/09/2022 04:37,NA,NA,NA,NA,50.8612,-0.1194,anonymous,EN,1,1,20,Woman,1,28.978,253.024,253.789,70,2,4,1,0,4,4,6,0,3,1,0,0,0,0,3,0,3,1,8,3,8,1,5,3,2,2,1,0,28.978,253.023,253.788,70,633,19,Woman,5,5,3,0.5,5,4,1,0,3,0,4,0,1,0
288,273,29/09/2022 09:33,29/09/2022 09:37,0,100,273,1,29/09/2022 09:37,NA,NA,NA,NA,50.8612,-0.1194,anonymous,EN,1,1,18,Woman,1,3.357,245.707,246.521,63,0,4,0,0,4,0,0,0,1,1,1,0,0,1,2,1,1,0,1,1,1,5,1,1,0,0,1,0,3.356,245.706,246.52,63,59,18,Woman,3,4,2,2,5,4,0,0,1,0,5,0,1,3
289,273,29/10/2022 15:56,29/10/2022 16:01,0,100,273,1,29/10/2022 16:01,NA,NA,NA,NA,50.8612,-0.1194,anonymous,EN,1,1,19,Man,1,11.773,235.765,236.594,35,2,4,0,0,0,0,0,0,0,1,0,1,0,2,3,2,1,1,0,4,7,2,4,4,0,0,0,0,11.774,235.766,236.594,35,624,18,Man,2,3,0,0.5,1,0,0,0,0,2.45,2,3,1,0
290,273,05/11/2022 09:03,05/11/2022 09:07,0,100,273,1,05/11/2022 09:07,NA,NA,NA,NA,50.8612,-0.1194,anonymous,EN,1,1,19,Woman,1,27.632,236.225,237.265,33,5,4,1,0,1,0,6,0,1,0,4,6,5,1,3,0,2,3,4,2,5,5,3,1,0,0,2,1,27.635,236.225,237.265,33,410,19,Woman,3,4,2,1.5,4,5,1,0,3,0,0,0,1,2
291,274,27/09/2022 12:11,27/09/2022 12:15,0,100,274,1,27/09/2022 12:15,NA,NA,NA,NA,50.8612,-0.1194,anonymous,EN,1,1,19,Man,1,8.574,248.718,249.712,34,4,2,0,0,0,0,0,0,0,1,0,0,0,1,1,1,1,1,0,3,2,0,0,0,0,0,0,0,8.574,248.718,249.712,34,868,18,Man,4,4,2,3,4,1,0,0,1,0,0,0,4,2
292,274,21/11/2022 05:43,21/11/2022 05:48,0,100,274,1,21/11/2022 05:48,NA,NA,NA,NA,50.8612,-0.1194,anonymous,EN,1,1,19,Woman,1,5.067,253.417,254.301,76,6,1,0,0,0,0,1,0,0,0,5,1,0,1,4,1,1,1,1,7,4,1,1,1,0,0,1,0,5.068,253.417,254.301,76,NA,NA,NA,NA,NA,NA,NA,NA,NA,NA,NA,NA,NA,NA,NA,NA,NA
293,274,10/10/2022 07:58,10/10/2022 08:02,0,100,274,1,10/10/2022 08:02,NA,NA,NA,NA,50.8429,-0.1158,anonymous,EN,1,1,21,Woman,1,22.53,254.889,255.66,40,7,8,0,0,0,0,0,0,5,7,6,6,4,6,6,0,4,7,3,1,10,1,1,0,0,0,2,0,22.532,254.89,255.66,40,612,21,Woman,2,2,3,0.5,2,2,1,0,1,2.45,2,3,0,1
294,274,11/10/2022 21:17,11/10/2022 21:21,0,100,274,1,11/10/2022 21:21,NA,NA,NA,NA,52.9453,-1.4953,anonymous,EN,1,1,21,Woman,1,0.448,250.262,251.1,82,8,6,0,1,2,0,3,0,2,3,0,0,0,3,4,2,4,5,4,6,3,5,4,3,4,0,0,0,0.448,250.262,251.1,82,NA,NA,NA,NA,NA,NA,NA,NA,NA,NA,NA,NA,NA,NA,NA,NA,NA
295,275,14/11/2022 13:28,14/11/2022 13:32,0,100,275,1,14/11/2022 13:32,NA,NA,NA,NA,50.8612,-0.1194,anonymous,EN,1,1,18,Other,1,23.443,240.932,241.709,33,3,8,1,1,0,0,2,0,7,6,3,2,5,1,6,1,9,9,6,10,10,6,2,5,2,0,4,0,23.443,240.83,241.707,33,41,18,Other/prefer not to say,4,5,0,2.5,1,1,0,0,0,0,4,0,1,4
296,275,08/12/2022 11:21,08/12/2022 11:26,0,100,275,1,08/12/2022 11:26,NA,NA,NA,NA,50.8612,-0.1194,anonymous,EN,1,1,19,Woman,1,8.315,251.538,252.401,32,6,7,0,0,1,0,0,0,7,7,5,0,0,1,2,3,5,0,5,5,0,6,5,4,6,4,0,2,8.315,251.539,252.4,32,90,18,Woman,2,1,3,3,5,4,5,0,3,0,5,0,4,2
297,275,16/10/2022 01:56,16/10/2022 02:01,0,100,275,1,16/10/2022 02:01,NA,NA,NA,NA,51.4021,-0.0916,anonymous,EN,1,1,22,Man,1,29.959,254.824,257.335,35,3,1,0,1,0,1,5,0,7,1,0,1,2,1,1,1,3,1,7,7,7,1,1,0,0,2,1,2,29.96,254.824,257.335,35,890,21,Man,4,5,1,1,5,4,0,0,2,3.16,2,5,1,1
298,276,05/10/2022 06:13,05/10/2022 06:18,0,100,276,1,05/10/2022 06:18,NA,NA,NA,NA,50.8612,-0.1194,anonymous,EN,1,1,18,Woman,1,12.229,239.644,241.127,38,2,2,0,0,0,0,0,2,1,1,0,0,0,2,2,0,0,0,1,2,4,0,0,2,0,0,0,0,12.231,239.644,241.126,38,4,18,Woman,3,3,0,1,3,5,0,5,0,0,0,5,0,2
299,276,04/10/2022 03:22,04/10/2022 03:27,0,100,276,1,04/10/2022 03:27,NA,NA,NA,NA,51.4964,-0.1224,anonymous,EN,1,1,19,Woman,1,5.311,246.736,247.561,95,1,3,0,1,0,0,0,0,0,0,0,0,0,0,1,0,1,0,1,0,3,1,1,1,1,0,0,0,5.311,246.737,247.561,95,NA,NA,NA,NA,NA,NA,NA,NA,NA,NA,NA,NA,NA,NA,NA,NA,NA
300,276,29/09/2022 09:42,29/09/2022 09:46,0,100,276,1,29/09/2022 09:46,NA,NA,NA,NA,50.8612,-0.1194,anonymous,EN,1,1,19,Woman,1,14.459,256.784,257.849,33,2,3,0,1,0,1,1,0,0,1,2,1,0,1,2,2,2,1,1,1,3,4,3,1,0,0,2,1,14.459,256.785,257.849,33,874,18,Woman,3,4,0,2,4,3,1,0,1,0,0,0,3,1
301,277,06/11/2022 07:45,06/11/2022 07:50,0,100,277,1,06/11/2022 07:50,NA,NA,NA,NA,50.8612,-0.1194,anonymous,EN,1,1,19,Woman,1,5.777,218.189,219.15,70,2,6,0,0,1,0,0,0,0,1,0,0,0,1,3,0,4,7,0,4,3,0,2,1,0,0,0,0,5.778,218.189,219.15,70,77,19,Woman,3,2,0,0.5,3,5,0,0,1,0,4,0,0,1
302,277,05/11/2022 17:31,05/11/2022 17:35,0,100,277,1,05/11/2022 17:35,NA,NA,NA,NA,50.8612,-0.1194,anonymous,EN,1,1,19,Woman,1,13.974,243.01,244.192,47,8,6,1,1,0,0,2,1,1,1,3,2,2,0,7,1,0,1,5,3,4,7,0,2,0,1,1,0,13.974,243.01,244.192,47,896,18,Woman,5,4,4,0.5,3,5,0,0,3,0,2,0,1,0
303,277,01/10/2022 10:03,01/10/2022 10:07,0,100,277,1,01/10/2022 10:07,NA,NA,NA,NA,50.8429,-0.1158,anonymous,EN,1,1,20,Woman,1,32.808,244.801,245.856,30,2,2,0,0,0,0,0,0,0,0,0,0,0,0,1,0,0,1,4,2,5,1,6,1,1,0,1,0,32.808,244.902,245.855,30,705,19,Woman,4,4,0,0,2,0,0,0,1,3.46,4,3,0,0
304,278,13/10/2022 07:48,13/10/2022 07:52,0,100,278,1,13/10/2022 07:52,NA,NA,NA,NA,50.8612,-0.1194,anonymous,EN,1,1,18,Woman,1,28.354,244.85,246.338,31,3,7,0,0,0,0,0,0,0,0,0,0,0,0,1,0,1,1,1,2,1,0,0,4,1,0,0,0,28.358,244.85,246.338,31,97,18,Woman,4,3,1,2,5,3,2,0,1,0,5,0,3,1
305,278,13/10/2022 08:11,13/10/2022 08:16,0,100,278,1,13/10/2022 08:16,NA,NA,NA,NA,50.8429,-0.1158,anonymous,EN,1,1,19,Woman,1,14.179,257.708,259.001,30,6,9,3,4,0,8,0,5,0,2,0,2,1,4,1,6,8,7,3,4,8,5,6,9,0,0,7,0,14.178,257.707,259,30,NA,NA,NA,NA,NA,NA,NA,NA,NA,NA,NA,NA,NA,NA,NA,NA,NA
306,278,06/12/2022 12:29,06/12/2022 12:34,0,100,278,1,06/12/2022 12:34,NA,NA,NA,NA,51.5513,-0.4845,anonymous,EN,1,1,20,Woman,1,18.011,246.526,247.249,35,9,7,5,0,8,0,10,0,0,7,3,3,0,4,8,6,10,8,8,9,10,8,7,8,6,1,7,3,18.011,246.526,247.249,35,414,20,Woman,5,2,0,3.5,4,3,0,0,1,0,5,0,3,4
307,279,23/11/2022 13:15,23/11/2022 13:20,0,100,279,1,23/11/2022 13:20,NA,NA,NA,NA,50.8612,-0.1194,anonymous,EN,1,1,19,Woman,1,24.276,259.741,261.296,39,3,3,1,0,0,0,0,0,1,1,0,0,0,1,2,1,0,0,0,1,4,0,1,4,1,0,0,0,24.277,259.742,261.296,39,84,19,Woman,4,4,1,2,2,3,0,0,2,0,3,0,2,2
308,279,22/04/2022 06:09,22/04/2022 06:13,0,100,279,1,22/04/2022 06:13,NA,NA,NA,NA,51.4659,-0.2117,anonymous,EN,1,1,20,Man,1,0.638,252.8,253.901,78,5,4,1,0,3,4,1,1,0,1,0,0,0,5,4,1,0,0,4,3,6,2,1,4,1,0,0,0,0.638,252.8,253.901,78,NA,NA,NA,NA,NA,NA,NA,NA,NA,NA,NA,NA,NA,NA,NA,NA,NA
309,280,08/12/2022 10:08,08/12/2022 10:13,0,100,280,1,08/12/2022 10:13,NA,NA,NA,NA,51.4964,-0.1224,anonymous,EN,1,1,18,Man,1,3.877,256.893,258.002,64,2,2,0,0,1,1,8,0,5,4,8,3,0,1,6,1,1,2,5,7,1,10,5,3,8,1,0,1,3.876,256.893,258.001,64,350,18,Man,4,4,1,1,2,3,0,0,3,5,5,5,0,2
310,280,10/04/2022 15:56,10/04/2022 16:01,0,100,280,1,10/04/2022 16:01,NA,NA,NA,NA,51.39970398,-0.251495361,anonymous,EN,1,1,19,Woman,1,21.563,230.526,232.067,42,1,3,1,0,0,0,2,0,3,1,4,3,5,1,4,1,0,1,2,4,3,5,0,2,0,2,0,1,21.563,230.526,232.067,42,504,18,Woman,5,4,1,0.5,4,2,0,0,3,2,4,1,1,0
311,280,28/09/2022 04:21,28/09/2022 04:26,0,100,280,1,28/09/2022 04:26,NA,NA,NA,NA,50.8612,-0.1194,anonymous,EN,1,1,19,Woman,1,25.699,254.397,256.372,28,4,7,1,1,1,0,0,1,2,2,1,0,0,0,1,1,0,0,1,6,6,6,1,8,5,0,0,0,25.699,254.397,256.372,28,839,18,Woman,1,1,2,3,0,2,0,0,2,0,5,0,3,3
312,280,27/10/2022 08:28,27/10/2022 08:33,0,100,280,1,27/10/2022 08:33,NA,NA,NA,NA,50.8612,-0.1194,anonymous,EN,1,1,19,Woman,1,10.088,253.019,253.873,37,8,9,9,5,4,3,7,1,5,8,6,9,10,6,8,10,10,10,6,10,8,8,7,5,5,5,2,3,10.09,253.019,253.873,37,157,19,Woman,3,5,3,3.5,4,4,0,0,2,2.828427125,2,4,3,4
313,280,22/09/2022 12:56,22/09/2022 13:01,0,100,280,1,22/09/2022 13:01,NA,NA,NA,NA,50.8429,-0.1158,anonymous,EN,1,1,20,Woman,1,26.004,260.578,261.148,65,3,8,0,0,5,3,7,0,2,8,2,4,0,8,9,4,6,10,3,10,4,9,6,8,3,0,0,2,26.004,260.578,261.148,65,NA,NA,NA,NA,NA,NA,NA,NA,NA,NA,NA,NA,NA,NA,NA,NA,NA
314,282,10/10/2022 12:00,10/10/2022 12:05,0,100,282,1,10/10/2022 12:05,NA,NA,NA,NA,50.8429,-0.1158,anonymous,EN,1,1,18,Woman,1,39.055,243.492,244.616,34,4,7,2,1,0,2,5,0,5,6,7,6,8,7,9,8,6,9,4,9,7,8,5,8,4,1,3,1,39.055,243.492,244.616,34,104,18,Woman,5,2,0,0,5,2,0,0,0,2.236067977,5,1,0,0
315,282,25/09/2022 09:51,25/09/2022 09:56,0,100,282,1,25/09/2022 09:56,NA,NA,NA,NA,50.8429,-0.1158,anonymous,EN,1,1,20,Man,1,15.428,266.51,267.458,88,5,8,0,0,0,0,2,3,0,3,8,4,10,6,2,4,9,6,5,8,9,10,4,7,1,2,4,0,15.428,266.509,267.457,88,559,19,Man,4,4,0,4.5,5,4,0,0,2,0,0,5,5,4
316,283,06/10/2022 07:59,06/10/2022 08:04,0,100,283,1,06/10/2022 08:04,NA,NA,NA,NA,50.8612,-0.1194,anonymous,EN,1,1,18,Woman,1,14.902,259.432,260.812,31,3,5,0,0,0,0,0,0,6,0,1,0,0,7,9,7,7,0,3,8,0,0,0,3,3,0,0,0,14.904,259.432,260.811,31,88,18,Woman,5,1,5,0,3,0,0,0,0,0,0,5,0,0
317,283,03/11/2022 05:43,03/11/2022 05:48,0,100,283,1,03/11/2022 05:48,NA,NA,NA,NA,50.8612,-0.1194,anonymous,EN,1,1,19,Woman,1,39.271,262.919,263.883,32,4,7,1,1,3,4,0,5,2,5,0,1,1,7,4,5,6,7,4,6,5,6,6,3,4,6,6,1,39.27,262.918,263.882,32,142,19,Woman,4,3,0,2,2,4,0,0,4,3,3,3,1,3
318,283,20/04/2022 07:20,20/04/2022 07:25,0,100,283,1,20/04/2022 07:25,NA,NA,NA,NA,51.5834,-0.0755,anonymous,EN,1,1,20,Woman,1,27.687,233.804,235.058,30,0,3,0,0,1,1,0,0,1,1,0,0,0,4,3,3,0,0,2,4,1,0,2,2,2,0,0,0,27.689,233.804,235.058,30,NA,NA,NA,NA,NA,NA,NA,NA,NA,NA,NA,NA,NA,NA,NA,NA,NA
319,283,10/10/2022 06:44,10/10/2022 06:49,0,100,283,1,10/10/2022 06:49,NA,NA,NA,NA,50.8429,-0.1158,anonymous,EN,1,1,21,Woman,1,15.07,239.159,240.454,50,2,5,0,0,0,1,0,1,1,1,0,3,0,2,8,2,3,6,4,2,3,7,4,6,3,1,2,4,15.072,239.159,240.455,50,537,20,Woman,2,1,0,0.5,0,0,0,0,3,0,0,0,0,1
320,284,06/11/2022 16:48,06/11/2022 16:53,0,100,284,1,06/11/2022 16:53,NA,NA,NA,NA,51.6518,-0.1933,anonymous,EN,1,1,18,Woman,1,1.512,250.788,252.171,108,1,2,0,0,0,1,1,1,0,2,0,1,0,2,6,3,3,1,0,2,2,0,1,3,2,0,0,0,1.512,250.789,252.171,108,NA,NA,NA,NA,NA,NA,NA,NA,NA,NA,NA,NA,NA,NA,NA,NA,NA
321,284,29/11/2022 05:19,29/11/2022 05:24,0,100,284,1,29/11/2022 05:24,NA,NA,NA,NA,50.8612,-0.1194,anonymous,EN,1,NA,19,Other,1,6.835,245.677,246.512,72,1,3,0,0,0,0,0,0,3,1,0,1,1,0,3,3,2,0,3,4,6,1,3,5,2,0,0,4,6.838,245.677,246.511,72,250,19,Non-binary,5,1,0,0,0,0,0,0,3,0,5,0,0,0
322,285,31/10/2022 11:07,31/10/2022 11:11,0,100,285,1,31/10/2022 11:11,NA,NA,NA,NA,50.8612,-0.1194,anonymous,EN,1,1,18,Woman,1,26.305,212.643,213.606,60,4,6,1,1,3,1,1,1,2,4,3,6,3,5,7,3,7,5,5,8,7,6,2,3,2,4,8,7,26.307,212.643,213.606,60,334,18,Woman,4,3,1,2.5,4,3,0,0,3,1.414213562,2,1,2,3
323,285,01/10/2022 07:39,01/10/2022 07:44,0,100,285,1,01/10/2022 07:44,NA,NA,NA,NA,50.8612,-0.1194,anonymous,EN,1,1,19,Woman,1,7.717,256.741,257.801,91,3,4,1,2,6,1,0,0,0,2,1,1,1,3,3,2,4,5,3,2,9,3,2,2,2,2,4,0,7.718,256.741,257.801,91,68,19,Woman,4,1,1,1.5,1,1,0,0,1,0,0,5,1,2
324,285,24/10/2022 07:25,24/10/2022 07:30,0,100,285,1,24/10/2022 07:30,NA,NA,NA,NA,50.8612,-0.1194,anonymous,EN,1,1,20,Woman,1,41.287,262.387,262.969,36,2,3,1,0,1,1,0,0,0,0,0,0,0,1,0,0,2,1,3,1,1,1,0,1,0,1,0,0,41.288,262.387,262.969,36,571,19,Woman,3,2,0,0,3,1,0,0,3,0,0,5,0,0
325,286,13/11/2022 07:49,13/11/2022 07:54,0,100,286,1,13/11/2022 07:54,NA,NA,NA,NA,50.8612,-0.1194,anonymous,EN,1,1,18,Other,1,43.219,227.669,228.766,33,0,1,0,0,0,0,1,0,0,2,0,0,1,1,2,0,1,1,0,3,3,0,0,1,1,0,2,0,43.221,227.669,228.766,33,254,18,Non-binary,3,2,4,1,2,2,2,0,2,0,0,5,1,1
326,286,26/09/2022 13:01,26/09/2022 13:05,0,100,286,1,26/09/2022 13:05,NA,NA,NA,NA,50.8431,-1.064,anonymous,EN,1,1,19,Woman,1,27.035,248.818,255.182,34,4,6,1,1,5,1,0,1,0,4,0,0,0,5,6,4,1,1,3,6,1,3,3,6,4,2,2,1,27.036,248.817,255.181,34,679,18,Woman,4,3,1,2,3,3,0,0,1,0,0,4,2,2
327,286,24/10/2022 11:37,24/10/2022 11:42,0,100,286,1,24/10/2022 11:42,NA,NA,NA,NA,50.8345,-0.186,anonymous,EN,1,1,20,Woman,1,42.872,258.352,260.353,37,4,7,2,0,1,0,0,3,5,5,2,3,1,1,7,5,6,0,3,6,10,6,5,8,6,2,1,0,42.873,258.352,260.353,37,364,20,Woman,5,5,0,3,5,4,0,0,1,3,3,3,2,4
328,287,09/10/2022 18:27,09/10/2022 18:32,0,100,287,1,09/10/2022 18:32,NA,NA,NA,NA,51.3295,0.578,anonymous,EN,1,1,18,Woman,1,39.152,262.332,263.489,32,6,8,1,0,1,0,0,0,0,0,0,0,0,7,1,0,3,9,2,2,9,5,3,2,4,1,0,0,39.152,262.331,263.488,32,275,18,Woman,2,3,0,2,4,5,0,0,3,0,0,4,1,3
329,287,29/09/2022 09:59,29/09/2022 10:04,0,100,287,1,29/09/2022 10:04,NA,NA,NA,NA,50.8612,-0.1194,anonymous,EN,1,1,19,Woman,1,15.228,164.883,166.106,29,7,7,4,4,7,6,4,3,6,3,4,5,3,7,7,5,4,4,5,7,6,5,4,8,6,6,3,3,15.23,164.884,166.106,29,378,19,Non-binary,4,5,1,0,4,3,0,0,4,0,5,0,0,0
330,288,11/10/2022 12:26,11/10/2022 12:30,0,100,288,1,11/10/2022 12:30,NA,NA,NA,NA,50.8612,-0.1194,anonymous,EN,1,1,18,Woman,1,9.328,268.985,269.973,62,2,4,1,0,2,2,0,0,0,3,0,0,1,3,3,2,2,2,0,5,6,0,0,2,1,1,0,0,9.329,268.985,269.973,62,283,18,Woman,4,4,3,2,4,3,1,0,0,0,5,0,1,3
331,288,19/10/2022 11:51,19/10/2022 11:56,0,100,288,1,19/10/2022 11:56,NA,NA,NA,NA,50.8612,-0.1194,anonymous,EN,1,1,19,Man,1,25.368,223.664,254.731,37,1,4,0,0,1,0,0,0,1,2,0,0,0,4,6,1,6,3,0,1,7,1,3,6,1,2,0,0,25.369,223.664,254.734,37,313,19,Man,5,3,1,4,5,4,0,0,0,0,0,2,3,5
332,288,22/11/2022 05:58,22/11/2022 06:03,0,100,288,1,22/11/2022 06:03,NA,NA,NA,NA,51.4484,-1.0097,anonymous,EN,1,1,29,Woman,1,20.943,243.002,243.392,36,1,5,0,0,0,0,0,0,0,0,0,1,1,1,2,0,1,2,2,3,6,3,0,2,0,0,3,1,20.944,243.003,243.392,36,775,28,Woman,4,3,2,0,5,3,0,0,0,0,0,0,0,0
333,289,01/10/2022 18:05,01/10/2022 18:10,0,100,289,1,01/10/2022 18:10,NA,NA,NA,NA,50.8612,-0.1194,anonymous,EN,1,1,19,Woman,1,16.074,261.351,262.203,50,7,6,5,0,0,0,6,0,1,0,8,9,9,10,7,8,7,8,3,10,8,10,2,3,1,1,1,10,16.074,261.352,262.203,50,602,18,Woman,3,2,3,0,5,1,0,0,0,0,0,0,0,0
334,289,01/12/2022 09:16,01/12/2022 09:21,0,100,289,1,01/12/2022 09:21,NA,NA,NA,NA,51.2687,0.5783,anonymous,EN,1,1,20,Woman,1,11.988,257.115,258.478,36,0,1,1,0,0,0,0,0,0,0,0,1,0,0,1,1,1,1,0,2,2,1,1,1,0,0,1,0,11.989,257.115,258.477,36,696,19,Woman,4,3,2,4,4,4,0,0,1,0,1,0,4,4
335,290,16/10/2022 08:00,16/10/2022 08:05,0,100,290,1,16/10/2022 08:05,NA,NA,NA,NA,50.8612,-0.1194,anonymous,EN,1,1,19,Woman,1,35.465,197.852,199.058,38,3,6,0,0,1,0,0,0,1,0,0,0,0,1,1,0,1,0,0,1,3,0,2,4,1,0,0,0,35.466,197.853,199.058,38,790,18,Woman,5,5,0,1,4,4,0,0,1,0,0,3,1,1
336,290,09/12/2022 14:00,09/12/2022 14:05,0,100,290,1,09/12/2022 14:05,NA,NA,NA,NA,50.8612,-0.1194,anonymous,EN,1,1,19,Woman,1,11.393,260.592,261.401,48,7,4,1,0,4,3,1,0,1,8,2,8,5,2,5,6,5,6,3,5,4,6,3,5,5,1,7,6,11.395,260.591,261.401,48,NA,NA,NA,NA,NA,NA,NA,NA,NA,NA,NA,NA,NA,NA,NA,NA,NA
337,290,22/10/2022 10:28,22/10/2022 10:33,0,100,290,1,22/10/2022 10:33,NA,NA,NA,NA,50.8345,-0.186,anonymous,EN,1,1,20,Woman,1,41.274,254.622,256.344,29,1,2,0,0,0,0,0,0,0,0,0,1,0,2,2,1,2,5,4,2,0,2,3,0,0,0,0,0,41.275,254.622,256.344,29,515,19,Woman,2,3,0,5,3,0,0,0,0,5,5,5,5,5
338,290,27/09/2022 04:43,27/09/2022 04:48,0,100,290,1,27/09/2022 04:48,NA,NA,NA,NA,50.8612,-0.1194,anonymous,EN,1,1,20,Woman,1,42.05,266.448,268.174,36,2,3,1,1,1,0,0,0,0,1,0,0,0,0,1,1,0,1,0,1,2,0,1,1,0,0,0,0,42.052,266.448,268.174,36,NA,NA,NA,NA,NA,NA,NA,NA,NA,NA,NA,NA,NA,NA,NA,NA,NA
339,290,09/04/2022 05:29,09/04/2022 05:34,0,100,290,1,09/04/2022 05:34,NA,NA,NA,NA,50.82530212,-0.371902466,anonymous,EN,1,1,21,Woman,1,38.175,248.255,249.239,60,0,3,0,0,1,3,0,0,0,0,0,2,1,3,1,1,3,4,1,6,7,1,1,1,1,0,6,0,38.175,248.254,249.238,60,NA,NA,NA,NA,NA,NA,NA,NA,NA,NA,NA,NA,NA,NA,NA,NA,NA
340,291,19/10/2022 07:51,19/10/2022 07:56,0,100,291,1,19/10/2022 07:56,NA,NA,NA,NA,50.8612,-0.1194,anonymous,EN,1,1,19,Man,1,36.839,265.352,268.233,29,1,4,4,1,0,2,0,0,1,2,1,0,0,1,3,3,1,1,3,3,0,1,2,4,3,1,0,1,36.844,265.351,268.232,29,NA,NA,NA,NA,NA,NA,NA,NA,NA,NA,NA,NA,NA,NA,NA,NA,NA
341,291,07/10/2022 03:58,07/10/2022 04:03,0,100,291,1,07/10/2022 04:03,NA,NA,NA,NA,50.8612,-0.1194,anonymous,EN,1,1,20,Woman,1,28.157,275.183,275.959,35,4,6,3,1,2,1,1,2,4,0,0,1,0,2,6,1,5,6,1,8,7,0,1,7,3,0,0,0,28.159,275.183,275.959,35,641,19,Woman,5,5,3,4.5,5,4,3,0,0,0,0,0,5,4
342,292,06/11/2022 14:15,06/11/2022 14:20,0,100,292,1,06/11/2022 14:20,NA,NA,NA,NA,51.4781,-0.0279,anonymous,EN,1,1,18,Woman,1,8.531,228.116,228.139,76,4,4,1,2,3,0,1,0,0,0,2,4,2,5,2,1,4,1,1,1,7,3,7,1,1,0,1,0,8.532,228.117,228.139,76,NA,NA,NA,NA,NA,NA,NA,NA,NA,NA,NA,NA,NA,NA,NA,NA,NA
343,292,02/10/2022 10:20,02/10/2022 10:25,0,100,292,1,02/10/2022 10:25,NA,NA,NA,NA,50.8429,-0.1158,anonymous,EN,1,1,19,Man,1,21.932,269.865,270.851,36,6,0,3,1,1,3,3,0,1,3,1,3,2,5,1,2,9,4,2,8,3,2,0,3,6,3,1,3,21.933,269.865,270.852,36,765,18,Man,3,3,1,0,4,3,0,0,2,0,2,0,0,0
344,292,29/04/2022 06:52,29/04/2022 06:57,0,100,292,1,29/04/2022 06:57,NA,NA,NA,NA,18.056,-77.5316,anonymous,EN,1,1,19,Woman,1,6.913,256.677,257.977,57,1,6,1,1,0,0,2,7,8,9,3,3,2,8,9,1,9,9,8,5,9,1,1,3,5,1,10,0,6.913,256.676,257.976,57,NA,NA,NA,NA,NA,NA,NA,NA,NA,NA,NA,NA,NA,NA,NA,NA,NA
345,292,12/04/2022 09:01,12/04/2022 09:06,0,100,292,1,12/04/2022 09:06,NA,NA,NA,NA,51.76460266,-0.570907593,anonymous,EN,1,1,21,Woman,1,45.276,253.665,254.791,28,1,3,0,0,0,0,0,0,1,2,0,0,0,2,2,2,3,3,5,3,0,0,2,4,1,0,0,0,45.277,253.665,254.791,28,470,20,Woman,1,3,2,0.5,3,2,0,0,1,0,4,0,1,0
346,292,26/09/2022 08:44,26/09/2022 08:49,0,100,292,1,26/09/2022 08:49,NA,NA,NA,NA,50.8612,-0.1194,anonymous,EN,1,1,24,Woman,1,13.129,188.765,189.645,35,7,6,1,1,0,0,1,0,1,0,1,3,1,6,6,1,1,2,2,6,10,9,8,1,0,0,0,6,13.13,188.765,189.645,35,NA,NA,NA,NA,NA,NA,NA,NA,NA,NA,NA,NA,NA,NA,NA,NA,NA
347,293,12/11/2022 13:45,12/11/2022 13:50,0,100,293,1,12/11/2022 13:50,NA,NA,NA,NA,54.6836,25.299,anonymous,EN,1,1,21,Woman,1,34.665,267.798,268.573,36,5,7,1,1,1,3,2,0,0,2,0,5,6,5,8,2,6,4,1,1,2,2,2,8,4,1,0,0,34.665,267.797,268.572,36,547,20,Woman,5,3,3,5,2,4,1,0,3,0,5,0,5,5
348,294,08/12/2022 20:22,08/12/2022 20:27,0,100,294,1,08/12/2022 20:27,NA,NA,NA,NA,50.8612,-0.1194,anonymous,EN,1,1,19,Woman,1,1.408,259.443,260.406,58,6,6,8,1,2,3,8,0,2,8,5,8,9,9,4,8,10,8,9,9,4,8,8,6,5,6,8,8,1.407,259.443,260.405,58,826,18,Woman,5,2,1,1,3,0,0,0,0,0,0,0,1,1
349,294,05/11/2022 13:08,05/11/2022 13:13,0,100,294,1,05/11/2022 13:13,NA,NA,NA,NA,50.8345,-0.186,anonymous,EN,1,1,21,Woman,1,7.494,252.079,252.605,53,4,6,1,0,0,0,1,0,0,1,3,2,1,1,5,1,1,6,2,3,8,4,1,2,1,0,0,1,7.496,252.079,252.604,53,NA,NA,NA,NA,NA,NA,NA,NA,NA,NA,NA,NA,NA,NA,NA,NA,NA
350,295,27/04/2022 14:26,27/04/2022 14:31,0,100,295,1,27/04/2022 14:31,NA,NA,NA,NA,50.8612,-0.1194,anonymous,EN,1,1,20,Other,1,5.767,265.815,269.711,47,8,9,2,1,1,0,9,5,7,2,9,9,10,3,10,8,10,4,10,9,0,10,3,10,3,3,8,10,5.766,265.814,269.71,47,NA,NA,NA,NA,NA,NA,NA,NA,NA,NA,NA,NA,NA,NA,NA,NA,NA
351,297,06/11/2022 04:26,06/11/2022 04:31,0,100,297,1,06/11/2022 04:31,NA,NA,NA,NA,50.8612,-0.1194,anonymous,EN,1,1,18,Woman,1,33.465,265.692,266.951,41,3,6,2,0,1,1,0,0,1,1,1,1,0,2,4,1,0,2,3,6,1,2,2,4,3,2,0,0,33.465,265.692,266.951,41,374,18,Woman,5,3,0,1.5,4,3,0,0,3,0,0,3,0,3
352,298,08/12/2022 09:14,08/12/2022 09:19,0,100,298,1,08/12/2022 09:19,NA,NA,NA,NA,50.8612,-0.1194,anonymous,EN,1,1,18,Man,1,31.551,258.311,259.303,29,0,2,0,0,0,0,0,0,0,1,0,0,0,1,0,0,0,0,1,1,0,0,1,0,0,0,0,0,31.552,258.31,259.302,29,NA,NA,NA,NA,NA,NA,NA,NA,NA,NA,NA,NA,NA,NA,NA,NA,NA
353,298,19/04/2022 12:06,19/04/2022 12:11,0,100,298,1,19/04/2022 12:11,NA,NA,NA,NA,51.3379,-0.4808,anonymous,EN,1,1,19,Woman,1,40.009,273.99,275.297,42,2,5,4,0,2,3,0,0,1,1,0,0,0,3,3,3,3,5,3,4,4,5,2,1,1,1,0,0,40.01,273.989,275.296,42,843,19,Woman,5,4,0,0,3,3,0,0,0,0,0,4,0,0
354,298,21/09/2022 09:02,21/09/2022 09:07,0,100,298,1,21/09/2022 09:07,NA,NA,NA,NA,50.8429,-0.1158,anonymous,EN,1,1,20,Woman,1,38.61,272.744,273.9,29,1,8,0,0,0,0,0,0,0,4,0,1,0,1,4,3,1,0,1,6,8,0,4,6,1,0,1,0,38.611,272.744,273.9,29,648,19,Woman,3,5,0,3,0,1,0,0,1,2.83,4,2,3,3
355,299,07/11/2022 08:12,07/11/2022 08:17,0,100,299,1,07/11/2022 08:17,NA,NA,NA,NA,50.8612,-0.1194,anonymous,EN,1,1,19,Man,1,4.976,274.929,276.651,57,7,6,7,0,1,0,8,1,1,4,7,0,3,7,8,3,9,6,5,2,9,8,9,7,2,1,8,1,4.976,274.929,276.651,57,NA,NA,NA,NA,NA,NA,NA,NA,NA,NA,NA,NA,NA,NA,NA,NA,NA
356,299,30/09/2022 11:28,30/09/2022 11:33,0,100,299,1,30/09/2022 11:33,NA,NA,NA,NA,50.8429,-0.1158,anonymous,EN,1,1,44,Woman,1,31.277,270.255,274.006,33,3,4,0,0,0,2,0,0,0,0,0,2,0,5,1,2,0,1,8,0,9,1,1,0,0,0,1,0,31.279,270.256,274.006,33,156,44,Woman,5,4,5,1.5,5,5,2,0,0,0,0,5,1,2
357,300,30/11/2022 15:06,30/11/2022 15:11,0,100,300,1,30/11/2022 15:11,NA,NA,NA,NA,50.8612,-0.1194,anonymous,EN,1,1,19,Man,1,15.101,267.602,268.56,46,1,2,0,0,0,1,0,0,0,0,0,1,0,1,2,1,1,0,1,1,1,1,5,0,1,0,0,0,15.103,267.602,268.56,46,NA,NA,NA,NA,NA,NA,NA,NA,NA,NA,NA,NA,NA,NA,NA,NA,NA
358,300,01/10/2022 10:29,01/10/2022 10:34,0,100,300,1,01/10/2022 10:34,NA,NA,NA,NA,50.8429,-0.1158,anonymous,EN,1,1,19,Woman,1,45.464,263.657,264.653,29,1,2,0,0,0,0,0,0,0,0,0,0,0,1,0,0,0,1,1,1,2,0,0,0,0,0,0,0,45.466,263.657,264.653,29,746,18,Woman,5,4,2,2,3,4,3,0,2,0,0,5,1,3
359,301,06/11/2022 14:02,06/11/2022 14:07,0,100,301,1,06/11/2022 14:07,NA,NA,NA,NA,50.8612,-0.1194,anonymous,EN,1,1,19,Woman,1,2.127,269.861,270.598,62,2,6,0,0,1,1,1,0,0,2,1,3,1,7,7,3,5,5,8,4,5,6,4,3,1,3,5,4,2.127,269.861,270.598,62,71,19,Woman,4,5,1,1,2,3,0,0,1,0,4,0,1,1
360,301,29/09/2022 17:45,29/09/2022 17:50,0,100,301,1,29/09/2022 17:50,NA,NA,NA,NA,50.8612,-0.1194,anonymous,EN,1,1,20,Woman,1,3.077,278.937,280.834,78,6,8,2,0,1,0,0,0,0,2,0,3,3,3,2,3,6,6,7,7,6,6,7,3,2,1,0,0,3.077,278.938,280.834,78,262,20,Woman,4,2,0,2.5,3,5,5,0,0,0,5,0,3,2
361,302,07/12/2022 10:50,07/12/2022 10:55,0,100,302,1,07/12/2022 10:55,NA,NA,NA,NA,50.8612,-0.1194,anonymous,EN,1,1,21,Man,1,22.624,259.841,260.512,84,3,7,0,0,0,0,7,0,2,1,0,0,3,0,3,3,2,8,2,1,6,10,5,1,2,4,10,1,22.625,259.841,260.512,84,273,20,Man,4,0,3,1.5,1,3,5,0,0,0,0,3,0,3
362,303,29/09/2022 09:10,29/09/2022 09:15,0,100,303,1,29/09/2022 09:15,NA,NA,NA,NA,50.8612,-0.1194,anonymous,EN,1,1,18,Woman,1,25.293,212.71,214.577,31,1,2,0,0,0,0,0,0,0,0,0,0,0,0,0,1,0,0,2,0,2,5,0,3,0,0,0,0,25.295,212.709,214.576,31,133,18,Woman,5,5,0,1,5,2,0,0,0,0,4,0,1,1
363,304,25/04/2022 05:40,25/04/2022 05:45,0,100,304,1,25/04/2022 05:45,NA,NA,NA,NA,50.8612,-0.1194,anonymous,EN,1,1,18,Woman,1,29.603,247.972,249.911,33,1,3,0,0,0,0,1,0,0,0,1,0,0,0,3,0,0,0,0,2,1,0,0,0,0,0,1,0,29.608,247.973,249.911,33,461,18,Woman,3,2,3,1.5,3,4,0,0,0,0,0,0,1,2
364,304,25/04/2022 15:51,25/04/2022 15:56,0,100,304,1,25/04/2022 15:56,NA,NA,NA,NA,47.0042,28.8574,anonymous,EN,1,1,19,Woman,1,41.113,253.382,255.692,30,0,5,2,0,1,0,0,0,0,0,0,1,1,0,4,2,3,2,4,6,5,1,4,6,1,0,3,0,41.115,253.382,255.692,30,861,19,Woman,3,0,0,1,2,1,0,0,1,0,2,0,2,0
365,304,29/04/2022 05:06,29/04/2022 05:11,0,100,304,1,29/04/2022 05:11,NA,NA,NA,NA,48.8323,2.4075,anonymous,EN,1,1,19,Woman,1,39.461,281.734,282.649,37,6,8,0,0,1,0,3,0,0,3,8,6,0,8,8,1,6,10,6,7,1,5,5,8,1,0,10,0,39.461,281.734,282.649,37,NA,NA,NA,NA,NA,NA,NA,NA,NA,NA,NA,NA,NA,NA,NA,NA,NA
366,304,25/10/2022 04:31,25/10/2022 04:36,0,100,304,1,25/10/2022 04:36,NA,NA,NA,NA,50.8612,-0.1194,anonymous,EN,1,1,19,Woman,1,13.392,257.719,258.701,35,8,3,3,0,0,0,1,0,1,0,1,1,1,1,1,1,2,3,2,7,1,2,1,1,0,0,5,0,13.394,257.719,258.7,35,190,19,Woman,5,4,3,1.5,3,3,1,0,3,0,4,0,2,1
367,305,24/10/2022 11:10,24/10/2022 11:15,0,100,305,1,24/10/2022 11:15,NA,NA,NA,NA,50.8612,-0.1194,anonymous,EN,1,1,18,Woman,1,28.97,279.238,280.997,33,3,8,0,0,1,0,7,1,2,3,4,3,5,3,5,6,2,2,0,4,4,8,3,6,1,1,2,4,28.971,279.239,280.997,33,181,18,Woman,4,3,1,0,3,2,2,0,1,0,5,0,0,0
368,305,02/10/2022 13:35,02/10/2022 13:40,0,100,305,1,02/10/2022 13:40,NA,NA,NA,NA,50.8612,-0.1194,anonymous,EN,1,1,18,Woman,1,0.694,284.575,285.488,63,5,6,3,1,1,2,3,1,0,4,2,2,2,2,5,3,3,1,4,4,7,7,7,4,3,0,1,2,0.695,284.575,285.488,63,330,18,Woman,3,3,1,1.5,3,4,0,0,1,0,0,0,2,1
369,305,25/04/2022 08:41,25/04/2022 08:46,0,100,305,1,25/04/2022 08:46,NA,NA,NA,NA,51.456,-0.0611,anonymous,EN,1,1,18,Woman,1,13.981,276.235,277.538,34,6,7,0,0,1,0,0,1,2,2,3,0,0,0,6,2,0,2,1,7,0,5,1,4,0,1,1,0,13.983,276.236,277.538,34,NA,NA,NA,NA,NA,NA,NA,NA,NA,NA,NA,NA,NA,NA,NA,NA,NA
370,305,18/04/2022 09:01,18/04/2022 09:06,0,100,305,1,18/04/2022 09:06,NA,NA,NA,NA,51.3214,-0.5915,anonymous,EN,1,1,19,Woman,1,29.163,265.579,266.401,45,6,7,8,1,3,0,0,2,4,4,5,8,3,10,7,9,2,9,10,5,4,6,6,9,0,0,3,0,29.163,265.578,266.4,45,493,18,Woman,3,5,1,1,2,0,0,0,3,2,4,1,0,2
371,306,26/09/2022 08:31,26/09/2022 08:37,0,100,306,1,26/09/2022 08:37,NA,NA,NA,NA,50.8345,-0.186,anonymous,EN,1,1,19,Other,1,14.001,287.355,288.779,79,4,8,6,1,5,0,3,0,5,6,4,6,6,5,7,6,6,6,3,8,9,4,6,6,4,1,3,6,14.003,287.355,288.779,79,475,18,Non-binary,5,4,2,3,3,2,0,0,1,0,5,0,2,4
372,307,03/12/2022 10:32,03/12/2022 10:37,0,100,307,1,03/12/2022 10:37,NA,NA,NA,NA,50.8612,-0.1194,anonymous,EN,1,1,19,Woman,1,156.074,292.329,293.145,53,1,2,0,0,1,0,1,0,3,0,1,0,0,0,0,0,3,0,2,3,4,0,1,0,0,1,0,0,156.075,292.329,293.145,53,361,19,Woman,4,3,3,2,5,4,0,0,1,0,5,0,0,4
373,307,09/10/2022 12:58,09/10/2022 13:03,0,100,307,1,09/10/2022 13:03,NA,NA,NA,NA,50.8429,-0.1158,anonymous,EN,1,1,19,Other,1,1.117,158.247,159.265,74,7,7,7,4,1,0,3,1,1,1,4,7,5,0,8,7,7,5,3,6,0,5,0,6,4,0,0,1,1.12,158.068,159.265,74,707,18,Non-binary,2,3,2,2.5,1,1,0,0,0,0,4,0,2,3
374,307,08/12/2022 05:25,08/12/2022 05:30,0,100,307,1,08/12/2022 05:30,NA,NA,NA,NA,50.8345,-0.186,anonymous,EN,1,1,20,Prefer not to say,1,0.941,279.989,282.318,88,7,7,5,1,0,0,5,0,8,6,6,4,1,8,5,3,1,1,1,7,6,1,8,6,6,2,8,3,0.941,279.989,282.317,88,NA,NA,NA,NA,NA,NA,NA,NA,NA,NA,NA,NA,NA,NA,NA,NA,NA
375,307,29/04/2022 05:41,29/04/2022 05:46,0,100,307,1,29/04/2022 05:46,NA,NA,NA,NA,51.3667,-0.0167,anonymous,EN,1,1,21,Woman,1,10.789,270.69,272.055,51,1,5,1,2,3,0,2,0,7,2,2,2,1,2,2,3,2,2,6,7,4,4,4,4,5,0,1,2,10.79,270.691,272.055,51,NA,NA,NA,NA,NA,NA,NA,NA,NA,NA,NA,NA,NA,NA,NA,NA,NA
376,308,28/04/2022 05:54,28/04/2022 05:59,0,100,308,1,28/04/2022 05:59,NA,NA,NA,NA,50.8612,-0.1194,anonymous,EN,1,1,20,Man,1,30.048,228.303,229.798,50,3,5,1,4,0,0,0,0,0,0,0,9,5,0,0,0,7,6,0,1,1,0,0,0,0,0,0,0,30.052,228.302,229.797,50,NA,NA,NA,NA,NA,NA,NA,NA,NA,NA,NA,NA,NA,NA,NA,NA,NA
377,309,03/10/2022 12:26,03/10/2022 12:31,0,100,309,1,03/10/2022 12:31,NA,NA,NA,NA,50.8612,-0.1194,anonymous,EN,1,1,18,Other,1,24.45,281.779,282.67,29,9,9,6,1,0,4,8,7,9,1,10,10,9,0,6,5,9,9,8,10,3,7,0,2,0,0,7,9,24.45,281.779,282.67,29,379,18,Non-binary,0,5,0,0,1,2,0,0,2,2.236067977,5,1,0,0
378,309,19/10/2022 11:16,19/10/2022 11:21,0,100,309,1,19/10/2022 11:21,NA,NA,NA,NA,50.8429,-0.1158,anonymous,EN,1,1,19,Woman,1,1.106,249.146,252.155,78,4,10,1,0,6,0,0,0,3,0,2,6,0,6,4,6,5,8,10,10,10,4,8,2,3,4,0,5,1.106,249.147,252.155,78,NA,NA,NA,NA,NA,NA,NA,NA,NA,NA,NA,NA,NA,NA,NA,NA,NA
379,310,17/04/2022 08:34,17/04/2022 08:39,0,100,310,1,17/04/2022 08:39,NA,NA,NA,NA,-20.1608,57.4994,anonymous,EN,1,1,20,Man,1,9.765,270.999,273.8,51,0,8,0,0,0,0,0,0,0,1,0,5,0,0,3,0,0,3,0,1,0,0,5,1,0,0,0,2,9.765,270.999,273.8,51,517,20,Man,5,2,0,1.5,3,1,3,0,0,0,0,5,3,0
380,310,26/09/2022 10:27,26/09/2022 10:33,0,100,310,1,26/09/2022 10:33,NA,NA,NA,NA,51.3603,-0.6815,anonymous,EN,1,1,27,Woman,1,14.359,281.66,283,30,2,3,1,0,1,0,1,0,0,0,1,0,2,3,1,1,0,1,3,1,7,3,4,2,0,0,0,0,14.359,281.66,283.002,30,123,27,Woman,4,4,0,1,3,2,0,0,3,0,0,3,0,2
381,311,16/04/2022 22:03,16/04/2022 22:08,0,100,311,1,16/04/2022 22:08,NA,NA,NA,NA,51.2476,-0.7672,anonymous,EN,1,1,18,Woman,1,30.994,287.948,288.878,35,0,6,3,1,3,1,0,1,1,3,0,0,0,6,9,9,6,8,6,8,10,6,5,7,6,4,8,2,30.993,287.947,288.878,35,NA,NA,NA,NA,NA,NA,NA,NA,NA,NA,NA,NA,NA,NA,NA,NA,NA
382,311,19/10/2022 13:52,19/10/2022 13:57,0,100,311,1,19/10/2022 13:57,NA,NA,NA,NA,50.8612,-0.1194,anonymous,EN,1,1,18,Woman,1,28.366,279.011,279.95,79,2,7,1,1,1,0,1,0,0,2,0,0,0,0,3,1,2,1,2,3,6,4,3,4,4,1,0,0,28.367,279.011,279.95,79,344,18,Woman,4,4,1,3,3,2,0,0,2,0,0,5,1,5
383,311,03/11/2022 09:32,03/11/2022 09:37,0,100,311,1,03/11/2022 09:37,NA,NA,NA,NA,50.8612,-0.1194,anonymous,EN,1,1,19,Man,1,2.727,287.275,288.003,36,0,3,1,0,0,3,0,0,2,7,0,0,0,2,1,2,4,3,4,4,0,8,7,1,4,1,0,0,2.727,287.275,288.003,36,345,19,Man,2,3,0,0,4,5,0,0,3,0,5,0,0,0
384,311,08/10/2022 12:44,08/10/2022 12:49,0,100,311,1,08/10/2022 12:49,NA,NA,NA,NA,50.8345,-0.186,anonymous,EN,1,1,19,Woman,1,25.067,258.407,259.686,32,5,9,1,1,3,4,9,2,2,1,3,6,2,3,8,2,7,3,3,7,8,5,4,8,2,2,10,2,25.067,258.407,259.686,32,899,18,Woman,4,4,1,0,4,2,0,0,1,0,5,0,0,0
385,311,09/04/2022 04:55,09/04/2022 05:00,0,100,311,1,09/04/2022 05:00,NA,NA,NA,NA,51.043396,-1.727905273,anonymous,EN,1,1,21,Woman,1,22.552,286.333,287.085,42,5,4,1,0,1,0,1,0,4,0,2,2,1,2,2,0,2,6,1,2,4,8,4,3,2,4,1,0,22.554,286.334,287.085,42,532,20,Woman,3,4,1,1.5,5,2,0,0,2,0,0,1,1,2
386,311,25/10/2022 03:22,25/10/2022 03:27,0,100,311,1,25/10/2022 03:27,NA,NA,NA,NA,50.9583,-0.1342,anonymous,EN,1,1,23,Woman,1,80.993,265.61,266.698,30,2,3,1,0,0,0,0,0,0,1,1,2,0,6,5,1,1,1,0,3,1,4,2,3,2,0,1,1,80.993,265.61,266.698,30,906,22,Woman,4,3,1,4,1,3,0,0,4,0,5,0,4,4
387,311,25/10/2022 03:22,25/10/2022 03:27,0,100,311,1,25/10/2022 03:27,NA,NA,NA,NA,50.9583,-0.1342,anonymous,EN,1,1,23,Woman,1,80.993,265.61,266.698,30,2,3,1,0,0,0,0,0,0,1,1,2,0,6,5,1,1,1,0,3,1,4,2,3,2,0,1,1,80.993,265.61,266.698,30,427,23,Woman,4,1,0,4.5,3,2,0,0,1,0,1,0,4,5
388,312,02/12/2022 05:53,02/12/2022 05:58,0,100,312,1,02/12/2022 05:58,NA,NA,NA,NA,50.8612,-0.1194,anonymous,EN,1,1,18,Man,1,43.407,280.985,281.784,32,2,5,1,0,0,0,0,1,1,1,0,0,0,3,1,1,3,2,7,3,1,1,2,0,1,0,2,0,43.407,280.985,281.784,32,302,18,Man,1,1,2,0,0,0,0,0,1,1.732050808,3,1,0,0
389,312,05/12/2022 12:41,05/12/2022 12:46,0,100,312,1,05/12/2022 12:46,NA,NA,NA,NA,50.8612,-0.1194,anonymous,EN,1,1,19,Woman,1,50.177,282.171,283.193,34,2,5,1,0,1,0,0,0,2,0,1,0,1,3,1,1,2,5,1,1,0,5,1,3,1,0,2,0,50.178,282.171,283.193,34,112,19,Woman,3,5,2,2.5,5,4,0,0,0,0,2,0,2,3
390,312,15/11/2022 09:55,15/11/2022 10:00,0,100,312,1,15/11/2022 10:00,NA,NA,NA,NA,50.8612,-0.1194,anonymous,EN,1,1,21,Woman,1,33.75,286.747,287.97,68,8,10,9,6,1,2,0,2,6,8,1,0,0,6,8,1,6,7,2,9,7,2,5,10,8,3,0,2,33.752,286.747,287.97,68,NA,NA,NA,NA,NA,NA,NA,NA,NA,NA,NA,NA,NA,NA,NA,NA,NA
391,313,28/04/2022 15:21,28/04/2022 15:26,0,100,313,1,28/04/2022 15:26,NA,NA,NA,NA,51.5888,-0.0247,anonymous,EN,1,1,20,Woman,1,26.182,239.877,242.101,45,2,7,2,0,4,3,3,7,8,2,6,5,5,6,7,3,2,2,0,2,10,3,5,5,7,2,0,7,26.182,239.877,242.1,45,877,19,Woman,3,3,1,0,2,3,0,0,2,0,2,0,0,0
392,313,25/04/2022 09:22,25/04/2022 09:27,0,100,313,1,25/04/2022 09:27,NA,NA,NA,NA,51.1593,-2.16,anonymous,EN,1,1,22,Woman,1,0.247,288.374,289.404,43,2,8,1,0,0,0,0,0,3,0,6,3,2,8,3,3,2,6,8,7,6,8,8,9,3,1,3,3,0.247,288.374,289.404,43,NA,NA,NA,NA,NA,NA,NA,NA,NA,NA,NA,NA,NA,NA,NA,NA,NA
393,314,21/10/2022 03:43,21/10/2022 03:49,0,100,314,1,21/10/2022 03:49,NA,NA,NA,NA,50.8612,-0.1194,anonymous,EN,1,1,19,Man,1,8.341,215.058,215.641,71,6,9,7,1,8,0,3,0,10,8,10,8,8,9,10,7,7,9,6,10,10,9,3,10,8,7,1,10,8.341,215.058,215.64,71,255,19,Man,5,4,3,1.5,5,5,0,0,3,0,5,0,1,2
394,314,09/11/2022 04:05,09/11/2022 04:10,0,100,314,1,09/11/2022 04:10,NA,NA,NA,NA,50.8612,-0.1194,anonymous,EN,1,1,20,Woman,1,39.407,275.029,276.623,33,5,6,0,0,1,1,0,0,2,1,0,3,1,3,4,2,6,6,4,5,3,5,3,4,4,1,4,0,39.407,275.028,276.724,33,267,20,Woman,0,0,1,0,0,0,0,0,0,0,5,0,0,0
395,314,15/04/2022 04:07,15/04/2022 04:12,0,100,314,1,15/04/2022 04:12,NA,NA,NA,NA,50.8326,-0.0764,anonymous,EN,1,1,22,Prefer not to say,1,38.109,252.994,254.046,41,2,9,0,0,1,0,0,0,4,2,0,1,0,1,2,1,6,3,6,1,2,3,2,2,0,1,1,0,38.109,252.994,254.046,41,NA,NA,NA,NA,NA,NA,NA,NA,NA,NA,NA,NA,NA,NA,NA,NA,NA
396,315,15/11/2022 11:16,15/11/2022 11:21,0,100,315,1,15/11/2022 11:21,NA,NA,NA,NA,50.8612,-0.1194,anonymous,EN,1,1,19,Man,1,7.204,281.857,284.602,38,4,8,3,0,2,3,0,0,0,0,5,3,2,0,7,2,0,0,1,5,3,9,8,7,1,0,4,6,7.107,281.858,284.602,38,435,19,Man,4,3,0,1,3,2,0,0,1,0,2,0,1,1
397,315,11/04/2022 08:27,11/04/2022 08:32,0,100,315,1,11/04/2022 08:32,NA,NA,NA,NA,51.47459412,-0.092407227,anonymous,EN,1,1,19,Woman,1,32.052,295.211,296.134,34,0,3,2,1,0,1,0,0,1,2,2,0,0,2,6,3,4,1,2,2,1,2,2,1,0,0,0,0,32.053,295.211,296.134,34,884,18,Woman,2,2,4,4.5,1,4,0,0,1,0,5,0,5,4
398,316,04/10/2022 05:37,04/10/2022 05:43,0,100,316,1,04/10/2022 05:43,NA,NA,NA,NA,50.8612,-0.1194,anonymous,EN,1,1,19,Man,1,19.482,289.151,289.949,34,1,1,0,0,0,0,0,0,1,1,2,0,0,3,1,1,3,1,0,1,2,4,3,6,2,1,2,2,19.483,289.151,289.949,34,NA,NA,NA,NA,NA,NA,NA,NA,NA,NA,NA,NA,NA,NA,NA,NA,NA
399,316,01/10/2022 10:27,01/10/2022 10:33,0,100,316,1,01/10/2022 10:33,NA,NA,NA,NA,50.8612,-0.1194,anonymous,EN,1,1,19,Woman,1,0.368,296.071,299.47,166,5,3,2,0,3,1,0,0,1,2,2,1,2,4,3,5,8,7,8,6,10,3,5,5,2,0,0,1,0.368,296.071,299.47,166,799,18,Woman,5,4,5,4,3,4,1,0,1,3.16,5,2,3,5
400,316,15/10/2022 18:39,15/10/2022 18:44,0,100,316,1,15/10/2022 18:44,NA,NA,NA,NA,50.8007,-1.0806,anonymous,EN,1,1,19,Woman,1,8.691,279.099,279.86,74,6,4,2,1,1,0,6,0,0,1,5,4,2,6,4,1,5,3,3,4,5,6,6,6,1,1,6,2,8.692,279.099,279.735,74,18,19,Woman,4,3,2,1.5,4,4,0,0,2,5,5,5,1,2
401,316,18/11/2022 13:14,18/11/2022 13:19,0,100,316,1,18/11/2022 13:19,NA,NA,NA,NA,50.8612,-0.1194,anonymous,EN,1,1,19,Woman,1,91.1,287.307,288.625,43,7,3,2,1,3,1,0,0,1,2,0,1,0,0,3,3,4,2,3,3,0,1,5,3,2,1,0,0,91.103,287.307,288.625,43,722,18,Woman,4,3,1,1.5,4,4,0,0,2,4.47,4,5,1,2
402,317,27/09/2022 06:34,27/09/2022 06:40,0,100,317,1,27/09/2022 06:40,NA,NA,NA,NA,50.8612,-0.1194,anonymous,EN,1,1,19,Woman,1,28.621,255.272,256.332,31,1,2,0,0,1,0,0,0,1,0,0,1,0,1,2,0,0,1,0,2,9,3,1,1,0,2,0,1,28.622,255.272,256.332,31,327,19,Woman,5,4,0,0,5,3,0,0,0,0,5,0,0,0
403,317,17/10/2022 06:19,17/10/2022 06:24,0,100,317,1,17/10/2022 06:24,NA,NA,NA,NA,51.5597,-0.0528,anonymous,EN,1,1,19,Woman,1,1.426,237.53,238.504,51,2,6,0,0,0,0,1,0,0,0,0,1,0,0,1,0,2,3,0,0,3,3,2,0,0,0,0,0,1.426,237.53,238.503,51,634,18,Woman,4,5,3,5,5,3,0,0,3,0,0,0,5,5
404,317,27/09/2022 15:12,27/09/2022 15:17,0,100,317,1,27/09/2022 15:17,NA,NA,NA,NA,50.8612,-0.1194,anonymous,EN,1,1,20,Woman,1,23.097,280.586,281.49,97,1,6,1,0,0,0,0,0,1,1,4,0,0,1,2,1,0,1,6,4,8,4,1,1,2,1,4,0,23.098,280.586,281.49,97,135,20,Woman,2,2,0,0.5,1,1,0,0,1,2,1,4,0,1
405,317,28/09/2022 05:29,28/09/2022 05:34,0,100,317,1,28/09/2022 05:34,NA,NA,NA,NA,50.8612,-0.1194,anonymous,EN,1,1,20,Woman,1,35.525,276.958,279.284,40,6,8,1,0,1,0,0,0,2,1,1,0,0,3,9,6,3,7,4,3,8,2,1,7,1,2,0,0,35.523,276.956,279.282,40,108,20,Woman,3,4,0,0,3,1,0,0,0,0,0,0,0,0
406,318,02/10/2022 07:50,02/10/2022 07:55,0,100,318,1,02/10/2022 07:55,NA,NA,NA,NA,50.8612,-0.1194,anonymous,EN,1,1,18,Woman,1,23.422,250.643,252.689,34,7,5,2,0,3,0,0,0,1,1,2,0,2,0,3,3,4,0,0,2,1,3,3,3,1,0,0,0,23.424,250.643,252.689,34,57,18,Woman,4,3,0,1.5,4,2,1,0,4,0,3,0,2,1
407,318,05/11/2022 18:04,05/11/2022 18:09,0,100,318,1,05/11/2022 18:09,NA,NA,NA,NA,51.418,-0.1752,anonymous,EN,1,1,19,Woman,1,9.721,285.893,286.752,77,7,4,1,0,1,0,0,0,1,3,1,1,0,0,4,0,8,1,9,6,0,8,1,2,4,4,7,0,9.722,285.893,286.752,77,35,19,Woman,4,4,1,0.5,4,5,0,0,0,0,0,0,0,1
408,319,28/04/2022 16:34,28/04/2022 16:39,0,100,319,1,28/04/2022 16:39,NA,NA,NA,NA,51.5245,-0.1567,anonymous,EN,1,1,19,Man,1,1.468,300.931,302.326,93,1,3,1,0,1,0,0,0,0,0,0,1,0,1,2,0,6,2,10,0,8,3,2,1,1,0,0,0,1.468,300.932,302.326,93,498,18,Man,1,2,0,2.5,0,1,0,0,1,0,5,0,2,3
409,319,27/04/2022 04:25,27/04/2022 04:30,0,100,319,1,27/04/2022 04:30,NA,NA,NA,NA,50.8345,-0.186,anonymous,EN,1,1,19,Woman,1,8.855,250.063,250.548,42,6,8,2,2,3,0,1,0,8,8,5,3,4,6,1,3,1,10,7,10,5,8,5,8,7,7,3,5,8.856,250.063,250.548,42,NA,NA,NA,NA,NA,NA,NA,NA,NA,NA,NA,NA,NA,NA,NA,NA,NA
410,320,04/10/2022 07:48,04/10/2022 07:53,0,100,320,1,04/10/2022 07:53,NA,NA,NA,NA,51.5128,-0.0638,anonymous,EN,1,1,20,Woman,1,8.219,297.135,298.089,69,4,6,2,0,4,1,0,1,1,4,1,4,0,1,5,1,3,2,1,4,1,1,5,6,3,6,0,0,8.219,297.135,298.089,69,NA,NA,NA,NA,NA,NA,NA,NA,NA,NA,NA,NA,NA,NA,NA,NA,NA
411,321,13/10/2022 07:38,13/10/2022 07:43,0,100,321,1,13/10/2022 07:43,NA,NA,NA,NA,50.8612,-0.1194,anonymous,EN,1,1,20,Woman,1,8.179,277.452,278.358,64,9,9,8,1,8,3,8,3,0,5,6,9,8,9,9,9,9,10,2,10,10,10,8,9,7,8,9,7,8.18,277.452,278.359,64,726,19,Woman,4,4,3,1.5,4,4,0,0,2,0,1,0,2,1
412,322,09/01/2023 11:40,09/01/2023 11:45,0,100,322,1,09/01/2023 11:45,NA,NA,NA,NA,50.8612,-0.1194,anonymous,EN,1,1,19,Woman,1,30.577,296.845,297.79,34,1,3,0,0,1,0,0,0,2,2,1,0,0,4,3,1,0,1,2,1,7,8,5,2,0,0,5,0,30.578,296.846,297.79,34,NA,NA,NA,NA,NA,NA,NA,NA,NA,NA,NA,NA,NA,NA,NA,NA,NA
413,322,08/10/2022 17:11,08/10/2022 17:16,0,100,322,1,08/10/2022 17:16,NA,NA,NA,NA,50.8612,-0.1194,anonymous,EN,1,1,19,Woman,1,35.727,262.635,266.122,31,2,2,1,0,0,0,0,0,0,2,1,2,1,0,1,0,2,1,1,3,1,2,2,3,2,3,3,2,35.728,262.635,266.122,31,75,19,Woman,2,3,2,2.5,3,3,0,0,4,2.449489743,2,3,2,3
414,322,25/11/2022 15:25,25/11/2022 15:30,0,100,322,1,25/11/2022 15:30,NA,NA,NA,NA,51.5268,-0.187,anonymous,EN,1,1,20,Woman,1,19.86,197.66,199.284,36,0,4,0,0,0,1,0,0,0,0,1,1,1,1,1,1,8,1,0,7,0,0,0,6,1,1,0,0,19.86,197.66,199.284,36,802,18,Woman,4,4,0,0,4,1,0,0,0,0,0,0,0,0
415,323,04/10/2022 09:02,04/10/2022 09:07,0,100,323,1,04/10/2022 09:07,NA,NA,NA,NA,50.8612,-0.1194,anonymous,EN,1,1,18,Woman,1,25.344,296.159,297.6,31,5,6,3,0,8,1,0,1,3,8,3,3,3,4,9,3,10,10,4,8,7,9,1,7,4,3,8,0,25.344,296.159,297.601,31,274,18,Woman,4,4,1,1.5,3,3,0,0,3,2,2,2,2,1
416,324,08/11/2022 09:57,08/11/2022 10:02,0,100,324,1,08/11/2022 10:02,NA,NA,NA,NA,51.5512,0.7034,anonymous,EN,1,1,19,Woman,1,75.466,297.391,298.601,36,3,3,0,2,2,1,0,1,2,3,2,3,0,1,2,2,8,6,1,8,7,5,4,3,3,4,1,1,75.466,297.391,298.601,36,NA,NA,NA,NA,NA,NA,NA,NA,NA,NA,NA,NA,NA,NA,NA,NA,NA
417,324,21/11/2022 06:48,21/11/2022 06:53,0,100,324,1,21/11/2022 06:53,NA,NA,NA,NA,50.8612,-0.1194,anonymous,EN,1,1,19,Woman,1,20.173,267.63,270.884,53,5,6,3,2,1,4,4,0,2,3,4,1,2,3,5,3,6,5,5,4,5,5,4,6,4,2,1,1,20.172,267.629,270.883,53,549,18,Woman,4,5,1,0,4,3,0,0,1,0,0,4,0,0
418,324,06/12/2022 09:33,06/12/2022 09:39,0,100,324,1,06/12/2022 09:39,NA,NA,NA,NA,50.8612,-0.1194,anonymous,EN,1,1,20,Man,1,35.699,295.041,296.072,36,1,3,0,0,0,1,1,0,0,1,2,1,0,1,3,2,2,0,1,2,5,2,3,2,1,1,0,0,35.699,295.041,296.072,36,NA,NA,NA,NA,NA,NA,NA,NA,NA,NA,NA,NA,NA,NA,NA,NA,NA
419,326,01/10/2022 10:38,01/10/2022 10:44,0,100,326,1,01/10/2022 10:44,NA,NA,NA,NA,51.0595,0.2588,anonymous,EN,1,1,18,Woman,1,4.132,263.134,263.88,60,4,5,0,0,0,0,1,0,7,1,3,6,1,0,3,4,7,7,6,6,0,0,2,1,0,0,0,7,4.133,263.134,263.88,60,100,18,Woman,3,4,0,0.5,2,3,0,0,1,0,5,0,0,1
420,326,08/12/2022 14:45,08/12/2022 14:51,0,100,326,1,08/12/2022 14:51,NA,NA,NA,NA,51.4863,-0.101,anonymous,EN,1,1,18,Woman,1,24.015,294.995,296.103,34,8,10,4,1,5,3,3,0,7,4,1,7,1,2,9,6,8,10,1,10,2,8,8,9,9,3,9,2,24.016,294.995,296.103,34,396,18,Woman,3,5,1,3.5,3,1,0,1,3,1.414213562,2,1,3,4
421,326,22/04/2022 10:36,22/04/2022 10:42,0,100,326,1,22/04/2022 10:42,NA,NA,NA,NA,51.1167,-0.0167,anonymous,EN,1,1,20,Woman,1,38.099,302.689,303.479,38,1,3,0,0,0,0,0,0,0,0,0,0,0,4,0,1,1,0,5,1,3,2,2,1,0,0,0,0,38.1,302.689,303.48,38,NA,NA,NA,NA,NA,NA,NA,NA,NA,NA,NA,NA,NA,NA,NA,NA,NA
422,327,02/10/2022 12:12,02/10/2022 12:17,0,100,327,1,02/10/2022 12:17,NA,NA,NA,NA,50.8612,-0.1194,anonymous,EN,1,1,18,Woman,1,15.591,221.741,222.502,39,2,7,1,0,0,2,3,0,0,4,0,2,1,7,6,6,5,7,7,7,4,0,2,6,1,1,3,0,15.594,221.742,222.502,39,248,18,Woman,3,3,4,5,5,2,0,0,4,1.732050808,3,1,5,5
423,327,08/12/2022 10:19,08/12/2022 10:24,0,100,327,1,08/12/2022 10:24,NA,NA,NA,NA,50.8612,-0.1194,anonymous,EN,1,1,18,Woman,1,28.181,272.848,273.912,40,8,0,0,0,3,3,0,0,2,1,3,6,2,3,2,4,5,2,7,4,9,7,6,4,1,3,4,2,28.183,272.848,273.912,40,723,18,Woman,4,4,0,3,3,1,0,0,4,0,0,0,3,3
424,328,09/11/2022 08:06,09/11/2022 08:12,0,100,328,1,09/11/2022 08:12,NA,NA,NA,NA,51.4964,-0.1224,anonymous,EN,1,1,18,Woman,1,43.883,271.929,272.803,42,3,6,1,0,2,1,0,0,2,1,0,0,1,5,4,1,5,3,0,3,1,5,9,3,2,1,3,2,43.888,271.929,272.803,42,738,18,Woman,4,4,0,0,2,1,0,0,5,0,3,0,0,0
425,328,20/04/2022 16:33,20/04/2022 16:38,0,100,328,1,20/04/2022 16:38,NA,NA,NA,NA,51.5095,-0.0955,anonymous,EN,1,1,19,Man,1,1.959,293.754,296.737,97,1,5,0,1,1,2,3,0,0,1,0,3,1,1,2,1,0,1,2,4,2,1,1,2,2,3,0,0,1.957,293.751,296.735,97,758,18,Man,3,4,0,0,1,0,0,0,1,0,0,1,0,0
426,328,29/11/2022 07:02,29/11/2022 07:07,0,100,328,1,29/11/2022 07:07,NA,NA,NA,NA,51.4647,-0.0509,anonymous,EN,1,1,19,Woman,1,21.908,253.992,255.242,31,1,9,6,3,2,0,0,6,6,8,3,0,1,6,9,7,6,3,8,8,7,6,2,5,3,4,4,2,21.909,253.992,255.242,31,460,18,Woman,4,3,1,0.5,4,2,0,0,2,0,5,0,0,1
427,328,18/10/2022 10:26,18/10/2022 10:32,0,100,328,1,18/10/2022 10:32,NA,NA,NA,NA,50.8612,-0.1194,anonymous,EN,1,1,21,Woman,1,43.005,303.726,304.747,33,4,7,2,0,0,0,4,0,0,3,0,5,5,7,8,8,4,4,5,3,3,4,8,10,6,0,2,0,43.007,303.726,304.748,33,NA,NA,NA,NA,NA,NA,NA,NA,NA,NA,NA,NA,NA,NA,NA,NA,NA
428,329,06/11/2022 11:14,06/11/2022 11:20,0,100,329,1,06/11/2022 11:20,NA,NA,NA,NA,51.5708,-0.1033,anonymous,EN,1,1,18,Woman,1,11.69,273.768,273.701,68,1,3,0,0,1,0,0,0,0,2,0,0,0,3,2,3,3,2,0,1,4,1,1,1,0,1,0,0,11.692,273.768,273.701,68,204,18,Woman,4,5,2,1.5,4,4,2,0,2,0,0,1,1,2
429,329,27/10/2022 13:42,27/10/2022 13:47,0,100,329,1,27/10/2022 13:47,NA,NA,NA,NA,50.8612,-0.1194,anonymous,EN,1,1,18,Woman,1,42.188,295.523,297.037,45,7,3,3,0,1,1,0,0,4,1,1,2,1,2,2,0,1,1,2,1,1,1,2,2,2,1,2,1,42.191,295.523,297.037,45,158,18,Woman,4,4,2,0,3,4,0,0,1,2,1,4,0,0
430,329,08/12/2022 15:53,08/12/2022 15:58,0,100,329,1,08/12/2022 15:58,NA,NA,NA,NA,51.4719,-0.1616,anonymous,EN,1,1,19,Woman,1,27.3,297.463,298.879,44,0,7,3,1,6,3,4,5,3,3,2,6,3,2,3,4,6,6,2,3,7,5,4,5,5,5,7,2,27.3,297.464,298.879,44,829,18,Woman,4,5,1,1.5,2,4,0,0,3,0,0,0,0,3
431,330,14/10/2022 15:37,14/10/2022 15:43,0,100,330,1,14/10/2022 15:43,NA,NA,NA,NA,51.1147,-0.184,anonymous,EN,1,1,19,Woman,1,37.487,309.967,310.779,38,0,3,0,0,1,0,1,1,1,2,1,3,3,1,2,2,4,3,1,4,7,2,0,5,4,1,0,0,37.489,309.967,310.779,38,813,18,Woman,3,4,4,2,4,3,0,0,1,3,3,3,2,2
432,330,27/10/2022 04:24,27/10/2022 04:30,0,100,330,1,27/10/2022 04:30,NA,NA,NA,NA,50.8612,-0.1194,anonymous,EN,1,1,19,Woman,1,37.167,289.795,290.977,30,2,1,0,1,0,0,0,0,0,1,1,1,0,1,1,0,0,1,0,1,0,0,1,0,0,0,0,0,37.171,289.795,290.977,30,411,19,Woman,5,4,1,1.5,3,4,0,0,4,1.732050808,3,1,1,2
433,330,02/10/2022 05:46,02/10/2022 05:51,0,100,330,1,02/10/2022 05:51,NA,NA,NA,NA,50.8612,-0.1194,anonymous,EN,1,1,19,Woman,1,46.982,305.864,306.916,34,4,6,2,1,4,3,0,0,0,2,3,0,4,5,4,2,2,0,3,5,6,2,1,1,0,0,0,0,46.983,305.864,306.916,34,472,18,Woman,2,3,1,1.5,4,3,0,0,2,0,0,3,1,2
434,330,28/10/2022 05:14,28/10/2022 05:19,0,100,330,1,28/10/2022 05:19,NA,NA,NA,NA,50.8612,-0.1194,anonymous,EN,1,1,22,Woman,1,33.835,302.496,303.421,43,8,8,1,1,0,3,3,0,5,1,9,6,6,10,5,3,6,2,0,1,10,4,0,1,1,0,0,6,33.835,302.496,303.421,43,718,21,Woman,4,2,1,0,3,3,0,0,1,0,5,0,0,0
435,331,01/10/2022 10:37,01/10/2022 10:42,0,100,331,1,01/10/2022 10:42,NA,NA,NA,NA,50.8612,-0.1194,anonymous,EN,1,1,18,Woman,1,2.894,291.018,293.848,60,1,8,0,0,3,3,6,0,0,3,0,5,3,4,8,4,1,2,0,3,4,7,0,6,5,0,0,0,2.894,291.017,293.847,60,336,18,Woman,4,5,0,3.5,0,2,0,0,0,0,0,0,4,3
436,332,08/04/2022 10:20,08/04/2022 10:26,0,100,332,1,08/04/2022 10:26,NA,NA,NA,NA,50.8612,-0.1194,anonymous,EN,1,1,20,Man,1,36.045,286.572,287.78,31,0,1,0,0,0,0,0,0,0,0,0,0,0,0,1,0,8,7,2,0,9,8,3,0,0,0,0,0,36.046,286.572,287.78,31,784,19,Man,5,3,2,3.5,1,3,2,0,0,3,3,3,4,3
437,332,08/04/2022 07:10,08/04/2022 07:15,0,100,332,1,08/04/2022 07:15,NA,NA,NA,NA,51.5064,-0.02,anonymous,EN,1,1,20,Woman,1,35.114,251.879,253.493,32,6,8,1,0,1,1,4,3,6,1,5,3,3,4,3,3,1,1,1,1,8,6,5,1,0,0,1,0,35.116,251.879,253.494,32,518,19,Woman,2,5,4,2.5,4,1,0,0,4,2.24,5,1,1,4
438,333,23/10/2022 11:25,23/10/2022 11:30,0,100,333,1,23/10/2022 11:30,NA,NA,NA,NA,50.8612,-0.1194,anonymous,EN,1,1,18,Woman,1,11.287,245.665,246.699,62,1,6,0,0,0,0,0,0,0,1,1,5,0,4,7,1,1,4,1,9,9,3,4,5,1,1,2,0,11.289,245.665,246.699,62,222,18,Woman,5,5,2,2.5,2,1,4,0,3,3.16227766,5,2,0,5
439,333,08/12/2022 17:02,08/12/2022 17:08,0,100,333,1,08/12/2022 17:08,NA,NA,NA,NA,50.8612,-0.1194,anonymous,EN,1,1,19,Woman,1,28.956,298.25,300.105,35,4,5,0,0,1,0,0,0,0,0,0,0,0,1,2,1,1,6,1,3,4,0,0,2,1,0,0,0,28.958,298.251,300.101,35,362,18,Woman,2,3,0,0.5,1,3,0,0,2,3.464101615,3,4,1,0
440,333,08/10/2022 10:07,08/10/2022 10:12,0,100,333,1,08/10/2022 10:12,NA,NA,NA,NA,50.8429,-0.1158,anonymous,EN,1,1,20,Woman,1,25.505,287.532,288.85,35,3,4,1,0,0,0,0,0,3,0,1,1,0,1,1,1,3,2,1,3,2,8,6,0,0,0,0,0,25.505,287.531,288.849,35,447,19,Woman,4,3,1,0,3,3,1,0,1,0,3,0,0,0
441,334,30/11/2022 09:23,30/11/2022 09:29,0,100,334,1,30/11/2022 09:29,NA,NA,NA,NA,50.8612,-0.1194,anonymous,EN,1,1,20,Woman,1,36.822,285.723,286.934,44,3,4,2,3,1,0,0,0,0,1,1,0,0,2,3,3,2,2,2,1,1,3,2,2,1,2,0,1,36.824,285.723,286.934,44,865,19,Woman,3,3,1,2,3,2,0,0,1,1.73,3,1,2,2
442,335,08/12/2022 16:08,08/12/2022 16:14,0,100,335,1,08/12/2022 16:14,NA,NA,NA,NA,50.8612,-0.1194,anonymous,EN,1,1,18,Man,1,38.107,312.808,313.531,39,4,7,2,0,0,1,0,0,1,0,1,1,0,0,1,0,0,0,2,2,1,2,2,0,0,0,0,0,38.109,312.808,313.532,39,NA,NA,NA,NA,NA,NA,NA,NA,NA,NA,NA,NA,NA,NA,NA,NA,NA
443,336,07/12/2022 08:07,07/12/2022 08:13,0,100,336,1,07/12/2022 08:13,NA,NA,NA,NA,55.9552,-3.2,anonymous,EN,1,1,19,Woman,1,8.001,295.964,296.731,98,2,9,0,0,1,1,0,0,7,5,0,1,0,3,2,1,4,2,2,2,2,1,3,5,2,0,0,0,8,295.963,296.73,98,712,18,Woman,4,3,0,0.5,4,2,0,0,0,0,5,0,1,0
444,336,05/12/2022 10:46,05/12/2022 10:52,0,100,336,1,05/12/2022 10:52,NA,NA,NA,NA,50.8612,-0.1194,anonymous,EN,1,1,20,Woman,1,14.693,292.604,295.285,32,1,4,1,0,0,0,3,0,2,4,6,8,6,0,2,4,1,0,2,5,1,3,6,1,1,0,1,6,14.695,292.604,295.285,32,597,18,Woman,2,1,1,3.5,3,2,0,0,0,0,3,0,4,3
445,336,07/10/2022 17:05,07/10/2022 17:11,0,100,336,1,07/10/2022 17:11,NA,NA,NA,NA,50.8612,-0.1194,anonymous,EN,1,1,20,Woman,1,26.79,312.503,313.583,33,1,6,1,1,2,1,1,0,2,1,6,6,6,1,4,1,1,2,5,2,2,6,2,5,3,2,2,1,26.792,312.503,313.583,33,149,20,Woman,3,1,2,1,4,2,0,0,0,2,2,2,1,1
446,337,25/04/2022 14:18,25/04/2022 14:24,0,100,337,1,25/04/2022 14:24,NA,NA,NA,NA,50.8612,-0.1194,anonymous,EN,1,1,20,Man,1,2.696,274.689,275.079,81,1,3,0,1,0,0,0,0,0,1,0,0,0,1,1,0,2,1,1,1,1,3,2,1,1,0,0,1,2.695,274.688,275.078,81,NA,NA,NA,NA,NA,NA,NA,NA,NA,NA,NA,NA,NA,NA,NA,NA,NA
447,338,10/10/2022 05:53,10/10/2022 05:59,0,100,338,1,10/10/2022 05:59,NA,NA,NA,NA,50.8612,-0.1194,anonymous,EN,1,1,18,Woman,1,25.657,310.707,312.759,33,0,1,0,0,0,0,0,0,0,1,0,3,1,1,2,1,0,1,2,0,2,0,1,1,0,0,2,0,25.658,310.707,312.759,33,NA,NA,NA,NA,NA,NA,NA,NA,NA,NA,NA,NA,NA,NA,NA,NA,NA
448,338,22/10/2022 13:50,22/10/2022 13:55,0,100,338,1,22/10/2022 13:55,NA,NA,NA,NA,50.8612,-0.1194,anonymous,EN,1,1,18,Woman,1,4.46,292.262,303.201,33,3,3,0,0,0,0,0,0,0,1,0,0,0,1,0,0,2,0,1,0,0,0,0,0,0,0,0,0,4.46,292.261,303.201,33,109,18,Woman,4,4,1,2.5,5,2,0,0,2,1.732050808,3,1,3,2
449,338,08/12/2022 13:12,08/12/2022 13:18,0,100,338,1,08/12/2022 13:18,NA,NA,NA,NA,50.8612,-0.1194,anonymous,EN,1,1,18,Woman,1,23,300.784,302.496,31,4,7,1,0,3,2,1,0,2,0,0,6,0,8,6,1,4,4,7,6,1,7,2,8,7,2,0,0,22.901,300.783,302.495,31,412,18,Woman,4,3,5,2.5,4,5,0,0,5,0,0,0,3,2
450,338,16/04/2022 10:54,16/04/2022 11:00,0,100,338,1,16/04/2022 11:00,NA,NA,NA,NA,52.5062,-1.9425,anonymous,EN,1,1,19,Woman,1,33.927,287.059,289.749,36,1,4,0,0,1,0,0,0,1,1,1,0,0,1,2,1,4,2,0,2,6,5,2,2,1,0,0,0,33.93,287.059,289.749,36,NA,NA,NA,NA,NA,NA,NA,NA,NA,NA,NA,NA,NA,NA,NA,NA,NA
451,338,24/10/2022 06:27,24/10/2022 06:32,0,100,338,1,24/10/2022 06:32,NA,NA,NA,NA,50.8612,-0.1194,anonymous,EN,1,1,19,Woman,1,42.441,299.736,300.904,35,1,6,0,1,0,0,0,2,1,3,1,1,1,1,8,6,7,1,3,6,0,1,5,8,6,1,0,0,42.442,299.736,300.904,35,48,19,Woman,2,1,4,4,1,3,0,0,0,0,1,0,4,4
452,338,09/12/2022 04:53,09/12/2022 04:59,0,100,338,1,09/12/2022 04:59,NA,NA,NA,NA,50.8612,-0.1194,anonymous,EN,1,1,24,Woman,1,19.574,305.258,306.997,41,1,8,0,0,0,1,1,0,4,3,0,2,1,3,1,1,3,1,2,4,0,2,7,4,1,0,1,2,19.576,305.259,306.997,41,908,23,Woman,5,2,0,0.5,5,0,0,0,0,0,5,0,1,0
453,339,15/04/2022 06:32,15/04/2022 06:37,0,100,339,1,15/04/2022 06:37,NA,NA,NA,NA,50.8326,-0.0764,anonymous,EN,1,1,19,Woman,1,22.328,298.17,303.123,35,1,8,2,0,0,0,0,0,1,0,0,3,0,5,3,1,2,3,1,2,4,6,3,6,2,0,0,3,22.328,298.17,303.122,35,850,19,Woman,2,1,3,0,3,3,0,0,3,0,0,2,0,0
454,340,29/09/2022 10:10,29/09/2022 10:15,0,100,340,1,29/09/2022 10:16,NA,NA,NA,NA,50.8612,-0.1194,anonymous,EN,1,1,18,Woman,1,43.203,319.47,320.348,31,8,9,5,2,3,4,7,4,8,5,8,10,7,2,8,5,7,8,9,8,9,7,7,9,8,4,3,6,43.202,319.469,320.347,31,400,18,Woman,4,5,1,0,5,4,2,0,3,0,5,0,0,0
455,340,29/11/2022 04:26,29/11/2022 04:31,0,100,340,1,29/11/2022 04:31,NA,NA,NA,NA,50.8345,-0.186,anonymous,EN,1,1,19,Woman,1,29.66,317.661,319.046,31,7,6,1,1,4,1,0,3,2,7,5,3,3,4,6,6,6,7,6,9,9,7,7,7,7,7,9,1,29.66,317.661,319.046,31,834,18,Woman,5,4,0,2.5,4,4,0,0,2,0,0,0,1,4
456,340,05/10/2022 06:32,05/10/2022 06:38,0,100,340,1,05/10/2022 06:38,NA,NA,NA,NA,51.3873,-0.1596,anonymous,EN,1,NA,24,Woman,1,42.475,319.887,321.179,34,1,8,0,0,3,1,0,3,7,1,2,4,2,4,6,4,1,0,3,4,10,7,7,4,2,0,0,4,42.478,319.888,321.179,34,195,24,Woman,2,4,3,1.5,1,3,0,0,1,0,5,0,2,1
457,341,07/12/2022 10:55,07/12/2022 11:01,0,100,341,1,07/12/2022 11:01,NA,NA,NA,NA,50.8612,-0.1194,anonymous,EN,1,1,18,Woman,1,53.461,315.889,317.556,46,7,8,1,1,2,1,0,2,1,2,4,3,2,3,5,0,1,2,5,6,6,2,3,2,1,0,0,2,53.462,315.889,317.555,46,202,18,Woman,4,2,0,0.5,5,2,0,0,2,0,0,1,1,0
458,341,02/10/2022 11:46,02/10/2022 11:52,0,100,341,1,02/10/2022 11:52,NA,NA,NA,NA,50.7912,-0.0054,anonymous,EN,1,1,20,Woman,1,1.354,320.909,322.174,72,4,6,0,0,0,0,1,0,1,2,1,0,2,1,2,0,1,1,1,3,3,3,4,3,1,0,0,0,1.354,320.909,322.174,72,753,19,Woman,1,1,2,0,1,0,0,0,0,0,1,0,0,0
459,341,11/04/2022 03:10,11/04/2022 03:16,0,100,341,1,11/04/2022 03:16,NA,NA,NA,NA,51.14489746,0.322494507,anonymous,EN,1,1,20,Woman,1,3.787,293.799,294.891,76,6,6,2,1,1,0,3,0,2,2,0,3,5,5,6,1,0,0,0,3,5,7,0,1,2,0,0,0,3.787,293.798,294.89,76,792,20,Woman,2,2,0,1,2,0,0,0,3,0,0,0,0,2
460,342,04/10/2022 06:08,04/10/2022 06:13,0,100,342,1,04/10/2022 06:13,NA,NA,NA,NA,50.8612,-0.1194,anonymous,EN,1,1,18,Man,1,22.787,245.557,247.485,43,1,4,0,0,0,0,0,0,1,0,0,5,2,3,6,1,8,1,1,1,9,1,3,3,1,0,1,0,22.787,245.557,247.485,43,402,18,Man,3,3,3,1.5,2,3,1,0,1,2,1,4,2,1
461,342,08/12/2022 04:44,08/12/2022 04:49,0,100,342,1,08/12/2022 04:49,NA,NA,NA,NA,51.5042,-0.2199,anonymous,EN,1,1,21,Man,1,7.964,290.39,294.991,37,8,10,1,0,0,0,0,0,3,8,0,6,2,8,10,8,8,10,9,10,0,9,8,10,5,1,10,10,7.963,290.39,294.99,37,55,21,Man,1,2,0,4,1,1,0,0,2,0,0,0,4,4
462,343,18/04/2022 04:22,18/04/2022 04:28,0,100,343,1,18/04/2022 04:28,NA,NA,NA,NA,53.4353,-2.3892,anonymous,EN,1,1,20,Woman,1,16.014,319.376,320.609,65,7,4,1,0,0,1,0,0,2,4,1,5,0,0,1,1,6,6,0,3,1,3,3,2,0,0,0,0,16.014,319.376,320.609,65,693,19,Woman,3,4,1,0,5,3,0,0,3,2,4,1,0,0
463,344,17/10/2022 08:51,17/10/2022 08:56,0,100,344,1,17/10/2022 08:56,NA,NA,NA,NA,50.82,-1.0664,anonymous,EN,1,1,19,Woman,1,16.336,322.747,323.65,38,6,7,2,2,5,3,2,4,5,3,4,3,2,7,4,4,6,5,4,5,8,4,3,4,5,4,4,3,16.335,322.746,323.649,38,793,18,Woman,5,4,2,2.5,4,3,2,0,1,3,3,3,2,3
464,344,03/10/2022 10:57,03/10/2022 11:03,0,100,344,1,03/10/2022 11:03,NA,NA,NA,NA,50.8612,-0.1194,anonymous,EN,1,1,21,Woman,1,24.021,304.619,307.312,38,5,8,1,1,4,1,2,0,1,2,6,6,6,2,2,5,5,6,7,4,8,4,5,7,5,4,2,2,24.024,304.619,307.312,38,851,20,Woman,4,4,0,0,2,1,0,0,2,0,5,0,0,0
465,345,02/12/2022 07:50,02/12/2022 07:56,0,100,345,1,02/12/2022 07:56,NA,NA,NA,NA,50.8612,-0.1194,anonymous,EN,1,1,NA,Man,1,13.958,297.301,298.505,29,4,7,6,1,3,6,9,6,7,2,8,10,1,3,5,4,4,7,8,7,0,5,10,7,4,4,8,9,13.958,297.3,298.504,29,117,18,Man,2,0,0,3,3,2,0,0,0,0,1,0,4,2
466,347,14/10/2022 05:14,14/10/2022 05:20,0,100,347,1,14/10/2022 05:20,NA,NA,NA,NA,50.8612,-0.1194,anonymous,EN,1,1,20,Woman,1,44.551,314.492,315.594,30,0,10,0,0,0,0,7,0,0,6,8,8,7,10,8,10,10,10,9,10,10,10,10,10,3,2,10,4,44.552,314.492,315.594,30,NA,NA,NA,NA,NA,NA,NA,NA,NA,NA,NA,NA,NA,NA,NA,NA,NA
467,347,25/04/2022 04:17,25/04/2022 04:23,0,100,347,1,25/04/2022 04:23,NA,NA,NA,NA,50.8612,-0.1194,anonymous,EN,1,1,20,Woman,1,13.252,291.748,293.188,58,6,6,1,0,1,2,0,0,2,2,0,1,0,3,2,3,5,3,5,4,4,2,3,1,2,0,0,1,13.242,291.738,293.178,58,NA,NA,NA,NA,NA,NA,NA,NA,NA,NA,NA,NA,NA,NA,NA,NA,NA
468,348,12/10/2022 12:23,12/10/2022 12:28,0,100,348,1,12/10/2022 12:28,NA,NA,NA,NA,50.8612,-0.1194,anonymous,EN,1,1,19,Man,1,39.201,306.898,308.13,50,7,8,7,5,1,7,1,0,8,9,9,7,9,6,10,2,9,1,2,5,1,3,1,7,7,1,5,1,39.202,306.898,308.13,50,298,19,Man,3,1,0,1.5,1,3,1,0,0,0,0,5,2,1
469,348,09/12/2022 07:15,09/12/2022 07:20,0,100,348,1,09/12/2022 07:20,NA,NA,NA,NA,50.8612,-0.1194,anonymous,EN,1,1,19,Woman,1,49.694,318.196,324.675,29,2,10,5,3,1,0,0,2,5,6,1,10,0,3,8,5,1,8,1,5,10,8,6,9,1,0,3,5,49.696,318.196,324.676,29,570,18,Woman,5,5,0,3,4,1,0,0,3,2,4,1,3,3
470,349,28/09/2022 06:07,28/09/2022 06:13,0,100,349,1,28/09/2022 06:13,NA,NA,NA,NA,50.8612,-0.1194,anonymous,EN,1,1,57,Woman,1,15.733,317.03,317.982,55,3,8,0,0,0,0,2,0,0,0,0,0,1,1,1,0,8,0,5,2,0,7,1,3,0,0,0,0,15.733,317.03,317.982,55,566,56,Woman,3,1,0,0,0,0,0,0,0,0,0,0,0,0
471,350,04/10/2022 04:18,04/10/2022 04:23,0,100,350,1,04/10/2022 04:24,NA,NA,NA,NA,50.8612,-0.1194,anonymous,EN,1,1,18,Woman,1,41.01,311.138,312.403,33,0,1,1,0,0,0,0,0,1,1,1,1,1,3,5,1,1,0,6,3,0,2,2,6,0,0,0,0,41.009,311.137,312.4,33,637,18,Woman,3,3,0,0,2,1,0,0,3,1,1,1,0,0
472,350,28/04/2022 13:57,28/04/2022 14:03,0,100,350,1,28/04/2022 14:03,NA,NA,NA,NA,50.8345,-0.186,anonymous,EN,1,1,19,Woman,1,29.253,323.947,324.9,56,2,4,3,1,3,2,2,0,6,5,5,7,4,5,8,3,5,6,0,3,7,1,5,7,4,2,2,3,29.257,323.947,324.9,56,NA,NA,NA,NA,NA,NA,NA,NA,NA,NA,NA,NA,NA,NA,NA,NA,NA
473,350,17/11/2022 15:12,17/11/2022 15:18,0,100,350,1,17/11/2022 15:18,NA,NA,NA,NA,50.8345,-0.186,anonymous,EN,1,1,21,Woman,1,30.89,323.794,324.584,34,4,8,3,1,3,0,1,1,2,5,0,3,1,1,2,2,4,4,5,6,8,6,2,4,3,4,4,4,30.891,323.793,324.583,34,NA,NA,NA,NA,NA,NA,NA,NA,NA,NA,NA,NA,NA,NA,NA,NA,NA
474,351,16/10/2022 06:04,16/10/2022 06:10,0,100,351,1,16/10/2022 06:10,NA,NA,NA,NA,51.4936,-0.2583,anonymous,EN,1,1,19,Woman,1,3.261,282.332,283.206,40,0,5,1,0,0,0,0,0,0,1,1,0,0,0,3,1,1,0,1,0,0,0,0,2,0,0,0,0,3.261,282.332,283.206,40,485,18,Woman,3,3,0,1.5,3,2,0,0,3,0,4,0,1,2
475,351,08/12/2022 21:13,08/12/2022 21:19,0,100,351,1,08/12/2022 21:19,NA,NA,NA,NA,50.8612,-0.1194,anonymous,EN,1,1,20,Woman,1,3.073,315.901,317.233,55,2,1,3,0,4,1,5,7,4,3,4,7,6,7,4,6,4,5,3,8,4,6,5,4,1,0,6,7,3.073,315.902,317.233,55,NA,NA,NA,NA,NA,NA,NA,NA,NA,NA,NA,NA,NA,NA,NA,NA,NA
476,353,07/12/2022 10:29,07/12/2022 10:35,0,100,353,1,07/12/2022 10:35,NA,NA,NA,NA,50.8612,-0.1194,anonymous,EN,1,1,18,Woman,1,60.055,329.805,332.979,48,2,6,1,0,2,0,1,0,3,5,2,2,1,6,7,4,5,8,4,6,3,3,2,7,1,0,7,0,60.056,329.805,332.979,48,301,18,Woman,5,4,1,1.5,3,2,0,0,1,0,0,0,1,2
477,354,07/10/2022 16:06,07/10/2022 16:11,0,100,354,1,07/10/2022 16:11,NA,NA,NA,NA,51.4809,0.0832,anonymous,EN,1,1,19,Woman,1,26.828,218.817,219.75,31,2,3,1,0,3,0,0,0,0,4,1,8,5,2,8,4,6,3,1,5,9,4,7,7,3,0,3,4,26.831,218.818,219.75,31,805,18,Woman,2,5,0,1,0,4,0,0,0,0,5,0,0,2
478,354,02/10/2022 13:14,02/10/2022 13:20,0,100,354,1,02/10/2022 13:20,NA,NA,NA,NA,50.8345,-0.186,anonymous,EN,1,1,22,Woman,1,7.511,284.668,285.413,50,3,6,0,0,0,2,2,0,1,2,0,1,1,1,3,4,2,1,3,2,10,3,1,3,2,1,1,2,7.512,284.668,285.414,50,653,21,Woman,5,4,0,2.5,0,0,5,0,2,0,5,0,2,3
479,355,10/11/2022 08:18,10/11/2022 08:24,0,100,355,1,10/11/2022 08:24,NA,NA,NA,NA,50.8612,-0.1194,anonymous,EN,1,1,19,Woman,1,52.14,316.172,317.406,32,0,6,3,1,4,4,1,0,1,4,2,1,5,0,3,1,3,0,6,4,4,7,1,3,2,1,0,0,52.139,316.171,317.405,32,NA,NA,NA,NA,NA,NA,NA,NA,NA,NA,NA,NA,NA,NA,NA,NA,NA
480,355,04/12/2022 15:05,04/12/2022 15:11,0,100,355,1,04/12/2022 15:11,NA,NA,NA,NA,51.3503,-0.2014,anonymous,EN,1,1,20,Woman,1,14.189,332.191,333.255,33,4,4,1,0,1,0,0,1,1,2,3,7,1,6,6,4,2,5,2,7,4,5,4,7,6,0,3,3,14.189,332.191,333.255,33,745,18,Woman,4,4,0,0.5,4,2,0,0,1,0,4,0,1,0
481,356,20/10/2022 13:46,20/10/2022 13:52,0,100,356,1,20/10/2022 13:52,NA,NA,NA,NA,50.8612,-0.1194,anonymous,EN,1,1,20,Woman,1,31.901,308.399,310.904,38,0,3,0,0,0,0,3,0,0,0,5,6,6,0,0,1,2,2,3,1,0,2,5,1,0,0,1,1,31.804,308.4,310.905,38,756,19,Woman,1,1,0,0,1,1,0,0,0,0,0,0,0,0
482,356,16/10/2022 05:43,16/10/2022 05:49,0,100,356,1,16/10/2022 05:49,NA,NA,NA,NA,50.8612,-0.1194,anonymous,EN,1,1,21,Woman,1,40.44,314.675,315.763,36,1,3,0,0,3,3,0,0,1,2,0,0,1,6,1,1,4,1,5,3,5,1,5,2,1,1,0,0,40.441,314.675,315.763,36,577,20,Woman,4,3,3,2,4,3,0,0,1,2.83,2,4,2,2
483,357,10/10/2022 06:21,10/10/2022 06:27,0,100,357,1,10/10/2022 06:27,NA,NA,NA,NA,50.8612,-0.1194,anonymous,EN,1,1,18,Woman,1,0.851,279.358,291.534,31,7,9,2,0,6,0,0,0,0,3,2,0,0,5,5,2,8,4,5,7,4,8,6,3,0,3,3,0,0.851,279.358,291.534,31,61,18,Woman,4,5,1,3.5,5,4,1,0,3,2.236067977,5,1,4,3
484,358,02/12/2022 13:59,02/12/2022 14:05,0,100,358,1,02/12/2022 14:05,NA,NA,NA,NA,50.8612,-0.1194,anonymous,EN,1,1,18,Woman,1,44.053,330.868,331.821,37,1,3,0,0,0,0,0,0,0,0,1,0,0,1,1,0,0,0,0,1,1,2,2,1,0,0,0,0,44.054,330.868,331.821,37,375,18,Woman,1,4,3,3,3,1,1,0,2,0,5,0,3,3
485,358,16/10/2022 08:40,16/10/2022 08:46,0,100,358,1,16/10/2022 08:46,NA,NA,NA,NA,51.233,-0.6013,anonymous,EN,1,1,18,Woman,1,3.559,316.146,317.306,48,3,2,0,1,0,1,1,0,0,0,0,1,0,2,0,0,3,1,2,4,7,1,2,0,0,2,0,1,3.56,316.146,317.307,48,419,18,Woman,4,5,1,0,4,3,2,0,1,0,4,0,0,0
486,358,12/11/2022 07:04,12/11/2022 07:10,0,100,358,1,12/11/2022 07:10,NA,NA,NA,NA,50.8612,-0.1194,anonymous,EN,1,1,19,Man,1,44.277,330.506,331.782,29,3,8,3,0,2,8,0,1,0,8,0,5,3,6,2,4,3,5,3,6,9,9,7,9,8,0,8,3,44.279,330.506,331.782,29,198,18,Man,4,1,3,4.5,5,4,0,0,0,0,4,0,4,5
487,358,19/04/2022 10:05,19/04/2022 10:11,0,100,358,1,19/04/2022 10:11,NA,NA,NA,NA,51.4746,-0.0924,anonymous,EN,1,1,19,Woman,1,1.58,338.636,339.335,84,2,6,1,0,0,0,0,0,0,1,0,4,0,3,3,1,4,2,0,3,7,5,3,5,3,2,0,0,1.58,338.637,339.335,84,NA,NA,NA,NA,NA,NA,NA,NA,NA,NA,NA,NA,NA,NA,NA,NA,NA
488,359,08/11/2022 08:46,08/11/2022 08:52,0,100,359,1,08/11/2022 08:52,NA,NA,NA,NA,50.9142,-1.388,anonymous,EN,1,NA,18,Woman,1,1.238,323.016,323.793,92,6,8,10,0,1,0,0,4,0,0,6,0,3,10,10,8,10,10,9,4,3,4,10,9,8,0,0,0,1.239,323.016,323.793,92,317,18,Woman,5,3,1,3,5,3,0,5,2,0,0,5,2,4
489,359,27/10/2022 04:56,27/10/2022 05:02,0,100,359,1,27/10/2022 05:02,NA,NA,NA,NA,50.8429,-0.1158,anonymous,EN,1,1,19,Woman,1,12.977,316.505,317.204,63,4,5,8,5,5,6,7,6,7,6,5,8,6,7,7,7,8,7,10,8,9,9,10,10,8,10,9,10,12.98,316.505,317.203,63,258,19,Woman,4,4,0,1.5,4,4,0,0,3,2,4,1,2,1
490,359,02/12/2022 05:01,02/12/2022 05:07,0,100,359,1,02/12/2022 05:07,NA,NA,NA,NA,50.8612,-0.1194,anonymous,EN,1,1,19,Woman,1,26.734,303.068,305.018,29,5,4,1,1,2,2,0,0,0,1,0,0,0,1,2,3,4,4,1,7,5,6,6,2,2,4,6,1,26.737,303.069,305.018,29,164,19,Woman,3,2,0,3.5,3,2,0,2,3,0,0,5,3,4
491,359,07/12/2022 02:25,07/12/2022 02:31,0,100,359,1,07/12/2022 02:31,NA,NA,NA,NA,51.3394,-0.741,anonymous,EN,1,1,20,Man,1,36.376,332.407,334.536,43,0,8,5,0,3,9,0,1,2,4,0,2,0,9,6,0,4,5,3,8,9,3,9,6,2,2,9,0,36.377,332.407,334.536,43,233,20,Man,2,1,0,1.5,1,1,0,0,0,0,1,0,0,3
492,360,28/11/2022 09:57,28/11/2022 10:03,0,100,360,1,28/11/2022 10:03,NA,NA,NA,NA,52.4241,-1.8404,anonymous,EN,1,1,21,Woman,1,21.424,261.532,263.125,45,8,6,2,1,2,4,5,1,2,1,0,2,0,3,5,5,7,4,4,7,6,3,8,3,1,0,3,2,21.424,261.531,263.124,45,NA,NA,NA,NA,NA,NA,NA,NA,NA,NA,NA,NA,NA,NA,NA,NA,NA
493,361,13/04/2022 04:44,13/04/2022 04:50,0,100,361,1,13/04/2022 04:50,NA,NA,NA,NA,50.8612,-0.1194,anonymous,EN,1,1,22,Woman,1,33.437,339.63,340.481,42,3,5,3,2,4,1,4,1,2,2,3,4,3,4,5,4,6,5,3,6,8,4,3,7,6,4,4,2,33.44,339.631,340.481,42,675,21,Woman,3,2,2,3,4,3,0,0,1,0,4,0,3,3
494,362,29/04/2022 07:19,29/04/2022 07:25,0,100,362,1,29/04/2022 07:25,NA,NA,NA,NA,50.8612,-0.1194,anonymous,EN,1,1,20,Woman,1,29.817,323.046,324.732,34,4,6,2,0,0,0,0,0,5,4,5,7,2,2,9,3,1,3,3,9,9,9,3,7,6,1,1,0,29.817,323.046,324.731,34,855,20,Woman,5,5,0,0,5,1,0,0,2,0,0,0,0,0
495,364,24/10/2022 10:42,24/10/2022 10:48,0,100,364,1,24/10/2022 10:48,NA,NA,NA,NA,50.8345,-0.186,anonymous,EN,1,1,19,Woman,1,41.579,285.557,286.549,35,2,4,1,0,1,2,0,0,0,0,1,1,0,0,1,2,3,0,0,3,3,4,2,1,0,0,0,1,41.58,285.558,286.549,35,901,18,Woman,5,3,4,0.5,5,0,0,0,1,0,5,0,1,0
496,364,01/11/2022 11:38,01/11/2022 11:44,0,100,364,1,01/11/2022 11:44,NA,NA,NA,NA,50.8429,-0.1158,anonymous,EN,1,1,20,Woman,1,14.386,320.37,321.299,50,1,1,1,0,2,0,0,0,3,0,3,1,1,1,1,0,5,4,3,0,7,7,1,1,1,0,0,0,14.388,320.37,321.3,50,591,18,Woman,4,4,1,2,4,2,0,0,2,3.87,3,5,1,3
497,365,28/10/2022 10:05,28/10/2022 10:11,0,100,365,1,28/10/2022 10:11,NA,NA,NA,NA,51.5074,-0.1196,anonymous,EN,1,1,19,Other,1,33.103,276.991,278.125,42,8,6,7,4,3,0,9,3,5,6,6,9,10,7,9,7,9,9,4,8,10,9,6,9,8,8,7,6,33.104,276.991,278.125,42,194,19,Non-binary,3,4,1,3.5,5,3,0,0,1,0,0,5,3,4
498,365,11/10/2022 02:31,11/10/2022 02:37,0,100,365,1,11/10/2022 02:37,NA,NA,NA,NA,51.4327,-0.1693,anonymous,EN,1,1,21,Man,1,22.501,343.235,344.158,35,3,3,0,0,0,0,0,0,1,1,0,0,0,1,2,1,3,0,1,2,2,0,3,2,0,1,7,0,22.401,343.236,344.158,35,NA,NA,NA,NA,NA,NA,NA,NA,NA,NA,NA,NA,NA,NA,NA,NA,NA
499,366,09/11/2022 06:55,09/11/2022 07:01,0,100,366,1,09/11/2022 07:01,NA,NA,NA,NA,50.8612,-0.1194,anonymous,EN,1,1,19,Woman,1,19.699,345.533,346.709,35,4,4,2,1,3,4,1,1,1,2,1,2,1,2,4,4,2,3,2,2,6,3,3,4,2,5,4,1,19.698,345.532,346.708,35,540,18,Woman,2,3,0,0,3,2,0,0,1,1.73,1,3,0,0
500,367,08/10/2022 10:32,08/10/2022 10:38,0,100,367,1,08/10/2022 10:38,NA,NA,NA,NA,50.8612,-0.1194,anonymous,EN,1,1,19,Woman,1,14.182,258.482,260.51,84,0,3,0,0,0,0,0,0,1,2,3,5,2,1,8,1,3,0,0,3,5,5,0,5,2,0,7,2,14.183,258.483,260.51,84,209,19,Woman,2,4,0,1,2,0,0,0,0,0,5,0,1,1
501,367,25/09/2022 09:06,25/09/2022 09:12,0,100,367,1,25/09/2022 09:12,NA,NA,NA,NA,50.8612,-0.1194,anonymous,EN,1,1,19,Woman,1,44.41,309.691,311.996,34,1,4,1,0,1,0,3,0,2,0,6,7,5,3,8,2,1,6,2,4,4,5,3,2,0,1,2,8,44.411,309.691,311.996,34,692,18,Woman,5,4,0,2.5,4,4,0,0,1,2.24,1,5,2,3
502,368,11/10/2022 05:36,11/10/2022 05:43,0,100,368,1,11/10/2022 05:43,NA,NA,NA,NA,50.8612,-0.1194,anonymous,EN,1,1,18,Woman,1,29.011,344.238,346.655,38,6,8,4,3,7,2,7,1,5,8,8,8,3,1,9,0,4,3,9,6,9,8,0,9,9,0,2,0,29.012,344.239,346.655,38,19,18,Woman,4,5,0,0,3,0,0,1,1,0,0,0,0,0
503,368,19/11/2022 11:28,19/11/2022 11:34,0,100,368,1,19/11/2022 11:34,NA,NA,NA,NA,50.8612,-0.1194,anonymous,EN,1,1,19,Woman,1,3.634,304.81,306.19,66,8,6,1,2,2,1,3,0,0,2,3,2,1,1,2,1,0,1,2,3,5,3,1,3,1,1,0,0,3.636,304.81,306.19,66,405,19,Woman,4,2,1,1.5,3,2,0,0,3,0,5,0,0,3
504,368,25/09/2022 09:45,25/09/2022 09:51,0,100,368,1,25/09/2022 09:51,NA,NA,NA,NA,50.8345,-0.186,anonymous,EN,1,1,20,Woman,1,50.551,350.265,352.563,36,6,3,0,2,0,0,0,0,0,0,0,0,0,3,8,0,0,5,3,6,7,3,2,4,0,0,2,0,50.551,350.265,352.563,36,NA,NA,NA,NA,NA,NA,NA,NA,NA,NA,NA,NA,NA,NA,NA,NA,NA
505,369,24/04/2022 08:30,24/04/2022 08:36,0,100,369,1,24/04/2022 08:36,NA,NA,NA,NA,50.8612,-0.1194,anonymous,EN,1,1,19,Woman,1,46.955,335.709,336.932,31,7,4,0,0,2,0,4,1,2,5,1,5,4,4,3,2,5,1,6,3,1,7,0,4,1,0,0,3,46.955,335.708,336.931,31,538,18,Woman,4,3,2,1,5,5,0,0,0,2.24,5,1,1,1
506,370,09/12/2022 14:51,09/12/2022 14:57,0,100,370,1,09/12/2022 14:57,NA,NA,NA,NA,50.8612,-0.1194,anonymous,EN,1,1,18,Man,1,27.474,344.575,345.547,39,1,2,0,0,1,3,0,0,1,4,0,0,0,1,3,3,6,10,4,10,8,8,5,3,0,0,0,0,27.476,344.576,345.547,39,NA,NA,NA,NA,NA,NA,NA,NA,NA,NA,NA,NA,NA,NA,NA,NA,NA
507,371,01/10/2022 10:46,01/10/2022 10:53,0,100,371,1,01/10/2022 10:53,NA,NA,NA,NA,50.8612,-0.1194,anonymous,EN,1,1,18,Woman,1,1.357,312.978,313.589,73,1,4,3,0,0,0,9,0,1,0,5,3,6,4,4,1,3,4,9,6,1,4,3,1,1,1,0,1,1.357,312.978,313.589,73,173,18,Woman,3,2,0,0,3,1,0,0,0,0,0,2,0,0
508,373,26/04/2022 06:48,26/04/2022 06:54,0,100,373,1,26/04/2022 06:54,NA,NA,NA,NA,51.5181,0.194,anonymous,EN,1,1,20,Woman,1,26.069,348.427,349.437,43,8,4,1,0,1,0,0,0,1,1,1,2,0,2,3,1,2,1,2,4,5,6,3,1,1,2,1,1,26.073,348.426,349.436,43,NA,NA,NA,NA,NA,NA,NA,NA,NA,NA,NA,NA,NA,NA,NA,NA,NA
509,374,28/09/2022 17:09,28/09/2022 17:15,0,100,374,1,28/09/2022 17:15,NA,NA,NA,NA,51.5164,-0.093,anonymous,EN,1,1,18,Woman,1,47.255,346.523,354.571,36,0,7,0,0,1,0,0,0,2,1,0,1,0,0,1,1,3,4,2,5,10,2,1,3,0,0,0,1,47.257,346.524,354.571,36,197,18,Woman,4,2,3,2.5,1,3,0,0,2,1,1,1,2,3
510,374,22/11/2022 06:22,22/11/2022 06:28,0,100,374,1,22/11/2022 06:28,NA,NA,NA,NA,50.8612,-0.1194,anonymous,EN,1,1,18,Woman,1,31.458,281.177,290.54,38,2,4,0,0,0,0,0,0,0,0,0,0,0,0,2,0,1,1,0,2,0,0,1,1,0,0,0,0,31.461,281.178,290.54,38,349,18,Woman,4,2,0,0,3,4,0,0,2,0,0,5,0,0
511,374,30/11/2022 06:31,30/11/2022 06:37,0,100,374,1,30/11/2022 06:37,NA,NA,NA,NA,50.8345,-0.186,anonymous,EN,1,1,19,Man,1,17.861,335.965,337.375,34,7,6,0,0,0,0,0,2,2,1,1,0,0,4,4,3,5,2,1,6,0,3,4,6,1,0,0,0,17.863,335.965,337.375,34,617,18,Man,1,1,0,2,0,0,0,0,0,0,2,0,2,2
512,374,08/12/2022 18:55,08/12/2022 19:01,0,100,374,1,08/12/2022 19:01,NA,NA,NA,NA,50.8612,-0.1194,anonymous,EN,1,1,19,Woman,1,26.772,357.707,358.347,33,0,2,0,1,4,2,1,0,0,2,0,2,0,3,3,3,4,0,1,2,3,2,1,3,3,3,0,0,26.775,357.708,358.348,33,242,19,Woman,3,2,3,3,4,4,2,0,0,0,0,2,2,4
513,376,19/10/2022 09:28,19/10/2022 09:35,0,100,376,1,19/10/2022 09:35,NA,NA,NA,NA,50.9973,-0.1053,anonymous,EN,1,1,18,Woman,1,34.829,292.383,293.728,31,0,1,0,0,0,0,0,0,1,0,0,1,0,1,1,0,1,2,1,2,3,0,0,0,0,0,0,0,34.83,292.382,293.727,31,277,18,Woman,4,4,0,1.5,2,2,0,0,4,0,0,1,1,2
514,377,02/10/2022 16:56,02/10/2022 17:02,0,100,377,1,02/10/2022 17:02,NA,NA,NA,NA,50.8612,-0.1194,anonymous,EN,1,1,18,Woman,1,19.761,346.392,347.486,58,4,6,1,0,1,0,2,0,2,2,2,2,2,1,3,2,4,8,1,8,8,9,4,3,3,4,1,1,19.762,346.392,347.486,58,91,18,Woman,5,4,1,2,5,4,0,0,2,2,1,4,2,2
515,378,01/10/2022 14:05,01/10/2022 14:11,0,100,378,1,01/10/2022 14:11,NA,NA,NA,NA,52.1981,-0.2078,anonymous,EN,1,1,19,Woman,1,3.181,313.073,314.411,103,0,2,1,0,0,0,0,0,0,1,0,0,0,0,1,1,1,1,1,0,4,1,1,1,0,0,0,0,3.181,313.074,314.411,103,370,19,Woman,3,3,1,0,3,1,1,0,0,0,0,0,0,0
516,378,22/09/2022 19:06,22/09/2022 19:13,0,100,378,1,22/09/2022 19:13,NA,NA,NA,NA,50.82,-1.0664,anonymous,EN,1,1,19,Other,1,3.897,331.13,332.195,116,2,3,0,0,0,0,1,0,1,0,4,1,2,0,0,0,1,0,1,3,0,1,0,1,0,0,0,1,3.898,331.13,332.195,116,595,19,Non-binary,2,3,0,0,1,1,0,0,1,1.41,2,1,0,0
517,378,17/11/2022 14:20,17/11/2022 14:27,0,100,378,1,17/11/2022 14:27,NA,NA,NA,NA,50.8612,-0.1194,anonymous,EN,1,1,20,Woman,1,69.746,332.387,337.461,39,1,3,0,0,1,0,1,0,1,2,1,1,1,1,0,0,1,2,8,6,7,6,1,5,1,1,1,0,69.746,332.387,337.461,39,408,19,Woman,5,5,0,3.5,4,2,1,0,1,0,0,4,3,4
518,378,17/10/2022 18:08,17/10/2022 18:14,0,100,378,1,17/10/2022 18:14,NA,NA,NA,NA,50.8612,-0.1194,anonymous,EN,1,1,20,Woman,1,6.632,295.616,296.903,40,2,3,0,0,1,0,0,0,0,1,0,0,0,2,1,0,3,3,1,1,1,0,1,2,0,0,0,0,6.634,295.616,296.904,40,872,19,Woman,5,5,3,3,3,4,0,0,4,1.73,3,1,4,2
519,379,29/09/2022 05:32,29/09/2022 05:39,0,100,379,1,29/09/2022 05:39,NA,NA,NA,NA,50.8612,-0.1194,anonymous,EN,1,1,20,Woman,1,10.949,343.451,344.494,78,5,4,6,0,6,0,0,0,2,1,2,3,2,0,4,2,3,5,1,1,9,6,2,5,5,2,0,0,10.952,343.451,344.495,78,455,19,Woman,4,3,2,4,5,2,0,0,1,0,0,3,4,4
520,382,22/11/2022 13:10,22/11/2022 13:16,0,100,382,1,22/11/2022 13:16,NA,NA,NA,NA,50.8345,-0.186,anonymous,EN,1,1,20,Woman,1,32.269,356.749,357.765,78,1,8,2,3,2,1,4,1,7,2,7,2,4,1,5,3,0,0,3,5,0,1,0,5,5,0,2,4,32.27,356.749,357.766,78,601,19,Woman,2,2,0,1.5,2,3,0,0,3,1.41,1,2,2,1
521,384,01/10/2022 14:10,01/10/2022 14:16,0,100,384,1,01/10/2022 14:16,NA,NA,NA,NA,50.8612,-0.1194,anonymous,EN,1,1,18,Woman,1,36.945,309.648,310.501,37,1,8,4,2,1,1,9,0,5,3,9,9,9,9,9,7,9,9,2,9,9,10,6,8,8,5,6,9,36.946,309.649,310.501,37,392,18,Woman,5,4,0,0,4,4,0,0,1,0,0,0,0,0
522,384,10/10/2022 09:06,10/10/2022 09:12,0,100,384,1,10/10/2022 09:12,NA,NA,NA,NA,50.8612,-0.1194,anonymous,EN,1,1,18,Woman,1,21.52,346.492,347.804,54,4,6,0,0,0,1,1,0,4,2,1,5,2,1,2,1,1,1,1,7,3,3,0,1,1,1,0,2,21.522,346.491,347.805,54,343,18,Woman,3,2,0,0.5,1,3,0,0,0,0,0,5,1,0
523,385,28/10/2022 04:18,28/10/2022 04:25,0,100,385,1,28/10/2022 04:25,NA,NA,NA,NA,50.8612,-0.1194,anonymous,EN,1,1,19,Other,1,39.252,271.8,272.828,35,7,4,0,0,0,0,2,0,1,0,3,0,3,0,2,3,0,0,1,1,9,1,0,0,0,0,0,0,39.254,271.801,272.828,35,63,19,Non-binary,5,3,0,2.5,4,2,0,0,2,0,5,0,3,2
524,385,16/12/2022 04:25,16/12/2022 04:32,0,100,385,1,16/12/2022 04:32,NA,NA,NA,NA,40.6381,22.9455,anonymous,EN,1,1,20,Woman,1,29.276,340.397,341.703,29,0,3,0,0,1,0,3,0,0,1,0,0,0,5,1,0,1,2,2,0,4,1,1,2,1,0,0,0,29.277,340.396,341.702,29,423,20,Woman,2,1,3,3.5,0,1,0,0,1,0,1,0,4,3
525,386,08/12/2022 20:12,08/12/2022 20:18,0,100,386,1,08/12/2022 20:18,NA,NA,NA,NA,50.8612,-0.1194,anonymous,EN,1,1,18,Woman,1,63.426,305.876,306.985,51,1,3,1,0,1,2,1,1,1,2,0,2,1,2,2,1,3,3,1,1,9,4,4,4,3,1,4,0,63.427,305.877,306.986,51,244,18,Woman,3,4,1,2,4,2,0,0,0,0,4,0,3,1
526,391,01/10/2022 11:04,01/10/2022 11:10,0,100,391,1,01/10/2022 11:10,NA,NA,NA,NA,50.8612,-0.1194,anonymous,EN,1,1,18,Woman,1,6.09,321.127,322.282,71,1,2,0,0,0,0,0,0,0,0,0,0,0,1,0,1,0,0,1,0,7,3,0,0,0,1,0,0,6.09,321.132,322.286,71,92,18,Woman,3,1,4,0,1,1,0,0,0,0,2,0,0,0
527,391,26/09/2022 08:16,26/09/2022 08:22,0,100,391,1,26/09/2022 08:22,NA,NA,NA,NA,51.3488,-0.0321,anonymous,EN,1,1,20,Woman,1,1.625,347.755,348.481,82,3,7,4,1,3,1,1,1,3,2,6,6,3,5,8,4,4,5,0,6,8,5,5,7,2,0,4,2,1.626,347.755,348.481,82,339,20,Woman,3,4,0,0,3,2,0,0,1,0,2,0,0,0
528,391,28/04/2022 12:21,28/04/2022 12:27,0,100,391,1,28/04/2022 12:27,NA,NA,NA,NA,50.8612,-0.1194,anonymous,EN,1,1,22,Woman,1,12.396,322.219,323.896,60,1,6,0,0,0,2,1,0,0,0,1,3,0,1,4,1,1,0,1,1,1,9,9,4,4,0,0,0,12.395,322.218,323.895,60,788,21,Woman,4,2,1,0,4,4,0,0,4,0,5,0,0,0
529,394,10/10/2022 17:34,10/10/2022 17:41,0,100,394,1,10/10/2022 17:41,NA,NA,NA,NA,50.8612,-0.1194,anonymous,EN,1,1,19,Woman,1,9.719,332.379,333.446,38,3,9,2,0,1,5,5,1,2,4,1,2,4,0,5,2,0,1,9,3,9,2,10,1,6,1,0,1,9.72,332.38,333.447,38,391,19,Woman,2,0,0,0,0,0,0,0,0,0,0,0,0,0
530,396,08/11/2022 11:40,08/11/2022 11:47,0,100,396,1,08/11/2022 11:47,NA,NA,NA,NA,50.8345,-0.186,anonymous,EN,1,1,19,Woman,1,41.008,362.423,363.501,40,6,8,0,0,6,1,0,1,3,1,1,5,1,6,7,4,10,8,2,1,10,8,6,5,1,1,1,0,41.009,362.423,363.501,40,196,19,Woman,5,4,1,1,5,0,0,0,0,0,5,0,1,1
531,397,09/10/2022 07:42,09/10/2022 07:49,0,100,397,1,09/10/2022 07:49,NA,NA,NA,NA,51.4402,-0.0259,anonymous,EN,1,1,23,Woman,1,29.043,359.214,360.102,49,5,6,5,3,1,1,2,1,1,2,0,4,2,4,6,0,7,6,2,7,3,9,7,6,2,5,7,4,29.045,359.214,360.101,49,NA,NA,NA,NA,NA,NA,NA,NA,NA,NA,NA,NA,NA,NA,NA,NA,NA
532,398,27/04/2022 10:22,27/04/2022 10:29,0,100,398,1,27/04/2022 10:29,NA,NA,NA,NA,50.8612,-0.1194,anonymous,EN,1,1,20,Woman,1,2.184,357.576,362.148,55,2,8,2,0,0,1,0,0,2,3,1,5,0,5,2,0,3,1,4,5,6,2,7,5,2,1,6,0,2.184,357.576,362.149,55,581,20,Woman,3,1,3,2,4,4,0,0,1,0,4,0,3,1
533,398,18/04/2022 22:40,18/04/2022 22:47,0,100,398,1,18/04/2022 22:47,NA,NA,NA,NA,50.8612,-0.1194,anonymous,EN,1,1,20,Woman,1,50.319,369.677,370.45,46,3,7,1,0,0,0,1,5,6,3,5,2,6,9,0,4,3,4,7,10,10,8,6,3,2,3,2,0,50.319,369.677,370.45,46,NA,NA,NA,NA,NA,NA,NA,NA,NA,NA,NA,NA,NA,NA,NA,NA,NA
534,402,11/10/2022 11:38,11/10/2022 11:45,0,100,402,1,11/10/2022 11:45,NA,NA,NA,NA,51.1398,-0.1206,anonymous,EN,1,1,19,Woman,1,1.544,385.408,386.383,109,6,7,0,0,0,0,0,0,1,2,0,1,0,2,5,2,7,6,5,7,10,5,5,4,0,0,4,0,1.543,385.407,386.382,109,NA,NA,NA,NA,NA,NA,NA,NA,NA,NA,NA,NA,NA,NA,NA,NA,NA
535,403,19/10/2022 09:17,19/10/2022 09:24,0,100,403,1,19/10/2022 09:24,NA,NA,NA,NA,50.8612,-0.1194,anonymous,EN,1,1,18,Woman,1,7.801,276.386,277.475,49,4,6,2,1,1,0,1,0,4,5,0,4,2,4,3,1,7,6,8,6,9,3,1,1,2,0,1,1,7.801,276.386,277.475,49,403,18,Woman,3,1,4,2.5,0,2,4,5,0,0,0,4,3,2
536,407,03/12/2022 11:50,03/12/2022 11:56,0,100,407,1,03/12/2022 11:56,NA,NA,NA,NA,50.8612,-0.1194,anonymous,EN,1,1,19,Woman,1,17.795,317.106,318.322,81,4,8,1,0,3,0,0,0,2,4,0,0,0,1,5,4,6,9,3,6,0,1,4,4,1,0,1,0,17.798,317.106,318.322,81,261,18,Woman,3,2,4,4,1,0,3,3,1,0,0,0,3,5
537,410,20/10/2022 12:53,20/10/2022 13:00,0,100,410,1,20/10/2022 13:00,NA,NA,NA,NA,50.8612,-0.1194,anonymous,EN,1,1,19,Woman,1,10.593,377.245,378.159,57,4,3,4,1,1,0,0,1,1,2,3,3,1,1,5,4,1,4,1,0,9,3,4,4,1,2,4,0,10.596,377.244,378.158,57,894,18,Woman,3,2,1,2.5,4,2,0,0,3,0,0,0,3,2
538,411,04/10/2022 07:31,04/10/2022 07:38,0,100,411,1,04/10/2022 07:38,NA,NA,NA,NA,50.8612,-0.1194,anonymous,EN,1,1,19,Woman,1,54.915,362.058,363.894,29,0,2,0,0,1,0,0,0,0,0,0,0,1,4,0,0,0,1,0,0,1,0,0,0,0,0,3,0,54.916,362.058,363.894,29,568,18,Woman,3,4,0,1,3,3,0,0,4,0,0,4,1,1
539,411,16/11/2022 11:34,16/11/2022 11:41,0,100,411,1,16/11/2022 11:41,NA,NA,NA,NA,50.8253,-0.3719,anonymous,EN,1,1,21,Woman,1,47.996,381.97,383.091,38,6,7,3,0,1,1,1,1,4,1,1,2,2,2,2,4,2,2,1,1,1,4,2,1,1,1,1,3,47.997,381.97,383.091,38,606,20,Woman,4,4,5,4.5,4,4,1,0,4,0,4,0,5,4
540,413,29/04/2022 05:06,29/04/2022 05:13,0,100,413,1,29/04/2022 05:13,NA,NA,NA,NA,52.4918,-1.8598,anonymous,EN,1,1,21,Woman,1,14.778,384.559,386.25,42,5,9,5,4,6,6,0,0,3,10,3,2,0,5,10,0,0,4,5,10,5,0,6,6,6,0,0,0,14.778,384.56,386.25,42,NA,NA,NA,NA,NA,NA,NA,NA,NA,NA,NA,NA,NA,NA,NA,NA,NA
541,414,23/11/2022 15:14,23/11/2022 15:21,0,100,414,1,23/11/2022 15:21,NA,NA,NA,NA,50.8612,-0.1194,anonymous,EN,1,1,18,Woman,1,10.259,389.481,390.51,56,6,8,8,8,4,8,6,8,3,8,5,10,5,9,5,9,5,8,4,9,3,6,9,3,8,4,6,3,10.261,389.48,390.509,56,381,18,Woman,3,4,1,1.5,5,2,0,0,2,0,5,0,2,1
542,415,06/10/2022 04:23,06/10/2022 04:30,0,100,415,1,06/10/2022 04:30,NA,NA,NA,NA,50.8612,-0.1194,anonymous,EN,1,1,18,Woman,1,45.174,371.835,373.661,36,0,3,1,0,1,1,0,0,2,1,3,1,4,0,2,1,1,1,2,1,10,6,5,1,1,0,0,0,45.174,371.836,373.661,36,347,18,Woman,4,4,2,0,5,0,0,0,2,2.449489743,3,2,0,0
543,415,16/11/2022 06:49,16/11/2022 06:56,0,100,415,1,16/11/2022 06:56,NA,NA,NA,NA,50.8612,-0.1194,anonymous,EN,1,1,18,Woman,1,8.413,380.085,380.739,82,2,2,1,0,3,1,0,0,1,4,1,1,0,3,4,5,0,1,0,1,1,1,0,1,3,1,0,0,8.415,380.086,380.77,82,311,18,Woman,4,2,4,3.5,4,5,0,0,2,0,0,0,4,3
544,417,02/10/2022 10:49,02/10/2022 10:56,0,100,417,1,02/10/2022 10:56,NA,NA,NA,NA,50.8612,-0.1194,anonymous,EN,1,1,19,Woman,1,26.508,356.498,357.276,61,0,3,0,0,1,1,0,0,2,1,0,1,0,2,2,2,1,1,1,1,3,2,2,0,0,0,1,0,26.507,356.497,357.275,61,733,18,Woman,4,2,1,2,3,4,0,0,0,0,4,0,2,2
545,418,04/10/2022 12:10,04/10/2022 12:17,0,100,418,1,04/10/2022 12:17,NA,NA,NA,NA,50.8612,-0.1194,anonymous,EN,1,1,18,Woman,1,20.551,353.023,354.157,32,5,7,5,2,6,3,8,0,3,8,2,7,6,9,7,8,3,8,8,9,9,10,10,10,8,4,10,3,20.552,353.023,354.158,32,323,18,Woman,4,3,0,0,4,2,0,0,5,0,0,3,0,0
546,418,18/10/2022 10:46,18/10/2022 10:53,0,100,418,1,18/10/2022 10:53,NA,NA,NA,NA,50.8429,-0.1158,anonymous,EN,1,1,19,Man,1,25.468,400.007,402.924,34,2,4,0,0,1,1,6,2,0,0,1,1,2,3,2,2,0,4,0,4,9,0,8,4,4,2,3,0,25.468,400.007,402.924,34,880,18,Man,3,4,2,1,4,4,1,0,2,0,0,3,1,1
547,418,07/12/2022 08:13,07/12/2022 08:20,0,100,418,1,07/12/2022 08:20,NA,NA,NA,NA,51.5466,-0.1232,anonymous,EN,1,1,19,Woman,1,33.726,377.805,378.901,31,5,8,8,2,2,0,6,1,1,6,7,7,7,4,7,3,3,5,3,5,4,6,5,3,2,1,1,5,33.725,377.804,378.901,31,58,19,Woman,4,5,1,2.5,5,4,1,0,3,2.449489743,3,2,1,4
548,419,03/11/2022 09:01,03/11/2022 09:08,0,100,419,1,03/11/2022 09:08,NA,NA,NA,NA,50.8612,-0.1194,anonymous,EN,1,1,18,Woman,1,5.916,378.417,379.216,83,4,8,2,0,0,1,1,0,1,5,5,5,4,3,9,2,1,8,8,8,8,4,6,5,0,0,9,0,5.916,378.416,379.114,83,276,18,Woman,3,2,2,3.5,2,2,1,0,1,1.414213562,2,1,4,3
549,419,26/09/2022 10:50,26/09/2022 10:50,0,55,19,0,03/10/2022 10:50,NA,NA,NA,NA,NA,NA,anonymous,EN,1,1,27,Woman,1,NA,NA,NA,NA,NA,NA,NA,NA,NA,NA,NA,NA,NA,NA,NA,NA,NA,NA,NA,NA,NA,NA,NA,NA,NA,NA,NA,NA,NA,NA,NA,NA,NA,NA,NA,NA,593,26,Woman,5,4,4,0,4,5,0,0,1,0,0,1,0,0
550,419,12/10/2022 09:13,12/10/2022 09:20,0,100,419,1,12/10/2022 09:20,NA,NA,NA,NA,50.8345,-0.186,anonymous,EN,1,1,27,Woman,1,13.919,365.039,365.942,102,7,7,6,0,1,0,2,0,5,4,2,4,5,7,8,4,9,7,2,3,10,8,7,7,5,6,7,5,13.919,365.039,365.942,102,593,26,Woman,5,4,4,0,4,5,0,0,1,0,0,1,0,0
551,420,10/11/2022 11:58,10/11/2022 12:05,0,100,420,1,10/11/2022 12:05,NA,NA,NA,NA,50.8612,-0.1194,anonymous,EN,1,1,18,Man,1,4.398,384.817,385.951,55,1,1,0,0,1,0,0,0,0,1,0,0,0,1,2,0,1,1,7,2,3,2,1,1,1,0,1,0,4.4,384.817,385.951,55,203,18,Man,3,4,4,1.5,1,1,1,0,0,0,0,2,0,3
552,420,11/04/2022 07:11,11/04/2022 07:18,0,100,420,1,11/04/2022 07:18,NA,NA,NA,NA,51.42790222,0.389602661,anonymous,EN,1,1,21,Man,1,54.737,403.413,404.296,47,2,3,0,0,0,0,0,1,3,1,2,0,1,4,5,0,4,4,8,8,10,10,10,7,10,3,5,0,54.737,403.413,404.296,47,695,21,Man,2,4,1,1.5,2,1,0,0,3,0,5,0,0,3
553,421,29/09/2022 19:58,29/09/2022 20:05,0,100,421,1,29/09/2022 20:05,NA,NA,NA,NA,52.3824,4.8995,anonymous,EN,1,1,19,Man,1,0.793,403.298,404.676,130,0,4,0,0,0,0,0,0,1,3,0,1,1,0,3,0,3,0,4,6,1,0,2,4,1,0,0,5,0.794,403.291,404.676,130,NA,NA,NA,NA,NA,NA,NA,NA,NA,NA,NA,NA,NA,NA,NA,NA,NA
554,421,01/10/2022 10:30,01/10/2022 10:37,0,100,421,1,01/10/2022 10:37,NA,NA,NA,NA,50.8612,-0.1194,anonymous,EN,1,1,19,Woman,1,43.862,364.128,365.701,35,3,4,1,0,1,1,0,0,2,1,0,0,0,0,1,0,0,0,0,1,0,0,1,2,1,0,0,0,43.864,364.129,365.701,35,536,18,Woman,5,4,2,1,3,4,0,0,1,1.41,2,1,0,2
555,422,06/11/2022 07:44,06/11/2022 07:51,0,100,422,1,06/11/2022 07:51,NA,NA,NA,NA,51.5095,-0.0955,anonymous,EN,1,1,18,Woman,1,12.122,289.013,290.744,31,6,8,2,0,1,1,0,0,1,2,2,0,0,1,2,0,3,2,0,7,2,0,1,5,3,0,0,0,12.121,289.012,290.743,31,239,18,Woman,5,3,0,1.5,4,0,0,0,4,2,4,1,1,2
556,422,29/09/2022 06:19,29/09/2022 06:26,0,100,422,1,29/09/2022 06:26,NA,NA,NA,NA,50.8612,-0.1194,anonymous,EN,1,1,19,Woman,1,20.163,335.472,336,87,6,3,1,0,0,0,0,0,0,3,0,1,0,1,1,2,3,1,0,3,7,0,1,0,0,0,0,0,20.164,335.472,336,87,543,18,Woman,5,3,0,1,3,4,0,0,2,0,0,2,1,1
557,423,08/10/2022 10:39,08/10/2022 10:46,0,100,423,1,08/10/2022 10:46,NA,NA,NA,NA,50.8612,-0.1194,anonymous,EN,1,1,19,Woman,1,15.763,325.939,327.186,64,1,5,0,0,1,2,0,0,4,1,1,3,0,0,4,0,5,6,9,9,6,8,5,4,1,0,1,0,15.766,325.94,327.186,64,NA,NA,NA,NA,NA,NA,NA,NA,NA,NA,NA,NA,NA,NA,NA,NA,NA
558,424,06/11/2022 07:28,06/11/2022 07:35,0,100,424,1,06/11/2022 07:35,NA,NA,NA,NA,50.8612,-0.1194,anonymous,EN,1,1,19,Woman,1,31.986,359.884,361.004,30,3,4,2,0,1,0,0,1,0,2,7,2,3,1,7,3,1,1,3,4,1,4,1,3,1,0,1,3,31.986,359.884,361.004,30,234,19,Woman,5,4,3,2.5,4,2,0,0,1,0,0,5,2,3
559,425,09/04/2022 10:37,09/04/2022 10:44,0,100,425,1,09/04/2022 10:44,NA,NA,NA,NA,50.83450317,-0.186004639,anonymous,EN,1,1,19,Woman,1,7.439,354.577,355.67,67,3,7,1,0,1,1,1,0,0,0,1,3,1,3,5,1,2,4,3,3,6,3,1,5,1,0,0,0,7.44,354.577,355.67,67,NA,NA,NA,NA,NA,NA,NA,NA,NA,NA,NA,NA,NA,NA,NA,NA,NA
560,427,29/09/2022 04:43,29/09/2022 04:50,0,100,427,1,29/09/2022 04:50,NA,NA,NA,NA,50.8612,-0.1194,anonymous,EN,1,1,18,Man,1,27.67,365.148,366.249,68,0,1,0,0,0,0,0,0,0,0,0,0,0,0,0,0,0,1,0,0,5,0,1,0,0,0,0,0,27.671,365.148,366.25,68,404,18,Man,1,2,1,1.5,1,5,0,0,1,0,4,0,0,3
561,428,01/10/2022 16:45,01/10/2022 16:52,0,100,428,1,01/10/2022 16:52,NA,NA,NA,NA,50.8612,-0.1194,anonymous,EN,1,1,18,Woman,1,1.04,398.14,398.835,93,2,4,0,0,0,0,7,0,3,6,1,7,7,3,8,2,9,6,2,7,2,4,2,8,5,2,0,8,1.04,398.14,398.708,93,96,18,Woman,5,3,3,1.5,4,2,0,0,0,2.236067977,5,1,0,3
562,428,19/04/2022 08:46,19/04/2022 08:53,0,100,428,1,19/04/2022 08:53,NA,NA,NA,NA,51.5095,-0.0955,anonymous,EN,1,1,20,Woman,1,29.186,360.394,361.465,35,7,7,0,0,0,1,0,0,2,0,0,2,0,1,4,0,1,1,2,3,7,2,7,6,1,0,0,1,29.186,360.394,361.465,35,594,19,Woman,4,2,0,1.5,3,2,0,0,0,1.41,2,1,1,2
563,432,29/09/2022 15:07,29/09/2022 15:15,0,100,432,1,29/09/2022 15:15,NA,NA,NA,NA,50.8612,-0.1194,anonymous,EN,1,1,18,Woman,1,8.305,378.746,379.911,52,0,3,0,0,2,2,0,0,1,1,2,5,2,2,2,2,4,3,0,0,5,8,8,0,0,2,0,0,8.304,378.745,379.91,52,271,18,Woman,4,4,0,3.5,3,2,0,0,0,0,0,0,2,5
564,432,08/04/2022 14:26,08/04/2022 14:34,0,100,432,1,08/04/2022 14:34,NA,NA,NA,NA,51.52450562,-0.156692505,anonymous,EN,1,1,21,Man,1,54.924,308.78,309.907,51,5,3,1,0,0,1,0,0,0,0,1,0,1,3,1,0,5,2,0,0,1,1,2,2,1,0,1,0,54.926,308.78,309.907,51,NA,NA,NA,NA,NA,NA,NA,NA,NA,NA,NA,NA,NA,NA,NA,NA,NA
565,433,03/10/2022 06:37,03/10/2022 06:44,0,100,433,1,03/10/2022 06:44,NA,NA,NA,NA,50.8612,-0.1194,anonymous,EN,1,1,18,Woman,1,14.727,182.401,183.501,35,1,3,0,0,0,0,0,0,0,0,0,1,1,0,2,0,2,0,1,2,8,5,1,2,1,1,0,0,14.729,182.401,183.5,35,53,18,Woman,4,2,0,0,1,1,0,0,2,0,3,0,0,0
566,433,29/09/2022 08:17,29/09/2022 08:24,0,100,433,1,29/09/2022 08:24,NA,NA,NA,NA,50.8345,-0.186,anonymous,EN,1,1,20,Woman,1,41.005,402.409,403.855,33,2,6,2,1,1,0,0,0,0,1,0,0,0,0,2,1,1,1,1,2,0,0,1,1,0,0,0,1,41.008,402.408,403.854,33,649,19,Woman,2,2,3,0,3,3,0,0,1,1,1,1,0,0
567,434,13/04/2022 15:16,13/04/2022 15:23,0,100,434,1,13/04/2022 15:23,NA,NA,NA,NA,50.8612,-0.1194,anonymous,EN,1,1,20,Woman,1,35.046,397.983,401.352,53,7,9,1,0,1,1,0,0,0,1,0,1,0,6,3,2,2,4,2,4,5,4,5,2,3,0,0,1,35.047,397.983,401.353,53,NA,NA,NA,NA,NA,NA,NA,NA,NA,NA,NA,NA,NA,NA,NA,NA,NA
568,437,24/10/2022 10:16,24/10/2022 10:23,0,100,437,1,24/10/2022 10:23,NA,NA,NA,NA,50.8612,-0.1194,anonymous,EN,1,1,18,Woman,1,1.438,415.035,415.833,71,3,6,4,3,6,2,4,1,5,7,3,3,2,6,6,2,3,6,5,7,7,8,6,5,6,7,4,2,1.439,415.035,415.833,71,8,18,Woman,3,4,1,1,4,3,0,0,2,2,4,1,1,1
569,438,08/12/2022 19:14,08/12/2022 19:21,0,100,438,1,08/12/2022 19:21,NA,NA,NA,NA,50.8612,-0.1194,anonymous,EN,1,1,19,Man,1,67.769,399.641,400.548,41,2,4,1,0,0,1,1,0,1,1,1,2,0,0,3,2,4,0,0,6,9,4,5,4,2,0,6,0,67.769,399.641,400.548,41,319,18,Man,5,2,0,2,3,2,0,0,0,0,0,5,1,3
570,438,25/04/2022 14:17,25/04/2022 14:17,0,55,14,0,02/05/2022 14:18,NA,NA,NA,NA,NA,NA,anonymous,EN,1,1,21,Woman,1,NA,NA,NA,NA,NA,NA,NA,NA,NA,NA,NA,NA,NA,NA,NA,NA,NA,NA,NA,NA,NA,NA,NA,NA,NA,NA,NA,NA,NA,NA,NA,NA,NA,NA,NA,NA,NA,NA,NA,NA,NA,NA,NA,NA,NA,NA,NA,NA,NA,NA,NA,NA,NA
571,438,04/10/2022 03:10,04/10/2022 03:17,0,100,438,1,04/10/2022 03:17,NA,NA,NA,NA,50.8612,-0.1194,anonymous,EN,1,1,21,Woman,1,42.756,413.401,414.6,28,4,5,4,6,6,6,6,6,6,6,6,6,5,5,5,6,5,5,7,4,4,6,7,6,6,6,5,5,42.756,413.401,414.6,28,NA,NA,NA,NA,NA,NA,NA,NA,NA,NA,NA,NA,NA,NA,NA,NA,NA
572,438,25/04/2022 14:17,25/04/2022 14:17,0,55,14,0,02/05/2022 14:18,NA,NA,NA,NA,NA,NA,anonymous,EN,1,1,21,Woman,1,NA,NA,NA,NA,NA,NA,NA,NA,NA,NA,NA,NA,NA,NA,NA,NA,NA,NA,NA,NA,NA,NA,NA,NA,NA,NA,NA,NA,NA,NA,NA,NA,NA,NA,NA,NA,NA,NA,NA,NA,NA,NA,NA,NA,NA,NA,NA,NA,NA,NA,NA,NA,NA
573,438,04/10/2022 03:10,04/10/2022 03:17,0,100,438,1,04/10/2022 03:17,NA,NA,NA,NA,50.8612,-0.1194,anonymous,EN,1,1,21,Woman,1,42.756,413.401,414.6,28,4,5,4,6,6,6,6,6,6,6,6,6,5,5,5,6,5,5,7,4,4,6,7,6,6,6,5,5,42.756,413.401,414.6,28,NA,NA,NA,NA,NA,NA,NA,NA,NA,NA,NA,NA,NA,NA,NA,NA,NA
574,442,20/10/2022 08:47,20/10/2022 08:55,0,100,442,1,20/10/2022 08:55,NA,NA,NA,NA,50.8612,-0.1194,anonymous,EN,1,1,18,Woman,1,47.392,364.32,365.851,30,0,8,0,0,2,2,0,1,0,3,0,0,0,3,2,3,3,4,0,2,0,2,2,5,2,0,1,0,47.394,364.32,365.846,30,232,18,Woman,1,2,4,0,1,2,0,0,0,0,5,0,0,0
575,443,23/04/2022 12:18,23/04/2022 12:25,0,100,443,1,23/04/2022 12:25,NA,NA,NA,NA,51.3503,-0.2014,anonymous,EN,1,1,20,Woman,1,23.485,323.111,324.628,31,4,10,4,4,0,0,0,1,2,10,3,3,1,6,10,4,2,1,1,10,10,10,2,10,3,1,10,1,23.486,323.111,324.628,31,NA,NA,NA,NA,NA,NA,NA,NA,NA,NA,NA,NA,NA,NA,NA,NA,NA
576,444,06/12/2022 08:03,06/12/2022 08:10,0,100,444,1,06/12/2022 08:10,NA,NA,NA,NA,50.8429,-0.1158,anonymous,EN,1,1,19,Man,1,33.978,302.537,399.604,41,0,3,1,0,0,1,0,0,0,3,1,1,0,0,2,0,0,2,1,1,10,3,2,10,0,0,0,0,33.978,302.537,399.604,41,132,19,Man,4,4,0,0,2,1,0,0,0,0,0,2,0,0
577,446,08/12/2022 03:04,08/12/2022 03:12,0,100,446,1,08/12/2022 03:12,NA,NA,NA,NA,50.8612,-0.1194,anonymous,EN,1,1,18,Woman,1,3.825,335.895,337.172,59,5,4,0,0,0,0,1,0,0,0,0,0,1,1,4,1,5,8,0,8,6,7,0,4,0,0,0,1,3.83,335.895,337.173,59,407,18,Woman,1,2,0,2.5,3,2,0,0,2,0,0,0,3,2
578,448,14/10/2022 09:23,14/10/2022 09:30,0,100,448,1,14/10/2022 09:30,NA,NA,NA,NA,50.8612,-0.1194,anonymous,EN,1,1,18,Woman,1,21.617,406.753,409.41,30,1,1,0,0,0,0,0,1,0,1,0,0,0,1,2,1,1,1,1,1,0,1,1,1,0,1,0,0,21.62,406.754,409.41,30,310,18,Woman,4,4,3,2,4,3,0,0,3,0,0,3,1,3
579,448,12/11/2022 12:12,12/11/2022 12:20,0,100,448,1,12/11/2022 12:20,NA,NA,NA,NA,50.8007,-1.0806,anonymous,EN,1,1,20,Woman,1,34.697,388.574,390.626,58,6,5,0,2,1,0,2,0,2,6,8,4,8,2,1,2,5,7,5,6,1,9,5,1,1,1,1,3,34.698,388.574,390.626,58,NA,NA,NA,NA,NA,NA,NA,NA,NA,NA,NA,NA,NA,NA,NA,NA,NA
580,449,25/04/2022 05:07,25/04/2022 05:15,0,100,449,1,25/04/2022 05:15,NA,NA,NA,NA,50.8326,-0.0764,anonymous,EN,1,1,20,Woman,1,49.904,375.086,376.576,30,5,7,0,0,1,0,1,0,0,2,3,1,0,1,1,1,7,4,2,1,5,1,1,3,0,0,0,0,49.905,375.086,376.576,30,870,20,Woman,4,5,3,3,5,5,0,0,0,0,4,0,4,2
581,450,27/10/2022 06:36,27/10/2022 06:44,0,100,450,1,27/10/2022 06:44,NA,NA,NA,NA,50.8612,-0.1194,anonymous,EN,1,1,18,Woman,1,1.376,417.899,418.525,98,4,7,2,0,5,3,0,0,1,4,0,0,0,2,6,4,7,8,4,6,10,4,5,9,5,1,0,3,1.375,417.898,418.524,98,292,18,Woman,5,4,3,1,5,4,0,0,1,0,5,0,1,1
582,450,24/11/2022 09:55,24/11/2022 10:02,0,100,450,1,24/11/2022 10:02,NA,NA,NA,NA,50.8612,-0.1194,anonymous,EN,1,1,23,Man,1,34.426,385.388,386.405,55,1,2,1,0,1,0,4,0,2,1,0,0,1,4,2,1,6,0,1,3,3,6,8,4,0,0,1,0,34.427,385.387,386.404,55,371,23,Man,4,4,2,1,5,3,0,0,1,0,5,0,0,2
583,452,05/11/2022 14:16,05/11/2022 14:23,0,100,452,1,05/11/2022 14:23,NA,NA,NA,NA,50.8612,-0.1194,anonymous,EN,1,1,18,Woman,1,3.374,337.595,338.891,47,1,3,0,0,0,1,4,0,1,0,0,0,0,5,1,1,4,4,6,2,1,1,4,0,1,0,0,0,3.375,337.594,338.89,47,270,18,Woman,4,5,2,2,4,3,2,0,3,1.414213562,2,1,2,2
584,452,05/10/2022 05:55,05/10/2022 06:03,0,100,452,1,05/10/2022 06:03,NA,NA,NA,NA,50.8612,-0.1194,anonymous,EN,1,1,19,Woman,1,47.51,318.409,320.228,33,0,3,0,0,3,1,1,0,0,1,0,0,1,4,3,0,1,1,6,4,2,1,2,3,4,2,8,0,47.511,318.409,320.228,33,287,19,Woman,1,1,0,0,1,0,0,0,1,0,5,0,0,0
585,453,17/10/2022 11:31,17/10/2022 11:38,0,100,453,1,17/10/2022 11:38,NA,NA,NA,NA,50.8612,-0.1194,anonymous,EN,1,1,18,Woman,1,54.332,355.173,356.401,40,6,8,0,0,5,1,0,1,3,5,0,0,0,2,4,1,4,3,2,3,5,2,4,5,4,3,2,0,54.335,355.173,356.401,40,45,18,Woman,4,4,1,1,2,3,0,0,0,0,2,0,1,1
586,455,09/12/2022 08:11,09/12/2022 08:18,0,100,455,1,09/12/2022 08:18,NA,NA,NA,NA,50.8612,-0.1194,anonymous,EN,1,1,20,Woman,1,16.187,402.567,403.158,50,2,6,4,1,0,1,8,4,1,3,10,9,8,10,7,5,4,9,9,4,4,10,2,7,7,0,4,1,16.187,402.566,403.157,50,609,19,Woman,4,4,3,3,4,3,0,0,3,2.45,2,3,2,4
587,457,29/04/2022 02:38,29/04/2022 02:45,0,100,457,1,29/04/2022 02:45,NA,NA,NA,NA,51.3503,-0.2014,anonymous,EN,1,1,44,Woman,1,8.161,416.725,418.054,91,2,1,0,0,0,0,1,0,0,0,0,0,0,1,1,0,1,1,2,2,1,0,1,0,0,0,0,0,8.061,416.723,418.048,91,565,43,Woman,5,4,3,1.5,5,5,1,0,1,0,3,0,2,1
588,458,07/12/2022 09:46,07/12/2022 09:54,0,100,458,1,07/12/2022 09:54,NA,NA,NA,NA,50.8612,-0.1194,anonymous,EN,1,1,21,Woman,1,33.718,393.415,394.51,34,3,8,2,1,6,1,8,2,8,6,1,1,7,9,4,6,9,6,2,1,8,0,3,7,1,6,7,4,33.718,393.414,394.509,34,728,20,Woman,4,4,2,3.5,0,0,0,0,2,0,5,0,2,5
589,459,13/10/2022 03:55,13/10/2022 04:03,0,100,459,1,13/10/2022 04:03,NA,NA,NA,NA,51.4528,-0.109,anonymous,EN,1,1,20,Woman,1,18.278,307.336,308.316,28,1,3,0,0,0,4,0,1,1,1,0,0,0,7,1,1,2,1,4,1,10,1,10,1,2,0,0,0,18.278,307.336,308.316,28,686,19,Woman,0,0,0,0,0,0,0,0,0,3.16,5,2,0,0
590,460,08/11/2022 11:20,08/11/2022 11:27,0,100,460,1,08/11/2022 11:27,NA,NA,NA,NA,50.8345,-0.186,anonymous,EN,1,1,19,Woman,1,53.239,326.864,335.544,35,4,3,6,0,0,0,0,0,0,1,2,1,0,0,2,1,6,1,2,4,1,3,1,3,1,0,5,0,53.239,326.864,335.544,35,439,19,Woman,3,3,2,0.5,1,0,0,5,0,0,5,0,1,0
591,461,08/12/2022 12:32,08/12/2022 12:40,0,100,461,1,08/12/2022 12:40,NA,NA,NA,NA,50.8612,-0.1194,anonymous,EN,1,1,20,Woman,1,47.435,346.977,348.518,30,1,2,0,0,1,1,0,0,0,0,0,0,0,0,1,2,2,1,1,3,0,0,0,3,1,0,0,0,47.436,346.977,348.518,30,904,19,Woman,4,3,2,1,3,2,0,0,1,0,4,0,1,1
592,461,20/04/2022 10:32,20/04/2022 10:40,0,100,461,1,20/04/2022 10:40,NA,NA,NA,NA,51.5648,-0.1374,anonymous,EN,1,1,20,Woman,1,54.33,387.518,389.192,32,3,8,2,3,1,0,0,3,1,4,4,8,4,3,8,4,7,6,3,6,2,7,6,7,6,2,0,1,54.33,387.518,389.192,32,608,19,Woman,4,3,2,2.5,5,2,0,1,2,0,0,3,3,2
593,464,08/12/2022 09:15,08/12/2022 09:22,0,100,464,1,08/12/2022 09:22,NA,NA,NA,NA,50.8612,-0.1194,anonymous,EN,1,1,19,Man,1,6.015,446.642,447.24,59,3,0,4,0,0,0,7,2,1,1,0,0,0,8,6,3,1,2,2,0,4,7,5,1,0,0,0,1,6.015,446.643,447.24,59,610,18,Man,2,2,0,1,1,1,0,0,2,0,4,0,1,1
594,467,28/11/2022 06:13,28/11/2022 06:21,0,100,467,1,28/11/2022 06:21,NA,NA,NA,NA,50.8612,-0.1194,anonymous,EN,1,1,18,Man,1,8.599,413.535,415.124,51,4,3,2,0,0,1,2,0,1,2,1,0,0,2,3,4,7,7,8,7,6,3,6,4,3,2,0,1,8.601,413.535,415.124,51,413,18,Man,4,1,2,0,4,2,0,0,3,0,0,0,0,0
595,467,18/04/2022 12:09,18/04/2022 12:17,0,100,467,1,18/04/2022 12:17,NA,NA,NA,NA,52.0488,-0.3595,anonymous,EN,1,1,21,Woman,1,39.655,404.896,410.185,101,7,7,3,2,2,1,2,0,1,0,1,2,2,2,4,4,5,3,1,8,10,7,3,3,2,0,0,0,39.657,404.896,410.186,101,NA,NA,NA,NA,NA,NA,NA,NA,NA,NA,NA,NA,NA,NA,NA,NA,NA
596,474,03/10/2022 13:06,03/10/2022 13:14,0,100,474,1,03/10/2022 13:14,NA,NA,NA,NA,50.8612,-0.1194,anonymous,EN,1,1,19,Woman,1,12.703,413.656,415.351,62,6,4,0,1,2,1,0,0,2,4,1,1,0,1,2,3,2,0,2,7,1,0,2,2,2,1,0,0,12.703,413.657,415.351,62,363,19,Woman,2,2,0,3,3,1,0,0,2,2.828427125,4,2,4,2
597,476,19/10/2022 06:33,19/10/2022 06:41,0,100,476,1,19/10/2022 06:41,NA,NA,NA,NA,52.5279,-2.0705,anonymous,EN,1,1,20,Woman,1,35.408,391.5,392.476,42,3,4,0,0,0,0,0,0,0,1,0,0,0,0,2,1,2,0,1,7,7,1,1,1,1,1,3,0,35.409,391.5,392.476,42,318,20,Woman,0,4,3,4.5,4,3,0,0,1,3.872983346,3,5,5,4
598,477,08/12/2022 09:28,08/12/2022 09:36,0,100,477,1,08/12/2022 09:36,NA,NA,NA,NA,50.8612,-0.1194,anonymous,EN,1,1,19,Man,1,28.359,409.7,410.361,47,2,8,6,6,4,4,5,1,1,7,0,4,3,5,7,3,7,6,4,7,3,7,7,7,4,6,7,3,28.361,409.7,410.361,47,377,19,Man,4,1,2,3.5,2,5,0,0,0,0,0,5,3,4
599,478,18/10/2022 13:57,18/10/2022 14:05,0,100,478,1,18/10/2022 14:05,NA,NA,NA,NA,50.8612,-0.1194,anonymous,EN,1,1,19,Woman,1,70.525,312.947,314.775,34,5,3,0,0,1,0,0,0,0,3,0,2,2,1,3,1,7,6,1,1,1,3,3,3,1,0,0,0,70.527,312.948,314.775,34,416,19,Woman,4,5,1,0,3,2,0,0,0,1.414213562,2,1,0,0
600,478,28/04/2022 11:06,28/04/2022 11:14,0,100,478,1,28/04/2022 11:14,NA,NA,NA,NA,50.8612,-0.1194,anonymous,EN,1,1,19,Woman,1,106.673,439.41,440.233,38,8,9,3,1,0,0,0,1,2,8,8,1,2,4,8,0,7,7,2,8,7,10,0,7,0,0,2,0,106.675,439.41,440.233,38,NA,NA,NA,NA,NA,NA,NA,NA,NA,NA,NA,NA,NA,NA,NA,NA,NA
601,479,03/11/2022 11:59,03/11/2022 12:07,0,100,479,1,03/11/2022 12:07,NA,NA,NA,NA,50.8429,-0.1158,anonymous,EN,1,1,20,Woman,1,39.095,418.864,419.675,64,2,7,0,0,1,0,3,1,7,2,7,5,7,0,3,3,6,9,5,9,3,3,4,4,3,3,1,6,39.095,418.864,419.675,64,564,19,Woman,1,0,0,0,0,0,3,0,2,0,5,0,0,0
602,480,13/11/2022 17:52,13/11/2022 18:00,0,100,480,1,13/11/2022 18:00,NA,NA,NA,NA,50.82,-1.0664,anonymous,EN,1,1,18,Woman,1,50.235,454.015,455.086,28,6,7,4,4,2,2,5,3,1,3,6,8,7,6,7,5,6,6,2,6,1,6,6,5,7,2,5,2,50.234,454.014,455.085,28,NA,NA,NA,NA,NA,NA,NA,NA,NA,NA,NA,NA,NA,NA,NA,NA,NA
603,480,01/10/2022 10:45,01/10/2022 10:53,0,100,480,1,01/10/2022 10:53,NA,NA,NA,NA,50.8612,-0.1194,anonymous,EN,1,1,18,Woman,1,6.857,326.793,327.764,82,7,8,8,2,0,0,2,0,3,8,8,8,8,1,9,4,7,7,8,8,8,4,5,7,6,1,7,4,6.858,326.794,327.764,82,184,18,Woman,4,0,0,0,1,0,0,0,0,1,1,1,0,0
604,480,20/11/2022 15:46,20/11/2022 15:54,0,100,480,1,20/11/2022 15:54,NA,NA,NA,NA,50.8612,-0.1194,anonymous,EN,1,1,19,Woman,1,41.984,460.412,461.683,31,6,8,1,0,0,2,0,1,3,7,2,3,0,1,9,7,6,8,8,5,3,2,6,7,3,0,2,1,41.985,460.412,461.683,31,265,19,Woman,4,5,1,1.5,3,3,0,0,2,3.16227766,5,2,2,1
605,483,16/11/2022 12:27,16/11/2022 12:35,0,100,483,1,16/11/2022 12:35,NA,NA,NA,NA,50.8612,-0.1194,anonymous,EN,1,1,19,Woman,1,3.18,353.438,354.856,82,5,6,3,2,3,4,4,2,4,1,5,5,6,4,4,6,5,5,4,5,7,6,3,4,4,5,3,3,3.179,353.439,354.857,82,720,18,Woman,4,4,1,0,4,3,0,0,1,0,0,1,0,0
606,486,08/10/2022 11:15,08/10/2022 11:23,0,100,486,1,08/10/2022 11:23,NA,NA,NA,NA,50.8429,-0.1158,anonymous,EN,1,1,21,Man,1,3.709,329.395,330.473,105,0,4,0,0,0,0,0,0,0,0,0,0,0,10,1,3,8,3,10,1,10,0,5,0,1,0,0,0,3.709,329.395,330.473,105,815,20,Man,5,5,0,1,5,0,0,0,2,2,2,2,0,2
607,487,05/12/2022 12:34,05/12/2022 12:42,0,100,487,1,05/12/2022 12:42,NA,NA,NA,NA,50.8612,-0.1194,anonymous,EN,1,1,19,Woman,1,16.162,455.678,456.687,33,2,8,0,0,1,0,0,2,0,8,0,0,0,4,2,0,4,3,5,8,6,5,9,7,0,0,0,0,16.162,455.678,456.687,33,192,19,Woman,5,4,0,1,3,2,0,0,4,0,5,0,1,1
608,488,28/04/2022 11:21,28/04/2022 11:29,0,100,488,1,28/04/2022 11:29,NA,NA,NA,NA,50.8326,-0.0764,anonymous,EN,1,1,20,Woman,1,15.631,429.951,431.272,38,9,6,1,0,1,0,0,6,1,1,1,3,0,0,1,1,3,0,1,6,2,0,3,1,0,0,0,0,15.631,429.951,431.272,38,NA,NA,NA,NA,NA,NA,NA,NA,NA,NA,NA,NA,NA,NA,NA,NA,NA
609,488,29/09/2022 04:19,29/09/2022 04:27,0,100,488,1,29/09/2022 04:27,NA,NA,NA,NA,50.7883,0.2817,anonymous,EN,1,1,31,Man,1,51.961,429.853,430.883,42,1,3,0,0,0,0,0,0,0,0,0,1,0,0,0,0,5,3,1,1,2,8,3,1,0,0,2,0,51.961,429.853,430.883,42,346,31,Man,2,4,1,3.5,3,3,0,3,0,1.414213562,2,1,4,3
610,489,16/10/2022 14:35,16/10/2022 14:43,0,100,489,1,16/10/2022 14:43,NA,NA,NA,NA,51.5689,0.008,anonymous,EN,1,1,19,Woman,1,30.263,459.023,461.301,43,6,9,5,1,1,0,9,1,1,1,4,5,2,1,7,3,6,7,4,9,4,4,6,7,5,5,6,0,30.263,459.023,461.305,43,759,18,Woman,5,4,0,0.5,5,2,3,0,1,0,5,0,1,0
611,490,10/04/2022 04:18,10/04/2022 04:26,0,100,490,1,10/04/2022 04:26,NA,NA,NA,NA,51.11470032,-0.184005737,anonymous,EN,1,1,20,Woman,1,21.961,375.623,376.627,37,10,8,2,1,4,7,1,0,0,0,0,0,0,0,0,0,3,3,0,0,0,0,7,0,1,0,0,0,21.964,375.623,376.628,37,795,19,Woman,3,3,1,3,3,2,0,0,0,0,0,5,5,1
612,493,04/10/2022 06:41,04/10/2022 06:49,0,100,493,1,04/10/2022 06:49,NA,NA,NA,NA,50.8612,-0.1194,anonymous,EN,1,1,19,Woman,1,40.316,429.51,449.728,53,5,9,2,1,4,4,3,6,2,6,10,10,8,3,7,4,3,4,5,8,6,6,2,7,2,6,3,4,40.316,429.509,449.727,53,286,19,Woman,5,5,1,0.5,4,2,1,0,2,2.449489743,2,3,1,0
613,494,15/11/2022 09:03,15/11/2022 09:11,0,100,494,1,15/11/2022 09:11,NA,NA,NA,NA,50.8612,-0.1194,anonymous,EN,1,1,18,Man,1,30.531,465.455,466.417,38,4,2,0,0,0,1,0,0,0,0,0,0,0,1,0,1,4,10,5,4,0,1,3,1,1,0,0,0,30.53,465.454,466.416,38,34,18,Man,4,1,0,1.5,1,0,0,0,0,0,1,0,1,2
614,495,22/04/2022 09:44,22/04/2022 09:53,0,100,495,1,22/04/2022 09:53,NA,NA,NA,NA,51.4513,-0.289,anonymous,EN,1,1,20,Woman,1,37.533,477.089,478.574,64,5,8,1,1,1,1,0,0,0,4,1,1,0,3,5,2,6,9,3,3,5,9,6,6,6,5,1,4,37.533,477.089,478.574,64,647,19,Woman,1,3,1,4,3,4,2,0,0,2,2,2,4,4
615,498,06/12/2022 08:07,06/12/2022 08:15,0,100,498,1,06/12/2022 08:15,NA,NA,NA,NA,51.4203,-0.1175,anonymous,EN,1,1,19,Other,1,39.202,469.635,470.802,38,2,3,2,0,0,1,0,0,2,2,0,0,0,1,3,2,2,1,0,6,9,4,0,1,0,0,3,0,39.202,469.634,470.801,38,241,19,Non-binary,5,2,1,1.5,5,4,0,0,3,0,5,0,2,1
616,499,28/09/2022 07:15,28/09/2022 07:24,0,100,499,1,28/09/2022 07:24,NA,NA,NA,NA,50.8429,-0.1158,anonymous,EN,1,1,26,Woman,1,12.376,431.19,432.325,62,1,6,0,0,1,3,0,0,0,1,0,0,0,4,1,1,2,3,4,1,1,0,2,2,0,2,0,0,12.378,431.191,432.325,62,697,25,Woman,5,2,0,2.5,3,2,0,0,3,0,5,0,4,1
617,500,03/10/2022 06:52,03/10/2022 07:00,0,100,500,1,03/10/2022 07:00,NA,NA,NA,NA,50.8435,-0.2166,anonymous,EN,1,1,19,Man,1,20.091,451.28,453.081,33,1,4,0,0,2,2,0,0,3,2,1,1,0,0,7,2,2,0,3,4,2,3,4,6,4,2,6,0,20.093,451.28,453.082,33,674,18,Man,4,1,0,2,5,0,0,0,0,0,0,3,3,1
618,500,15/04/2022 05:03,15/04/2022 05:11,0,100,500,1,15/04/2022 05:11,NA,NA,NA,NA,30.0778,31.2852,anonymous,EN,1,1,21,Man,1,48.633,478.098,479.138,33,7,7,2,0,0,1,3,0,1,3,1,0,0,4,6,1,3,1,3,2,2,5,6,4,4,1,1,0,48.632,478.097,479.137,33,NA,NA,NA,NA,NA,NA,NA,NA,NA,NA,NA,NA,NA,NA,NA,NA,NA
619,501,09/12/2022 04:07,09/12/2022 04:15,0,100,501,1,09/12/2022 04:15,NA,NA,NA,NA,50.8429,-0.1158,anonymous,EN,1,1,21,Woman,1,59.103,447.894,448.56,45,4,5,1,1,1,0,2,4,1,1,0,3,2,5,8,2,5,4,3,5,6,1,5,5,3,1,7,2,59.005,447.895,448.561,45,841,20,Woman,4,3,4,1.5,3,2,0,0,2,0,0,5,1,2
620,502,26/11/2022 10:41,26/11/2022 10:49,0,100,502,1,26/11/2022 10:49,NA,NA,NA,NA,51.41,0.8545,anonymous,EN,1,1,50,Man,1,51.078,398.2,399.827,31,1,3,0,0,0,0,0,0,2,0,0,1,0,1,0,0,0,0,1,1,1,0,2,0,0,0,0,0,51.079,398.2,399.827,31,162,49,Man,2,0,2,0,1,2,0,0,0,0,0,0,0,0
621,504,17/10/2022 07:50,17/10/2022 07:58,0,100,504,1,17/10/2022 07:58,NA,NA,NA,NA,51.4528,-0.109,anonymous,EN,1,NA,19,Woman,1,60.805,297.657,298.602,34,5,8,1,0,0,2,0,2,2,4,0,8,8,4,2,4,7,4,2,3,3,4,6,2,2,0,0,1,60.807,297.658,298.603,34,636,18,Woman,2,4,2,3.5,3,4,2,3,2,1.73,3,1,4,3
622,505,12/10/2022 12:31,12/10/2022 12:39,0,100,505,1,12/10/2022 12:39,NA,NA,NA,NA,51.0675,-0.362,anonymous,EN,1,1,25,Woman,1,79.826,455.492,456.219,31,7,8,2,0,2,1,1,2,3,2,1,2,0,4,2,1,5,7,9,8,7,9,7,8,4,5,7,2,79.826,455.491,456.214,31,NA,NA,NA,NA,NA,NA,NA,NA,NA,NA,NA,NA,NA,NA,NA,NA,NA
623,507,18/04/2022 08:04,18/04/2022 08:13,0,100,507,1,18/04/2022 08:13,NA,NA,NA,NA,51.4469,0.0509,anonymous,EN,1,1,18,Woman,1,39.668,483.167,484.207,36,7,6,2,3,2,6,5,1,8,4,1,2,1,4,9,5,2,8,6,8,6,9,6,8,5,3,5,5,39.669,483.166,484.206,36,NA,NA,NA,NA,NA,NA,NA,NA,NA,NA,NA,NA,NA,NA,NA,NA,NA
624,509,26/09/2022 08:00,26/09/2022 08:09,0,100,509,1,26/09/2022 08:09,NA,NA,NA,NA,50.8345,-0.186,anonymous,EN,1,1,20,Woman,1,34.037,490.186,492.098,43,2,3,1,1,1,1,0,0,5,0,1,1,0,2,3,2,5,2,1,3,5,2,4,3,1,3,0,0,34.039,490.186,492.098,43,572,19,Woman,2,3,2,3.5,3,2,0,0,3,3,3,3,3,4
625,510,11/11/2022 11:19,11/11/2022 11:27,0,100,510,1,11/11/2022 11:27,NA,NA,NA,NA,50.8612,-0.1194,anonymous,EN,1,1,20,Woman,1,33.768,385.521,386.802,71,1,6,1,1,2,1,0,0,2,2,1,1,0,0,2,0,3,0,3,4,3,2,3,5,1,2,3,0,33.77,385.522,386.702,71,NA,NA,NA,NA,NA,NA,NA,NA,NA,NA,NA,NA,NA,NA,NA,NA,NA
626,510,21/10/2022 10:44,21/10/2022 10:53,0,100,510,1,21/10/2022 10:53,NA,NA,NA,NA,50.8612,-0.1194,anonymous,EN,1,1,22,Woman,1,4.017,463.096,464.781,50,7,9,6,0,0,2,0,1,4,5,10,4,8,0,3,7,6,1,4,8,8,4,3,8,8,0,3,6,4.017,463.095,464.781,50,NA,NA,NA,NA,NA,NA,NA,NA,NA,NA,NA,NA,NA,NA,NA,NA,NA
627,516,28/11/2022 10:50,28/11/2022 10:59,0,100,516,1,28/11/2022 10:59,NA,NA,NA,NA,50.8612,-0.1194,anonymous,EN,1,1,19,Woman,1,25.39,407.33,411.749,44,3,6,1,0,1,0,1,0,0,1,0,0,1,1,2,0,2,1,2,4,2,1,2,3,1,1,0,0,25.391,407.33,411.75,44,650,18,Woman,3,2,0,2.5,3,2,0,0,1,0,0,0,2,3
628,516,16/04/2022 18:49,16/04/2022 18:58,0,100,516,1,16/04/2022 18:58,NA,NA,NA,NA,50.8345,-0.186,anonymous,EN,1,1,25,Man,1,36.553,417.393,418.636,54,1,4,0,0,0,0,0,0,0,0,0,1,0,0,3,1,1,2,3,1,8,5,4,2,2,0,0,0,36.554,417.393,418.636,54,NA,NA,NA,NA,NA,NA,NA,NA,NA,NA,NA,NA,NA,NA,NA,NA,NA
629,517,17/10/2022 08:49,17/10/2022 08:57,0,100,517,1,17/10/2022 08:57,NA,NA,NA,NA,50.8612,-0.1194,anonymous,EN,1,1,20,Woman,1,54.385,411.811,413.697,36,2,3,2,0,1,0,0,0,0,0,0,0,0,1,4,0,1,0,1,1,1,1,4,5,2,1,0,0,54.384,411.81,413.696,36,243,20,Woman,2,2,0,0,4,1,0,0,1,2.449489743,2,3,0,0
630,525,13/10/2022 07:47,13/10/2022 07:56,0,100,525,1,13/10/2022 07:56,NA,NA,NA,NA,50.8612,-0.1194,anonymous,EN,1,1,18,Woman,1,65.45,474.271,475.316,46,3,7,2,0,2,2,2,0,1,6,3,6,3,9,7,5,5,6,4,8,2,4,3,3,3,1,0,0,65.453,474.27,475.316,46,388,18,Woman,3,5,2,2.5,5,0,0,0,0,3.464101615,3,4,3,2
631,529,30/10/2022 06:55,30/10/2022 07:04,0,100,529,1,30/10/2022 07:04,NA,NA,NA,NA,51.0955,-0.5116,anonymous,EN,1,1,24,Woman,1,46.979,489.081,491.137,40,1,2,0,0,1,1,0,1,0,1,0,0,0,2,1,0,0,0,0,0,2,0,0,3,2,0,0,0,46.981,489.082,491.137,40,598,23,Woman,3,4,2,4,3,4,0,0,2,2.45,2,3,3,5
632,530,10/10/2022 07:16,10/10/2022 07:25,0,100,530,1,10/10/2022 07:25,NA,NA,NA,NA,50.8612,-0.1194,anonymous,EN,1,1,18,Woman,1,30.877,487.311,488.2,33,5,7,2,0,0,0,2,0,0,0,0,1,0,1,8,0,4,3,1,6,8,6,2,3,0,0,0,0,30.879,487.311,488.2,33,107,18,Woman,5,2,0,0,3,2,0,0,0,1.732050808,3,1,0,0
633,531,18/11/2022 09:07,18/11/2022 09:16,0,100,531,1,18/11/2022 09:16,NA,NA,NA,NA,50.8612,-0.1194,anonymous,EN,1,1,19,Man,1,5.923,475.517,477.091,140,2,1,0,0,0,0,0,0,1,0,0,0,0,0,1,1,1,1,0,1,5,2,2,0,0,0,0,0,5.923,475.516,477.09,140,240,19,Man,1,3,1,3,2,4,0,0,1,0,4,0,2,4
634,531,31/10/2022 18:21,31/10/2022 18:30,0,100,531,1,31/10/2022 18:30,NA,NA,NA,NA,50.9138,-0.4553,anonymous,EN,1,1,58,Woman,1,59.354,452.742,454.362,39,2,2,2,1,0,0,0,0,0,0,1,0,0,4,0,1,1,2,1,2,1,3,2,2,2,1,0,2,59.355,452.742,454.362,39,659,57,Woman,4,4,0,2.5,3,4,0,0,0,0,0,3,2,3
635,532,06/10/2022 09:48,06/10/2022 09:57,0,100,532,1,06/10/2022 09:57,NA,NA,NA,NA,50.8612,-0.1194,anonymous,EN,1,1,18,Woman,1,39.278,398.867,424.716,40,6,2,0,0,0,0,0,0,0,1,0,0,0,1,3,0,1,1,1,9,4,1,1,2,1,0,0,0,39.28,398.867,424.716,40,106,18,Woman,3,1,0,1.5,3,4,0,0,1,1.732050808,3,1,2,1
636,532,20/11/2022 12:54,20/11/2022 13:03,0,100,532,1,20/11/2022 13:03,NA,NA,NA,NA,50.8612,-0.1194,anonymous,EN,1,1,18,Other,1,19.285,467.088,467.922,31,7,9,1,0,1,0,7,0,6,3,7,7,4,0,4,1,8,0,0,6,3,6,9,5,0,0,0,7,19.287,467.088,467.922,31,NA,NA,NA,NA,NA,NA,NA,NA,NA,NA,NA,NA,NA,NA,NA,NA,NA
637,537,05/11/2022 15:48,05/11/2022 15:57,0,100,537,1,05/11/2022 15:57,NA,NA,NA,NA,50.8612,-0.1194,anonymous,EN,1,1,18,Woman,1,36.411,292.451,293.324,61,1,3,0,0,8,4,2,2,6,9,2,7,3,2,7,4,6,9,10,10,8,10,1,6,2,1,7,2,36.411,292.45,293.323,61,288,18,Woman,4,5,1,0,2,1,1,0,0,0,0,5,0,0
638,539,18/04/2022 14:03,18/04/2022 14:12,0,100,539,1,18/04/2022 14:12,NA,NA,NA,NA,51.2476,-0.7672,anonymous,EN,1,1,18,Woman,1,16.145,508.3,510.6,35,6,7,0,0,5,1,2,0,0,1,0,1,1,3,5,1,2,6,3,7,0,2,5,1,3,1,0,0,16.146,508.3,510.6,35,689,18,Woman,5,3,1,1.5,4,0,0,0,0,0,0,4,2,1
639,539,30/09/2022 08:15,30/09/2022 08:24,0,100,539,1,30/09/2022 08:24,NA,NA,NA,NA,50.8429,-0.1158,anonymous,EN,1,1,19,Woman,1,5.48,516.75,517.675,36,0,7,0,0,0,0,0,0,0,7,8,7,1,2,6,0,6,9,8,8,10,10,3,0,0,0,0,1,5.482,516.75,517.675,36,448,18,Woman,0,0,0,0,0,0,0,0,0,0,0,0,0,0
640,542,06/11/2022 11:41,06/11/2022 11:50,0,100,542,1,06/11/2022 11:50,NA,NA,NA,NA,50.8612,-0.1194,anonymous,EN,1,1,18,Woman,1,23.032,514.403,515.258,52,5,7,5,3,3,2,7,1,6,7,6,7,6,5,8,8,7,6,8,8,4,6,2,3,6,4,1,6,23.035,514.403,515.258,52,93,18,Woman,2,3,1,0.5,2,2,0,0,1,2.449489743,2,3,0,1
641,544,08/04/2022 08:16,08/04/2022 08:25,0,100,544,1,08/04/2022 08:25,NA,NA,NA,NA,51.4203,-0.1175,anonymous,EN,1,1,19,Woman,1,16.898,516.644,518.153,28,6,7,5,2,3,5,3,0,3,2,1,3,1,2,6,5,2,6,4,7,2,4,5,5,5,2,1,1,16.898,516.643,518.152,28,508,19,Woman,4,3,1,0.5,4,2,0,0,1,0,0,5,0,1
642,548,11/04/2022 15:50,11/04/2022 15:59,0,100,548,1,11/04/2022 15:59,NA,NA,NA,NA,51.34880066,-0.032104492,anonymous,EN,1,1,19,Woman,1,8.041,488.943,489.559,57,4,6,4,1,5,2,0,1,0,2,0,0,1,5,4,2,4,3,2,2,4,5,3,6,3,2,3,0,8.041,488.943,489.559,57,NA,NA,NA,NA,NA,NA,NA,NA,NA,NA,NA,NA,NA,NA,NA,NA,NA
643,550,05/12/2022 14:18,05/12/2022 14:27,0,100,550,1,05/12/2022 14:27,NA,NA,NA,NA,50.8612,-0.1194,anonymous,EN,1,1,18,Man,1,25.608,509.428,510.538,52,4,7,0,0,1,1,1,4,0,1,0,0,0,1,4,2,5,2,0,2,1,3,4,1,1,0,1,0,25.608,509.428,510.538,52,312,18,Man,4,3,3,1.5,3,0,0,0,4,2,2,2,1,2
644,552,01/10/2022 16:37,01/10/2022 16:46,0,100,552,1,01/10/2022 16:46,NA,NA,NA,NA,50.8612,-0.1194,anonymous,EN,1,1,18,Woman,1,10.625,249.418,250.318,52,1,4,1,0,5,1,2,1,0,4,4,6,4,5,4,3,7,8,2,6,1,2,1,2,3,4,6,3,10.628,249.419,250.318,52,111,18,Woman,5,5,0,1.5,5,2,0,0,0,0,0,5,2,1
645,553,08/10/2022 06:03,08/10/2022 06:12,0,100,553,1,08/10/2022 06:12,NA,NA,NA,NA,50.7976,0.3029,anonymous,EN,1,1,19,Woman,1,7.031,454.44,455.374,95,1,4,1,1,0,2,4,1,3,4,5,5,3,1,8,6,1,2,0,9,5,9,5,5,1,1,2,0,7.033,454.44,455.374,95,783,18,Woman,4,3,2,3.5,5,1,1,0,4,0,3,0,4,3
646,557,02/12/2022 07:35,02/12/2022 07:44,0,100,557,1,02/12/2022 07:44,NA,NA,NA,NA,50.8612,-0.1194,anonymous,EN,1,1,18,Woman,1,40.549,528.923,530.338,29,6,8,0,0,5,6,0,0,0,0,0,3,0,8,9,9,9,9,0,0,2,1,2,9,9,8,1,0,40.551,528.924,530.234,29,296,18,Woman,5,5,4,0.5,3,5,2,0,0,2.449489743,3,2,0,1
647,559,27/04/2022 05:22,27/04/2022 05:31,0,100,559,1,27/04/2022 05:31,NA,NA,NA,NA,50.8612,-0.1194,anonymous,EN,1,1,21,Man,1,82.676,508.917,511.298,39,1,7,1,0,5,1,4,2,2,2,2,4,1,3,2,3,6,3,1,6,2,3,5,4,5,6,1,2,82.677,508.917,511.298,39,NA,NA,NA,NA,NA,NA,NA,NA,NA,NA,NA,NA,NA,NA,NA,NA,NA
648,563,19/10/2022 03:46,19/10/2022 03:55,0,100,563,1,19/10/2022 03:55,NA,NA,NA,NA,51.1147,-0.184,anonymous,EN,1,1,19,Woman,1,39.731,408.01,409.13,43,1,4,0,0,1,0,1,1,2,0,0,2,0,0,4,1,3,6,1,1,4,2,4,1,0,1,0,0,39.732,408.01,409.13,43,144,19,Woman,3,4,3,2.5,4,3,0,0,2,0,0,4,2,3
649,566,15/10/2022 09:15,15/10/2022 09:25,0,100,566,1,15/10/2022 09:25,NA,NA,NA,NA,51.4964,-0.1224,anonymous,EN,1,1,19,Woman,1,9.492,435.824,436.332,61,1,6,1,0,1,0,5,0,3,5,0,3,3,6,4,6,5,3,4,3,7,5,4,5,6,1,5,2,9.494,435.824,436.331,61,NA,NA,NA,NA,NA,NA,NA,NA,NA,NA,NA,NA,NA,NA,NA,NA,NA
650,574,26/09/2022 06:26,26/09/2022 06:36,0,100,574,1,26/09/2022 06:36,NA,NA,NA,NA,50.8612,-0.1194,anonymous,EN,1,1,19,Woman,1,1.114,558.081,559.142,65,7,8,3,1,1,1,1,0,1,2,1,1,1,2,2,1,3,3,2,3,3,2,2,2,3,1,1,1,1.114,558.081,559.143,65,824,18,Woman,4,3,1,1.5,3,1,2,0,1,0,0,1,1,2
651,576,08/12/2022 08:31,08/12/2022 08:41,0,100,576,1,08/12/2022 08:41,NA,NA,NA,NA,51.4021,-0.0916,anonymous,EN,1,1,19,Man,1,33.677,552.738,553.625,42,2,3,1,0,0,1,0,0,0,3,0,0,0,1,2,1,2,3,2,2,5,1,1,2,1,0,0,0,33.678,552.739,553.625,42,160,19,Man,2,3,1,1.5,1,1,0,0,0,0,4,0,1,2
652,577,20/10/2022 14:29,20/10/2022 14:39,0,100,577,1,20/10/2022 14:39,NA,NA,NA,NA,50.8429,-0.1158,anonymous,EN,1,1,18,Woman,1,5.33,513.373,515.559,75,2,2,1,0,0,1,0,0,0,3,0,0,1,2,0,2,0,1,0,4,1,0,0,2,2,0,0,0,5.332,513.373,515.56,75,397,18,Woman,3,1,1,4,3,2,0,0,0,0,4,0,3,5
653,578,28/04/2022 15:50,28/04/2022 15:59,0,100,578,1,28/04/2022 15:59,NA,NA,NA,NA,51.4964,-0.1224,anonymous,EN,1,1,23,Man,1,10.15,538.248,539.165,55,1,2,0,0,0,1,3,1,2,3,2,2,0,1,4,2,1,3,2,6,6,4,3,2,1,0,0,0,10.151,538.248,539.165,55,NA,NA,NA,NA,NA,NA,NA,NA,NA,NA,NA,NA,NA,NA,NA,NA,NA
654,586,09/10/2022 09:09,09/10/2022 09:19,0,100,586,1,09/10/2022 09:19,NA,NA,NA,NA,50.8612,-0.1194,anonymous,EN,1,1,19,Other,1,11.045,352.144,354.416,44,1,2,1,0,1,0,1,0,0,1,1,0,2,0,1,0,2,0,2,1,8,4,1,1,0,0,4,1,11.047,352.144,354.416,44,201,19,Non-binary,3,1,3,3,0,0,0,0,3,4.472135955,5,4,3,3
655,587,12/10/2022 17:33,12/10/2022 17:43,0,100,587,1,12/10/2022 17:43,NA,NA,NA,NA,50.8612,-0.1194,anonymous,EN,1,1,18,Woman,1,39.893,440.879,442.133,39,1,6,1,0,0,0,0,0,0,1,0,1,1,7,4,7,7,4,0,6,9,7,4,2,1,0,0,2,39.893,440.88,442.133,39,136,18,Woman,4,3,1,2.5,4,4,0,0,2,0,5,0,2,3
656,587,05/10/2022 05:28,05/10/2022 05:38,0,100,587,1,05/10/2022 05:38,NA,NA,NA,NA,50.8612,-0.1194,anonymous,EN,1,1,18,Woman,1,47.436,479.151,480.629,38,5,7,8,2,2,3,2,2,7,4,8,7,7,4,5,4,7,6,3,8,10,10,0,7,9,5,4,3,47.439,479.152,480.629,38,NA,NA,NA,NA,NA,NA,NA,NA,NA,NA,NA,NA,NA,NA,NA,NA,NA
657,587,17/12/2022 02:36,17/12/2022 02:46,0,100,587,1,17/12/2022 02:46,NA,NA,NA,NA,51.4964,-0.1224,anonymous,EN,1,1,19,Man,1,54.699,472.931,474.133,32,0,2,0,0,0,0,0,0,0,0,1,0,0,0,0,0,3,0,1,0,1,1,1,0,0,0,0,0,54.701,472.931,474.132,32,892,18,Man,1,3,0,0.5,0,0,0,0,0,0,5,0,1,0
658,589,03/11/2022 09:45,03/11/2022 09:55,0,100,589,1,03/11/2022 09:55,NA,NA,NA,NA,50.8612,-0.1194,anonymous,EN,1,1,22,Man,1,2.742,554.173,555.4,52,1,2,1,0,0,1,0,0,1,2,0,3,0,4,4,2,4,6,0,6,6,3,4,3,1,0,0,0,2.741,554.172,555.399,52,797,21,Man,4,4,3,4.5,5,4,1,0,2,0,2,0,5,4
659,590,25/04/2022 08:21,25/04/2022 08:31,0,100,590,1,25/04/2022 08:31,NA,NA,NA,NA,51.8164,-0.3573,anonymous,EN,1,1,19,Woman,1,24.736,567.495,568.52,36,1,2,1,0,1,1,0,0,2,1,0,2,1,1,2,2,3,2,1,1,4,3,3,1,0,0,1,1,24.736,567.494,568.519,36,NA,NA,NA,NA,NA,NA,NA,NA,NA,NA,NA,NA,NA,NA,NA,NA,NA
660,590,08/12/2022 05:49,08/12/2022 05:59,0,100,590,1,08/12/2022 05:59,NA,NA,NA,NA,50.8612,-0.1194,anonymous,EN,1,1,19,Woman,1,38.576,456.996,458.048,45,1,4,0,0,0,0,4,0,0,2,0,4,0,1,4,0,1,1,0,1,0,4,4,5,1,0,5,0,38.576,456.888,458.161,45,337,19,Woman,5,3,1,1.5,4,2,0,0,2,0,0,5,1,2
661,593,06/12/2022 17:16,06/12/2022 17:26,0,100,593,1,06/12/2022 17:26,NA,NA,NA,NA,50.8612,-0.1194,anonymous,EN,1,1,19,Woman,1,28.228,486.204,487.578,33,6,3,1,1,1,1,2,0,0,1,1,1,1,1,1,0,0,1,0,2,2,0,1,1,0,0,1,2,28.229,486.203,487.577,33,290,19,Woman,4,4,0,0,2,0,0,0,1,1.732050808,3,1,0,0
662,600,09/12/2022 05:30,09/12/2022 05:40,0,100,600,1,09/12/2022 05:40,NA,NA,NA,NA,50.8612,-0.1194,anonymous,EN,1,1,20,Man,1,132.148,539.075,540.644,36,6,8,0,0,2,0,0,0,0,1,0,0,0,1,2,1,1,1,3,3,7,1,2,3,1,0,0,0,132.149,539.075,540.643,36,428,20,Man,4,4,3,1,3,2,0,3,0,0,2,0,1,1
663,608,19/04/2022 03:48,19/04/2022 03:58,0,100,608,1,19/04/2022 03:58,NA,NA,NA,NA,53.4604,-3.0176,anonymous,EN,1,1,21,Woman,1,49.394,564.453,565.574,36,6,4,2,0,1,0,1,0,2,6,0,3,1,7,7,3,3,1,8,2,9,3,6,3,1,0,0,0,49.397,564.454,565.574,36,NA,NA,NA,NA,NA,NA,NA,NA,NA,NA,NA,NA,NA,NA,NA,NA,NA
664,612,03/10/2022 09:53,03/10/2022 10:03,0,100,612,1,03/10/2022 10:03,NA,NA,NA,NA,50.8612,-0.1194,anonymous,EN,1,1,18,Woman,1,80,507.203,513.342,53,1,3,1,3,4,0,0,1,4,5,1,1,1,2,7,3,3,4,2,7,8,3,4,5,4,5,0,1,79.999,507.203,513.341,53,23,18,Woman,3,3,1,1.5,3,2,0,0,3,2.236067977,1,5,1,2
665,613,16/11/2022 09:43,16/11/2022 09:53,0,100,613,1,16/11/2022 09:53,NA,NA,NA,NA,51.5943,-0.2491,anonymous,EN,1,1,20,Woman,1,2.189,557.571,558.592,86,0,4,0,0,2,1,0,2,7,6,0,1,0,0,4,3,3,0,0,2,1,4,2,2,4,1,0,0,2.189,557.571,558.592,86,280,19,Woman,1,3,0,0.5,5,4,0,0,0,2.828427125,4,2,1,0
666,624,06/12/2022 04:45,06/12/2022 04:56,0,100,624,1,06/12/2022 04:56,NA,NA,NA,NA,53.3793,-1.4602,anonymous,EN,1,NA,NA,Woman,1,0.869,515.804,517.111,149,2,2,1,0,0,0,1,0,0,0,0,3,4,0,1,1,0,1,0,3,0,1,0,0,0,0,0,2,0.87,515.703,517.103,149,118,19,Woman,3,5,2,5,3,2,1,2,0,0,0,5,5,5
667,624,22/04/2022 09:43,22/04/2022 09:54,0,100,624,1,22/04/2022 09:54,NA,NA,NA,NA,50.8612,-0.1194,anonymous,EN,1,1,19,Man,1,47.719,554.931,557.442,36,4,7,2,0,0,0,3,2,6,8,6,4,8,3,2,3,2,0,5,3,4,6,3,3,3,5,0,3,47.72,554.931,557.442,36,NA,NA,NA,NA,NA,NA,NA,NA,NA,NA,NA,NA,NA,NA,NA,NA,NA
668,624,30/11/2022 11:00,30/11/2022 11:11,0,100,624,1,30/11/2022 11:11,NA,NA,NA,NA,51.5164,-0.093,anonymous,EN,1,1,20,Woman,1,6.411,589.265,590.25,141,1,3,0,0,1,0,0,0,0,1,1,0,0,2,4,1,3,1,2,1,4,2,3,2,0,1,4,1,6.411,589.265,590.25,141,119,20,Woman,4,0,1,0.5,2,0,0,0,1,0,0,5,1,0
669,629,14/10/2022 08:55,14/10/2022 09:05,0,100,629,1,14/10/2022 09:05,NA,NA,NA,NA,50.8612,-0.1194,anonymous,EN,1,1,20,Woman,1,30.332,603.117,604.156,37,2,8,1,0,2,0,0,6,2,3,2,0,0,9,3,1,9,8,2,7,7,3,4,8,4,3,7,1,30.334,603.116,604.155,37,766,19,Woman,5,5,0,1,5,3,0,0,4,0,0,5,2,0
670,631,20/11/2022 09:53,20/11/2022 10:03,0,100,631,1,20/11/2022 10:03,NA,NA,NA,NA,50.8612,-0.1194,anonymous,EN,1,1,19,Woman,1,1.991,604.436,605.437,76,3,5,1,1,5,4,1,1,1,3,1,2,5,6,4,5,6,8,4,8,9,5,2,3,2,2,4,2,1.992,604.436,605.437,76,588,18,Woman,1,4,1,3.5,2,2,0,0,0,0,4,0,3,4
671,634,28/04/2022 07:56,28/04/2022 08:07,0,100,634,1,28/04/2022 08:07,NA,NA,NA,NA,55.9552,-3.2,anonymous,EN,1,1,21,Woman,1,144.738,563.625,565.066,36,2,4,3,0,0,0,1,0,1,0,1,2,2,1,3,0,1,1,2,4,3,3,6,6,3,2,0,1,144.738,563.625,565.066,36,NA,NA,NA,NA,NA,NA,NA,NA,NA,NA,NA,NA,NA,NA,NA,NA,NA
672,637,25/04/2022 13:25,25/04/2022 13:36,0,100,637,1,25/04/2022 13:36,NA,NA,NA,NA,50.8612,-0.1194,anonymous,EN,1,1,19,Woman,1,1.435,610.099,611.203,47,1,7,0,0,10,0,1,0,0,2,6,7,0,4,2,4,7,2,0,10,0,4,4,5,1,0,0,0,1.435,610.1,611.203,47,785,19,Woman,2,3,4,0.5,2,1,0,0,4,1.73,3,1,1,0
673,637,17/11/2022 12:39,17/11/2022 12:50,0,100,637,1,17/11/2022 12:50,NA,NA,NA,NA,50.8612,-0.1194,anonymous,EN,1,1,19,Woman,1,30.989,304.898,309.214,37,2,6,1,0,1,1,2,0,0,1,1,2,1,1,3,4,2,1,2,3,4,4,4,0,0,0,0,0,30.989,304.898,309.214,37,744,18,Woman,5,4,0,3.5,5,5,0,0,2,0,0,5,4,3
674,648,21/09/2022 08:43,21/09/2022 08:54,0,100,648,1,21/09/2022 08:54,NA,NA,NA,NA,50.8612,-0.1194,anonymous,EN,1,1,19,Prefer not to say,1,28.967,561.402,562.327,48,1,1,1,1,1,2,6,0,3,5,1,9,7,2,3,8,7,1,1,1,1,0,1,8,4,1,4,1,28.967,561.402,562.327,48,806,18,Non-binary,0,4,0,0,1,0,0,0,2,0,2,0,0,0
675,662,25/09/2022 08:46,25/09/2022 08:57,0,100,662,1,25/09/2022 08:57,NA,NA,NA,NA,50.8612,-0.1194,anonymous,EN,1,1,19,Woman,1,150.536,571.012,572.2,58,4,6,0,0,1,0,1,0,0,0,0,0,0,1,8,1,1,9,0,1,0,0,3,1,2,0,0,1,150.536,571.012,572.301,58,616,18,Woman,5,4,2,0.5,3,2,1,0,3,0,3,0,1,0
676,668,02/12/2022 16:15,02/12/2022 16:26,0,100,668,1,02/12/2022 16:26,NA,NA,NA,NA,51.5074,-0.1196,anonymous,EN,1,1,18,Woman,1,32.376,586.182,589.447,37,6,8,3,2,4,1,1,4,1,5,2,9,8,2,5,5,5,4,5,8,7,5,2,9,4,5,1,7,32.377,586.182,589.448,37,NA,NA,NA,NA,NA,NA,NA,NA,NA,NA,NA,NA,NA,NA,NA,NA,NA
677,669,05/11/2022 09:15,05/11/2022 09:26,0,100,669,1,05/11/2022 09:26,NA,NA,NA,NA,50.8612,-0.1194,anonymous,EN,1,1,19,Woman,1,27.548,638.928,641.399,33,0,8,0,0,1,3,4,0,0,3,4,8,0,8,3,6,8,10,6,10,1,2,3,4,0,0,3,10,27.55,638.928,641.399,33,50,19,Woman,4,3,2,1,1,3,0,0,4,0,5,0,2,0
678,674,11/10/2022 06:09,11/10/2022 06:20,0,100,674,1,11/10/2022 06:20,NA,NA,NA,NA,50.8612,-0.1194,anonymous,EN,1,NA,18,Woman,1,50.584,498.356,499.414,31,0,3,0,0,1,2,1,0,1,1,0,1,1,3,3,2,1,1,4,1,8,5,4,4,1,1,2,0,50.585,498.356,499.414,31,28,18,Woman,5,4,2,2.5,4,3,0,0,2,3.16227766,5,2,2,3
679,680,03/12/2022 16:22,03/12/2022 16:34,0,100,680,1,03/12/2022 16:34,NA,NA,NA,NA,50.8612,-0.1194,anonymous,EN,1,NA,NA,Man,1,0.571,570.04,573.198,69,2,5,3,0,0,1,0,0,1,1,1,1,0,5,3,2,3,7,4,5,1,1,8,10,6,2,2,0,0.571,570.04,573.198,69,279,18,Man,0,0,0,1,1,1,0,0,3,0,5,0,0,2
680,700,27/10/2022 15:48,27/10/2022 15:59,0,100,700,1,27/10/2022 15:59,NA,NA,NA,NA,50.8612,-0.1194,anonymous,EN,1,1,20,Woman,1,40.161,550.684,552.016,68,7,8,2,0,1,1,0,4,6,3,6,10,0,3,9,10,5,3,10,8,8,8,10,10,4,2,0,10,40.162,550.684,552.015,68,801,19,Woman,5,5,2,0.5,5,3,0,0,2,1.73,1,3,1,0
681,703,03/10/2022 06:26,03/10/2022 06:38,0,100,703,1,03/10/2022 06:38,NA,NA,NA,NA,50.8612,-0.1194,anonymous,EN,1,1,19,Woman,1,8.095,658.039,659.524,102,1,3,0,0,0,0,0,0,1,0,0,0,0,0,4,0,0,1,0,1,7,0,3,4,0,0,0,0,8.096,658.039,659.524,102,186,19,Woman,4,4,1,2.5,3,3,0,0,0,0,4,0,1,4
682,703,18/04/2022 08:02,18/04/2022 08:14,0,100,703,1,18/04/2022 08:14,NA,NA,NA,NA,25.2925,51.5321,anonymous,EN,1,1,20,Woman,1,74.223,629.136,630.478,36,1,3,3,0,0,0,0,0,0,1,0,0,0,1,2,0,1,0,2,1,4,0,3,1,1,0,0,0,74.225,629.136,630.478,36,701,19,Woman,0,2,0,1,1,2,0,0,0,0,0,5,1,1
683,705,07/12/2022 07:22,07/12/2022 07:34,0,100,705,1,07/12/2022 07:34,NA,NA,NA,NA,51.4563,-0.0919,anonymous,EN,1,1,NA,Woman,1,55.837,632.856,633.736,33,5,7,1,0,0,2,3,0,0,0,0,5,0,0,6,6,7,6,3,4,5,0,4,2,0,0,0,0,55.837,632.856,633.735,33,482,18,Woman,4,3,0,0,2,0,0,0,5,0,0,5,0,0
684,707,04/10/2022 10:24,04/10/2022 10:36,0,100,707,1,04/10/2022 10:36,NA,NA,NA,NA,50.8612,-0.1194,anonymous,EN,1,1,20,Woman,1,23.029,650.915,651.949,32,4,3,2,0,2,3,0,0,2,2,1,0,1,3,3,2,1,0,1,2,1,3,2,1,0,0,2,0,23.029,650.916,651.949,32,NA,NA,NA,NA,NA,NA,NA,NA,NA,NA,NA,NA,NA,NA,NA,NA,NA
685,714,01/12/2022 08:38,01/12/2022 08:50,0,100,714,1,01/12/2022 08:50,NA,NA,NA,NA,50.8612,-0.1194,anonymous,EN,1,1,19,Man,1,37.051,630.693,632.403,42,3,4,0,0,0,3,0,0,0,0,0,2,8,4,1,0,0,1,3,1,10,4,2,3,0,0,1,0,37.05,630.692,632.3,42,464,18,Man,3,3,0,0,2,1,0,0,0,0,0,1,0,0
686,714,16/04/2022 05:27,16/04/2022 05:39,0,100,714,1,16/04/2022 05:39,NA,NA,NA,NA,51.8167,-0.8055,anonymous,EN,1,1,21,Woman,1,1.416,695.191,696.431,113,1,9,1,0,1,1,8,0,0,5,1,2,8,10,8,4,8,8,5,8,10,6,6,6,4,2,3,3,1.416,695.191,696.432,113,474,20,Woman,5,5,2,4.5,4,4,0,0,2,2.24,5,1,4,5
687,716,13/10/2022 07:53,13/10/2022 08:05,0,100,716,1,13/10/2022 08:05,NA,NA,NA,NA,50.8612,-0.1194,anonymous,EN,1,1,20,Woman,1,7.197,697.127,697.825,37,5,8,0,0,0,0,5,0,0,6,2,6,5,6,2,1,7,1,2,6,6,5,8,1,1,0,0,0,7.197,697.127,697.825,37,NA,NA,NA,NA,NA,NA,NA,NA,NA,NA,NA,NA,NA,NA,NA,NA,NA
688,735,20/10/2022 18:15,20/10/2022 18:27,0,100,735,1,20/10/2022 18:27,NA,NA,NA,NA,50.8612,-0.1194,anonymous,EN,1,1,18,Woman,1,6.226,369.297,370.104,49,8,6,2,2,3,0,0,0,3,3,1,5,1,6,6,5,8,6,6,7,4,5,5,1,1,0,1,2,6.227,369.297,370.104,49,52,18,Woman,5,4,1,1,5,4,0,0,2,0,5,0,0,2
689,735,03/10/2022 10:34,03/10/2022 10:46,0,100,735,1,03/10/2022 10:46,NA,NA,NA,NA,50.8612,-0.1194,anonymous,EN,1,1,18,Other,1,86.672,256.913,258.583,30,3,4,0,0,0,0,0,0,3,2,0,0,0,0,0,0,2,2,1,3,7,0,0,1,1,0,0,0,86.671,256.912,258.583,30,390,18,Non-binary,3,4,1,0.5,2,1,0,0,3,0,5,0,0,1
690,739,09/10/2022 11:54,09/10/2022 12:07,0,100,739,1,09/10/2022 12:07,NA,NA,NA,NA,50.8546,0.5362,anonymous,EN,1,1,18,Woman,1,2.634,517.561,522.696,118,2,3,0,0,1,0,0,0,2,1,0,1,0,0,3,1,1,2,1,5,0,2,0,1,1,0,0,0,2.635,517.561,522.696,118,268,18,Woman,1,2,0,0,2,1,0,0,0,1,1,1,0,0
691,748,10/10/2022 06:35,10/10/2022 06:48,0,100,748,1,10/10/2022 06:48,NA,NA,NA,NA,50.8612,-0.1194,anonymous,EN,1,NA,NA,Man,1,55.585,668.975,669.924,74,6,3,1,0,0,0,7,0,0,7,9,8,8,7,8,2,4,4,1,6,10,10,4,10,6,1,8,0,55.588,668.975,669.923,74,NA,NA,NA,NA,NA,NA,NA,NA,NA,NA,NA,NA,NA,NA,NA,NA,NA
692,753,05/11/2022 13:49,05/11/2022 14:02,0,100,753,1,05/11/2022 14:02,NA,NA,NA,NA,50.8612,-0.1194,anonymous,EN,1,1,19,Woman,1,83.514,727.161,733.922,42,0,2,1,0,1,0,0,0,0,4,0,0,0,3,4,3,1,1,6,2,2,8,8,3,2,4,1,0,83.516,727.161,733.922,42,421,19,Woman,3,2,1,0.5,4,2,0,0,0,0,0,5,1,0
693,760,25/10/2022 09:38,25/10/2022 09:51,0,100,760,1,25/10/2022 09:51,NA,NA,NA,NA,50.8612,-0.1194,anonymous,EN,1,1,19,Woman,1,223.417,406.391,407.781,32,0,4,0,0,0,0,0,0,1,1,0,0,0,1,1,0,1,0,0,2,7,1,1,3,0,0,0,0,223.416,406.497,407.78,32,620,18,Woman,3,1,0,2,3,2,0,0,3,2.24,1,5,2,2
694,761,27/10/2022 15:45,27/10/2022 15:58,0,100,761,1,27/10/2022 15:58,NA,NA,NA,NA,50.8612,-0.1194,anonymous,EN,1,1,19,Other,1,38.537,701.451,707.628,34,8,6,2,1,1,0,4,2,2,7,10,8,6,7,10,7,10,10,4,10,3,0,8,9,5,10,0,10,38.539,701.452,707.628,34,863,18,Non-binary,4,3,5,4,4,5,0,0,4,2.83,2,4,3,5
695,766,29/04/2022 06:12,29/04/2022 06:25,0,100,766,1,29/04/2022 06:25,NA,NA,NA,NA,50.8612,-0.1194,anonymous,EN,1,1,18,Man,1,41.508,455.41,457.34,68,1,1,1,1,0,0,1,0,0,0,0,0,1,1,1,1,2,3,0,0,4,4,2,1,2,1,1,1,41.509,455.411,457.34,68,740,18,Man,5,5,0,2,3,1,1,0,2,0,0,1,1,3
696,798,25/09/2022 03:53,25/09/2022 04:06,0,100,798,1,25/09/2022 04:06,NA,NA,NA,NA,50.8429,-0.1158,anonymous,EN,1,1,21,Man,1,1.535,702.18,702.768,95,0,1,0,0,0,0,0,0,0,0,0,0,0,1,0,0,2,0,0,0,7,0,0,0,0,0,1,0,1.535,702.18,702.768,95,560,20,Man,4,4,1,3,4,2,0,0,2,0,2,0,1,5
697,805,18/10/2022 09:39,18/10/2022 09:53,0,100,805,1,18/10/2022 09:53,NA,NA,NA,NA,50.8612,-0.1194,anonymous,EN,1,1,18,Woman,1,143.233,715.245,715.737,36,7,9,0,0,0,0,0,0,5,7,8,8,6,6,10,0,8,10,0,0,8,10,5,5,0,0,3,0,143.234,715.245,715.737,36,174,18,Woman,2,0,0,0.5,0,0,0,0,0,0,0,0,1,0
698,816,19/12/2022 03:01,19/12/2022 03:15,0,100,816,1,19/12/2022 03:15,NA,NA,NA,NA,51.3157,-0.535,anonymous,EN,1,1,19,Woman,1,1.969,760.508,761.304,165,2,4,1,0,0,0,0,0,1,2,2,1,0,0,3,0,2,0,3,2,4,5,2,3,1,0,6,1,1.969,760.508,761.304,165,73,18,Woman,3,1,0,0.5,2,1,0,0,0,2,2,2,0,1
699,846,05/10/2022 12:23,05/10/2022 12:38,0,100,846,1,05/10/2022 12:38,NA,NA,NA,NA,50.8429,-0.1158,anonymous,EN,1,1,20,Prefer not to say,1,44.892,567.945,570.108,50,8,3,1,1,2,3,0,0,6,6,2,2,0,0,7,3,3,0,8,6,2,0,4,7,2,1,0,3,44.894,567.945,570.107,50,554,19,Man,0,1,0,0,1,1,0,0,0,0,0,0,0,0
700,852,16/11/2022 07:01,16/11/2022 07:16,0,100,852,1,16/11/2022 07:16,NA,NA,NA,NA,50.8612,-0.1194,anonymous,EN,1,1,20,Woman,1,27.125,183.82,184.557,33,3,8,1,0,2,0,0,0,1,0,0,0,0,2,3,2,4,0,0,1,5,3,2,8,5,4,0,0,27.128,183.821,184.558,33,215,20,Woman,4,4,0,0,3,0,0,0,4,0,5,0,0,0
701,861,25/10/2022 07:34,25/10/2022 07:49,0,100,861,1,25/10/2022 07:49,NA,NA,NA,NA,50.8612,-0.1194,anonymous,EN,1,1,19,Man,1,29.2,749.044,749.522,103,3,3,1,0,0,1,1,0,0,1,2,2,2,0,4,3,2,1,4,4,3,7,1,3,2,3,0,2,29.2,749.044,749.522,103,NA,NA,NA,NA,NA,NA,NA,NA,NA,NA,NA,NA,NA,NA,NA,NA,NA
702,861,13/04/2022 05:13,13/04/2022 05:27,0,100,861,1,13/04/2022 05:27,NA,NA,NA,NA,51.6552,-0.3879,anonymous,EN,1,1,21,Woman,1,9.241,833.259,834.354,39,4,9,1,0,2,0,1,0,1,1,4,1,1,5,7,1,1,0,1,7,1,8,5,10,5,1,0,1,9.242,833.258,834.353,39,714,21,Woman,0,0,0,0,1,0,0,0,2,2,2,2,0,0
703,870,06/10/2022 11:41,06/10/2022 11:56,0,100,870,1,06/10/2022 11:56,NA,NA,NA,NA,50.8612,-0.1194,anonymous,EN,1,1,19,Woman,1,22.157,829.034,830.032,32,1,8,2,0,0,1,0,0,0,2,1,4,0,1,7,3,8,2,0,4,5,3,3,1,1,3,1,1,22.157,829.034,830.032,32,189,19,Woman,3,5,2,2,5,4,0,0,3,2.236067977,5,1,2,2
704,871,04/11/2022 09:31,04/11/2022 09:45,0,100,871,1,04/11/2022 09:45,NA,NA,NA,NA,50.8612,-0.1194,anonymous,EN,1,1,20,Woman,1,14.377,852.714,853.418,29,6,8,3,0,3,1,1,0,6,6,5,6,6,8,5,5,1,2,5,8,8,8,6,4,4,5,4,5,14.378,852.714,853.418,29,441,20,Woman,3,3,4,0,3,3,0,0,2,0,0,1,0,0
705,880,20/10/2022 09:41,20/10/2022 09:56,0,100,880,1,20/10/2022 09:56,NA,NA,NA,NA,50.8612,-0.1194,anonymous,EN,1,1,18,Other,1,50.88,745.807,747.569,33,7,10,6,1,0,2,6,3,9,6,9,7,8,0,7,6,3,4,8,9,10,8,4,9,6,1,0,9,50.882,745.807,747.569,33,42,18,Non-binary,1,0,0,0,1,1,0,0,5,0,5,0,0,0
706,926,08/10/2022 08:31,08/10/2022 08:47,0,100,926,1,08/10/2022 08:47,NA,NA,NA,NA,50.8612,-0.1194,anonymous,EN,1,1,18,Woman,1,39.232,821.774,823.768,37,3,7,3,0,0,1,0,0,0,0,0,0,0,5,4,6,2,7,3,6,9,1,1,6,0,0,0,1,39.232,821.775,823.768,37,134,18,Woman,4,4,0,3,1,0,0,0,0,0,0,0,4,2
707,936,08/04/2022 07:27,08/04/2022 07:43,0,100,936,1,08/04/2022 07:43,NA,NA,NA,NA,50.9169,-1.422,anonymous,EN,1,1,20,Woman,1,46.063,722.775,724.512,34,6,7,4,0,1,2,3,0,0,2,2,0,6,6,5,1,6,6,8,5,4,8,5,7,5,4,1,2,46.063,722.773,724.51,34,NA,NA,NA,NA,NA,NA,NA,NA,NA,NA,NA,NA,NA,NA,NA,NA,NA
708,967,03/12/2022 07:00,03/12/2022 07:16,0,100,967,1,03/12/2022 07:16,NA,NA,NA,NA,52.4867,-1.8989,anonymous,EN,1,1,22,Woman,1,88.657,902.305,903.736,41,3,7,0,0,1,0,0,0,1,2,1,2,0,3,2,1,5,2,1,7,3,5,7,1,0,0,2,1,88.661,902.305,903.737,41,657,21,Woman,0,0,0,0,0,0,0,0,0,0,5,0,0,0
709,975,01/10/2022 05:52,01/10/2022 06:08,0,100,975,1,01/10/2022 06:08,NA,NA,NA,NA,50.8612,-0.1194,anonymous,EN,1,1,18,Woman,1,31.974,935.495,937.258,32,8,9,3,2,6,4,1,0,1,5,0,4,6,6,5,6,6,4,2,7,3,6,5,4,5,4,4,5,31.974,935.495,937.258,32,307,18,Woman,4,5,3,1.5,4,3,0,0,4,0,5,0,2,1
710,982,10/10/2022 10:13,10/10/2022 10:30,0,100,982,1,10/10/2022 10:30,NA,NA,NA,NA,50.8612,-0.1194,anonymous,EN,1,1,19,Woman,1,10.707,461.696,462.331,38,8,8,4,0,4,2,0,0,2,1,1,1,0,4,5,6,3,0,2,1,2,5,1,2,2,0,1,0,10.708,461.696,462.331,38,557,18,Woman,4,2,0,1,3,2,0,0,5,0,0,0,1,1
711,1044,28/04/2022 09:53,28/04/2022 10:10,0,100,1044,1,28/04/2022 10:10,NA,NA,NA,NA,50.8612,-0.1194,anonymous,EN,1,1,18,Woman,1,10.281,1018.078,1019.289,32,7,8,1,0,0,0,1,0,0,3,2,5,5,5,7,1,3,3,4,8,8,7,5,6,2,0,5,2,10.283,1018.078,1019.289,32,768,18,Woman,4,4,2,2,4,3,0,0,1,0,2,0,2,2
712,1085,08/10/2022 18:10,08/10/2022 18:28,0,100,1085,1,08/10/2022 18:28,NA,NA,NA,NA,51.2344,-0.3336,anonymous,EN,1,1,21,Woman,1,3.508,1028.23,1031.383,34,6,7,0,0,2,0,1,0,4,0,1,3,1,1,4,0,2,2,3,0,0,1,0,3,0,2,0,2,3.511,1028.23,1031.383,34,742,20,Woman,4,4,1,2.5,2,4,0,0,3,2.24,5,1,2,3
713,1164,13/10/2022 11:13,13/10/2022 11:32,0,100,1164,1,13/10/2022 11:32,NA,NA,NA,NA,50.8612,-0.1194,anonymous,EN,1,1,18,Woman,1,32.809,1076.625,1078.089,38,7,7,1,1,4,0,1,0,3,2,2,1,1,1,8,4,7,2,6,6,1,3,4,1,0,0,1,0,32.81,1076.624,1078.088,38,333,18,Woman,5,5,1,2,4,5,0,0,0,0,5,0,2,2
714,1220,07/10/2022 10:41,07/10/2022 11:01,0,100,1220,1,07/10/2022 11:01,NA,NA,NA,NA,45.4722,9.1922,anonymous,EN,1,1,20,Woman,1,19.492,1177.463,1178.777,147,0,4,1,0,0,0,1,0,4,1,0,0,0,0,1,0,4,0,1,8,6,7,3,0,6,3,3,1,19.493,1177.464,1178.778,147,642,19,Woman,4,2,1,1,3,3,0,0,1,2.24,5,1,1,1
715,1227,09/11/2022 13:28,09/11/2022 13:48,0,100,1227,1,09/11/2022 13:48,NA,NA,NA,NA,50.8612,-0.1194,anonymous,EN,1,1,19,Man,1,15.818,1199.488,1200.824,36,3,3,0,0,0,1,0,0,0,0,1,0,0,1,0,0,3,0,1,1,1,2,1,0,0,0,0,0,15.818,1199.488,1200.824,36,27,19,Man,2,1,0,0,3,0,0,0,0,0,0,5,0,0
716,1233,29/09/2022 08:27,29/09/2022 08:47,0,100,1233,1,29/09/2022 08:47,NA,NA,NA,NA,50.8345,-0.186,anonymous,EN,1,1,18,Prefer not to say,1,73.238,1073.83,1075.001,63,5,8,1,1,0,0,4,1,4,3,7,6,5,4,6,6,9,8,9,10,9,9,4,5,3,5,1,1,73.239,1073.829,1075,63,20,18,Other/prefer not to say,4,0,1,2,3,2,0,0,1,0,5,0,1,3
717,1370,02/10/2022 05:45,02/10/2022 06:08,0,100,1370,1,02/10/2022 06:08,NA,NA,NA,NA,50.8612,-0.1194,anonymous,EN,1,1,18,Woman,1,9.599,1121.287,1124.139,103,4,2,2,0,1,0,2,0,0,2,0,8,1,5,2,0,1,1,6,8,6,1,4,6,3,0,9,0,9.6,1121.287,1124.139,103,237,18,Woman,5,4,3,2.5,3,4,1,1,3,3,3,3,2,3
718,1478,14/11/2022 07:15,14/11/2022 07:40,0,100,1478,1,14/11/2022 07:40,NA,NA,NA,NA,50.8612,-0.1194,anonymous,EN,1,1,18,Woman,1,107.669,1377.295,1378.595,37,6,4,1,0,0,0,1,0,1,1,2,1,1,3,1,1,2,4,2,2,2,6,3,2,2,2,1,0,107.668,1377.294,1378.595,37,188,18,Woman,2,5,1,3,0,0,0,0,1,0,0,1,2,4
719,1496,29/04/2022 08:19,29/04/2022 08:44,0,100,1496,1,29/04/2022 08:44,NA,NA,NA,NA,50.8612,-0.1194,anonymous,EN,1,1,20,Man,1,113.92,1474.826,1475.778,36,2,1,0,0,0,0,0,0,0,1,0,0,0,0,3,0,0,2,2,1,3,5,1,2,0,0,1,0,113.919,1474.825,1475.777,36,NA,NA,NA,NA,NA,NA,NA,NA,NA,NA,NA,NA,NA,NA,NA,NA,NA
720,1703,13/10/2022 08:31,13/10/2022 08:59,0,100,1703,1,13/10/2022 08:59,NA,NA,NA,NA,50.8612,-0.1194,anonymous,EN,1,1,18,Woman,1,238.218,1636.731,1638.089,29,0,4,1,0,1,2,3,3,2,6,1,2,1,2,8,2,4,3,1,2,2,4,2,3,2,1,9,2,238.219,1636.732,1638.09,29,86,18,Woman,3,4,2,2,4,4,0,0,3,2,2,2,2,2
721,1706,23/11/2022 04:24,23/11/2022 04:53,0,100,1706,1,23/11/2022 04:53,NA,NA,NA,NA,50.8612,-0.1194,anonymous,EN,1,1,19,Man,1,36.7,232.893,233.547,38,2,4,0,0,0,2,6,0,0,3,2,2,3,3,7,1,2,2,1,5,6,2,3,4,1,1,0,0,36.7,232.893,233.547,38,80,18,Man,0,0,0,0.5,0,0,0,0,5,0,0,0,1,0
722,1777,28/04/2022 16:10,28/04/2022 16:40,0,100,1777,1,28/04/2022 16:40,NA,NA,NA,NA,50.9469,-1.4112,anonymous,EN,1,1,21,Man,1,182.079,1503.216,1504.488,37,2,9,3,0,1,1,0,1,3,7,2,1,1,1,9,4,10,10,2,8,3,8,3,8,4,1,0,8,182.079,1503.216,1504.488,37,562,20,Man,3,1,0,4,5,3,0,0,1,1.41,2,1,4,4
723,3147,24/04/2022 15:11,24/04/2022 16:03,0,100,3147,1,24/04/2022 16:03,NA,NA,NA,NA,50.8612,-0.1194,anonymous,EN,1,1,20,Woman,1,97.181,1343.969,1345.27,32,2,6,1,0,0,0,1,0,0,1,0,0,1,0,1,0,3,1,1,0,7,1,1,2,0,0,1,0,97.184,1343.968,1345.269,32,879,19,Woman,2,2,1,1,2,1,0,0,1,0,2,0,1,1
724,4314,05/12/2022 10:37,05/12/2022 11:49,0,100,4314,1,05/12/2022 11:49,NA,NA,NA,NA,50.8612,-0.1194,anonymous,EN,1,1,19,Woman,1,34.723,418.577,420.084,32,7,8,1,0,1,0,0,1,0,2,0,7,1,0,2,1,2,3,1,1,8,0,1,3,1,0,2,1,34.724,418.577,420.084,32,150,19,Woman,5,4,2,0,4,3,1,0,1,0,5,0,0,0
725,6742,09/12/2022 06:29,09/12/2022 08:21,0,100,6742,1,09/12/2022 08:21,NA,NA,NA,NA,51.8164,-0.3573,anonymous,EN,1,1,18,Woman,1,42.755,270.858,271.856,46,3,8,2,0,1,1,0,0,1,3,0,3,2,5,2,3,8,6,3,6,9,4,3,4,2,1,6,0,42.755,270.858,271.856,46,120,18,Woman,4,2,0,2.5,3,3,0,0,2,0,0,0,3,2
726,79993,28/04/2022 06:28,29/04/2022 04:41,0,100,79993,1,29/04/2022 04:41,NA,NA,NA,NA,50.8612,-0.1194,anonymous,EN,1,1,19,Woman,1,19.385,335.913,337.7,44,5,8,4,0,0,0,2,0,1,1,2,8,7,2,5,1,5,6,4,10,2,10,10,1,2,0,0,1,19.386,335.914,337.7,44,NA,NA,NA,NA,NA,NA,NA,NA,NA,NA,NA,NA,NA,NA,NA,NA,NA
727,92985,07/10/2022 05:02,08/10/2022 06:52,0,100,92985,1,08/10/2022 06:52,NA,NA,NA,NA,50.8345,-0.186,anonymous,EN,1,1,21,Woman,1,39.474,826.022,827.975,37,0,3,0,0,1,1,0,0,1,0,0,4,1,0,1,0,1,0,3,2,2,3,0,2,1,1,1,0,39.474,826.021,827.974,37,NA,NA,NA,NA,NA,NA,NA,NA,NA,NA,NA,NA,NA,NA,NA,NA,NA
728,NA,Start Date,End Date,Response Type,Progress,Duration (in seconds),Finished,Recorded Date,Recipient Last Name,Recipient First Name,Recipient Email,External Data Reference,Location Latitude,Location Longitude,Distribution Channel,User Language,"I agree to take part in the current University of Sussex research project titled The integral self.I understand that my participation is entirely voluntary, that I can choose not to participate in part or all of the study, and that I can withdraw at any stage without having to give a reason and without being penalised in any way (e.g., if I am a student, my decision whether or not to take part will not affect my grades).I understand that after all the data is collected that it will be saved anonymously and I will not be identifiable from any published version of the study. I understand that I will be able to request that my data be removed from the study until one month after data collection ceases on 31st May 2023.I understand that my personal data will be used for the purposes of this research study and will be handled in accordance with Data Protection legislation.I understand that the University's Privacy Notice provides further information on how the University uses personal data in its research.I understand that my data including my personal information (i.e. any information that could identify me) will be stored safely. Electronic data will be stored securely on a University managed system.
 

 Please click the button below to confirm your consent.",Please confirm that you are over 18 years of age.,What is your age?,What is your gender?,"This study should take approximately ten minutes to complete.

Please answer all questions as accurately as possible.



Be aware that once you press the CONTINUE button you will not be able to backtrack to review or amend your entries.",Timing - First Click,Timing - Last Click,Timing - Page Submit,Timing - Click Count,"When answering the following questions, do not include any time that you were under the influence of psychoactive drugs or a participant in a scientific experiment.

This questionnaire consists of twenty-eight questions about experiences that you may have in
your daily life. We are interested in how often you have these experiences. It is important, however, that
your answers show how often these experiences happen to you when you are not under the influence of
alcohol or drugs.
 To answer the questions, please determine to what degree the experience described in
the question applies to you, and select a number to show what percentage of the time you have the
experience. - 1. Some people have the experience of driving or riding in a car or bus or subway and suddenly realizing that they don’t remember what has happened during all or part of the trip. Select a number to show what percentage of the time this happens to you.","When answering the following questions, do not include any time that you were under the influence of psychoactive drugs or a participant in a scientific experiment.

This questionnaire consists of twenty-eight questions about experiences that you may have in
your daily life. We are interested in how often you have these experiences. It is important, however, that
your answers show how often these experiences happen to you when you are not under the influence of
alcohol or drugs.
 To answer the questions, please determine to what degree the experience described in
the question applies to you, and select a number to show what percentage of the time you have the
experience. - 2. Some people find that sometimes they are listening to someone talk and they suddenly realize that they did not hear part or all of what was said. Select a number to show what percentage of the time this happens to you.","When answering the following questions, do not include any time that you were under the influence of psychoactive drugs or a participant in a scientific experiment.

This questionnaire consists of twenty-eight questions about experiences that you may have in
your daily life. We are interested in how often you have these experiences. It is important, however, that
your answers show how often these experiences happen to you when you are not under the influence of
alcohol or drugs.
 To answer the questions, please determine to what degree the experience described in
the question applies to you, and select a number to show what percentage of the time you have the
experience. - 3. Some people have the experience of finding themselves in a place and have no idea how they got there. Select a number to show what percentage of the time this happens to you.","When answering the following questions, do not include any time that you were under the influence of psychoactive drugs or a participant in a scientific experiment.

This questionnaire consists of twenty-eight questions about experiences that you may have in
your daily life. We are interested in how often you have these experiences. It is important, however, that
your answers show how often these experiences happen to you when you are not under the influence of
alcohol or drugs.
 To answer the questions, please determine to what degree the experience described in
the question applies to you, and select a number to show what percentage of the time you have the
experience. - 4. Some people have the experience of finding themselves dressed in clothes that they don’t remember putting on. Select the number to show what percentage of the time this happens to you.","When answering the following questions, do not include any time that you were under the influence of psychoactive drugs or a participant in a scientific experiment.

This questionnaire consists of twenty-eight questions about experiences that you may have in
your daily life. We are interested in how often you have these experiences. It is important, however, that
your answers show how often these experiences happen to you when you are not under the influence of
alcohol or drugs.
 To answer the questions, please determine to what degree the experience described in
the question applies to you, and select a number to show what percentage of the time you have the
experience. - 5. Some people have the experience of finding new things among their belongings that they do not remember buying. Select a number to show what percentage of the time this happens to you.","When answering the following questions, do not include any time that you were under the influence of psychoactive drugs or a participant in a scientific experiment.

This questionnaire consists of twenty-eight questions about experiences that you may have in
your daily life. We are interested in how often you have these experiences. It is important, however, that
your answers show how often these experiences happen to you when you are not under the influence of
alcohol or drugs.
 To answer the questions, please determine to what degree the experience described in
the question applies to you, and select a number to show what percentage of the time you have the
experience. - 6. Some people sometimes find that they are approached by people that they do not know, who call them by another name or insist that they have met them before. Select a number to show what percentage of the time this happens to you.","When answering the following questions, do not include any time that you were under the influence of psychoactive drugs or a participant in a scientific experiment.

This questionnaire consists of twenty-eight questions about experiences that you may have in
your daily life. We are interested in how often you have these experiences. It is important, however, that
your answers show how often these experiences happen to you when you are not under the influence of
alcohol or drugs.
 To answer the questions, please determine to what degree the experience described in
the question applies to you, and select a number to show what percentage of the time you have the
experience. - 7. Some people sometimes have the experience of feeling as though they are standing next to themselves or watching themselves do something and they actually see themselves as if they were looking at another person. Select a number to show what percentage of the time this happens to you.","When answering the following questions, do not include any time that you were under the influence of psychoactive drugs or a participant in a scientific experiment.

This questionnaire consists of twenty-eight questions about experiences that you may have in
your daily life. We are interested in how often you have these experiences. It is important, however, that
your answers show how often these experiences happen to you when you are not under the influence of
alcohol or drugs.
 To answer the questions, please determine to what degree the experience described in
the question applies to you, and select a number to show what percentage of the time you have the
experience. - 8. Some people are told that they sometimes do not recognize friends or family members. Select a number to show what percentage of the time this happens to you.","When answering the following questions, do not include any time that you were under the influence of psychoactive drugs or a participant in a scientific experiment.

This questionnaire consists of twenty-eight questions about experiences that you may have in
your daily life. We are interested in how often you have these experiences. It is important, however, that
your answers show how often these experiences happen to you when you are not under the influence of
alcohol or drugs.
 To answer the questions, please determine to what degree the experience described in
the question applies to you, and select a number to show what percentage of the time you have the
experience. - 9. Some people find that they have no memory for some important events in their lives (for example, a wedding or graduation). Select a number to show what percentage of the time this happens to you.","When answering the following questions, do not include any time that you were under the influence of psychoactive drugs or a participant in a scientific experiment.

This questionnaire consists of twenty-eight questions about experiences that you may have in
your daily life. We are interested in how often you have these experiences. It is important, however, that
your answers show how often these experiences happen to you when you are not under the influence of
alcohol or drugs.
 To answer the questions, please determine to what degree the experience described in
the question applies to you, and select a number to show what percentage of the time you have the
experience. - 10. Some people have the experience of being accused of lying when they do not think that they have lied. Select a number to show what percentage of the time this happens to you.","When answering the following questions, do not include any time that you were under the influence of psychoactive drugs or a participant in a scientific experiment.

This questionnaire consists of twenty-eight questions about experiences that you may have in
your daily life. We are interested in how often you have these experiences. It is important, however, that
your answers show how often these experiences happen to you when you are not under the influence of
alcohol or drugs.
 To answer the questions, please determine to what degree the experience described in
the question applies to you, and select a number to show what percentage of the time you have the
experience. - 11. Some people have the experience of looking in a mirror and not recognizing themselves. Select a number to show what percentage of the time this happens to you.","When answering the following questions, do not include any time that you were under the influence of psychoactive drugs or a participant in a scientific experiment.

This questionnaire consists of twenty-eight questions about experiences that you may have in
your daily life. We are interested in how often you have these experiences. It is important, however, that
your answers show how often these experiences happen to you when you are not under the influence of
alcohol or drugs.
 To answer the questions, please determine to what degree the experience described in
the question applies to you, and select a number to show what percentage of the time you have the
experience. - 12. Some people have the experience of feeling that other people, objects, and the world around them are not real. Select a number to show what percentage of the time this happens to you.","When answering the following questions, do not include any time that you were under the influence of psychoactive drugs or a participant in a scientific experiment.

This questionnaire consists of twenty-eight questions about experiences that you may have in
your daily life. We are interested in how often you have these experiences. It is important, however, that
your answers show how often these experiences happen to you when you are not under the influence of
alcohol or drugs.
 To answer the questions, please determine to what degree the experience described in
the question applies to you, and select a number to show what percentage of the time you have the
experience. - 13. Some people have the experience of feeling that their body does not seem to belong to them. Select a number to show what percentage of the time this happens to you.","When answering the following questions, do not include any time that you were under the influence of psychoactive drugs or a participant in a scientific experiment.

This questionnaire consists of twenty-eight questions about experiences that you may have in
your daily life. We are interested in how often you have these experiences. It is important, however, that
your answers show how often these experiences happen to you when you are not under the influence of
alcohol or drugs.
 To answer the questions, please determine to what degree the experience described in
the question applies to you, and select a number to show what percentage of the time you have the
experience. - 14. Some people have the experience of sometimes remembering a past event so vividly that they feel as if they were reliving that event. Select a number to show what percentage of the time this happens to you.","When answering the following questions, do not include any time that you were under the influence of psychoactive drugs or a participant in a scientific experiment.

This questionnaire consists of twenty-eight questions about experiences that you may have in
your daily life. We are interested in how often you have these experiences. It is important, however, that
your answers show how often these experiences happen to you when you are not under the influence of
alcohol or drugs.
 To answer the questions, please determine to what degree the experience described in
the question applies to you, and select a number to show what percentage of the time you have the
experience. - 15. Some people have the experience of not being sure whether things that they remember happening really did happen or whether they just dreamed them. Select a number to show what percentage of the time this happens to you.","When answering the following questions, do not include any time that you were under the influence of psychoactive drugs or a participant in a scientific experiment.

This questionnaire consists of twenty-eight questions about experiences that you may have in
your daily life. We are interested in how often you have these experiences. It is important, however, that
your answers show how often these experiences happen to you when you are not under the influence of
alcohol or drugs.
 To answer the questions, please determine to what degree the experience described in
the question applies to you, and select a number to show what percentage of the time you have the
experience. - 16. Some people have the experience of being in a familiar place but finding it strange and unfamiliar. Select a number to show what percentage of the time this happens to you.","When answering the following questions, do not include any time that you were under the influence of psychoactive drugs or a participant in a scientific experiment.

This questionnaire consists of twenty-eight questions about experiences that you may have in
your daily life. We are interested in how often you have these experiences. It is important, however, that
your answers show how often these experiences happen to you when you are not under the influence of
alcohol or drugs.
 To answer the questions, please determine to what degree the experience described in
the question applies to you, and select a number to show what percentage of the time you have the
experience. - 17. Some people find that when they are watching television or a movie they become so absorbed in the story that they are unaware of other events happening around them. Select a number to show what percentage of the time this happens to you.","When answering the following questions, do not include any time that you were under the influence of psychoactive drugs or a participant in a scientific experiment.

This questionnaire consists of twenty-eight questions about experiences that you may have in
your daily life. We are interested in how often you have these experiences. It is important, however, that
your answers show how often these experiences happen to you when you are not under the influence of
alcohol or drugs.
 To answer the questions, please determine to what degree the experience described in
the question applies to you, and select a number to show what percentage of the time you have the
experience. - 18. Some people find that they become so involved in a fantasy or daydream that it feels as though it were really happening to them. Select a number to show what percentage of the time this happens to you.","When answering the following questions, do not include any time that you were under the influence of psychoactive drugs or a participant in a scientific experiment.

This questionnaire consists of twenty-eight questions about experiences that you may have in
your daily life. We are interested in how often you have these experiences. It is important, however, that
your answers show how often these experiences happen to you when you are not under the influence of
alcohol or drugs.
 To answer the questions, please determine to what degree the experience described in
the question applies to you, and select a number to show what percentage of the time you have the
experience. - 19. Some people find that they sometimes are able to ignore pain. Select a number to show what percentage of the time this happens to you.","When answering the following questions, do not include any time that you were under the influence of psychoactive drugs or a participant in a scientific experiment.

This questionnaire consists of twenty-eight questions about experiences that you may have in
your daily life. We are interested in how often you have these experiences. It is important, however, that
your answers show how often these experiences happen to you when you are not under the influence of
alcohol or drugs.
 To answer the questions, please determine to what degree the experience described in
the question applies to you, and select a number to show what percentage of the time you have the
experience. - 20. Some people find that they sometimes sit staring off into space, thinking of nothing, and are not aware of the passage of time. Select a number to show what percentage of the time this happens to you.","When answering the following questions, do not include any time that you were under the influence of psychoactive drugs or a participant in a scientific experiment.

This questionnaire consists of twenty-eight questions about experiences that you may have in
your daily life. We are interested in how often you have these experiences. It is important, however, that
your answers show how often these experiences happen to you when you are not under the influence of
alcohol or drugs.
 To answer the questions, please determine to what degree the experience described in
the question applies to you, and select a number to show what percentage of the time you have the
experience. - 21. Some people sometimes find that when they are alone they talk out loud to themselves. Select a number to show what percentage of the time this happens to you.","When answering the following questions, do not include any time that you were under the influence of psychoactive drugs or a participant in a scientific experiment.

This questionnaire consists of twenty-eight questions about experiences that you may have in
your daily life. We are interested in how often you have these experiences. It is important, however, that
your answers show how often these experiences happen to you when you are not under the influence of
alcohol or drugs.
 To answer the questions, please determine to what degree the experience described in
the question applies to you, and select a number to show what percentage of the time you have the
experience. - 22. Some people find that in one situation they may act so differently compared with another situation that they feel almost as if they were two different people. Select a number to show what percentage of the time this happens to you.","When answering the following questions, do not include any time that you were under the influence of psychoactive drugs or a participant in a scientific experiment.

This questionnaire consists of twenty-eight questions about experiences that you may have in
your daily life. We are interested in how often you have these experiences. It is important, however, that
your answers show how often these experiences happen to you when you are not under the influence of
alcohol or drugs.
 To answer the questions, please determine to what degree the experience described in
the question applies to you, and select a number to show what percentage of the time you have the
experience. - 23. Some people sometimes find that in certain situations they are able to do things with amazing ease and spontaneity that would usually be difficult for them (for example, sports, work, social situations, etc.). Select a number to show what percentage of the time this happens to you.","When answering the following questions, do not include any time that you were under the influence of psychoactive drugs or a participant in a scientific experiment.

This questionnaire consists of twenty-eight questions about experiences that you may have in
your daily life. We are interested in how often you have these experiences. It is important, however, that
your answers show how often these experiences happen to you when you are not under the influence of
alcohol or drugs.
 To answer the questions, please determine to what degree the experience described in
the question applies to you, and select a number to show what percentage of the time you have the
experience. - 24. Some people sometimes find that they cannot remember whether they have done something or have just thought about doing that thing (for example, not knowing whether they have just mailed a letter or have just thought about mailing it). Select a number to show what percentage of the time this happens to you.","When answering the following questions, do not include any time that you were under the influence of psychoactive drugs or a participant in a scientific experiment.

This questionnaire consists of twenty-eight questions about experiences that you may have in
your daily life. We are interested in how often you have these experiences. It is important, however, that
your answers show how often these experiences happen to you when you are not under the influence of
alcohol or drugs.
 To answer the questions, please determine to what degree the experience described in
the question applies to you, and select a number to show what percentage of the time you have the
experience. - 25. Some people find evidence that they have done things that they do not remember doing. Select a number to show what percentage of the time this happens to you.","When answering the following questions, do not include any time that you were under the influence of psychoactive drugs or a participant in a scientific experiment.

This questionnaire consists of twenty-eight questions about experiences that you may have in
your daily life. We are interested in how often you have these experiences. It is important, however, that
your answers show how often these experiences happen to you when you are not under the influence of
alcohol or drugs.
 To answer the questions, please determine to what degree the experience described in
the question applies to you, and select a number to show what percentage of the time you have the
experience. - 26. Some people sometimes find writings, drawings, or notes among their belongings that they must have done but cannot remember doing. Select a number to show what percentage of the time this happens to you.","When answering the following questions, do not include any time that you were under the influence of psychoactive drugs or a participant in a scientific experiment.

This questionnaire consists of twenty-eight questions about experiences that you may have in
your daily life. We are interested in how often you have these experiences. It is important, however, that
your answers show how often these experiences happen to you when you are not under the influence of
alcohol or drugs.
 To answer the questions, please determine to what degree the experience described in
the question applies to you, and select a number to show what percentage of the time you have the
experience. - 27. Some people sometimes find that they hear voices inside their head that tell them to do things or comment on things that they are doing. Select a number to show what percentage of the time this happens to you.","When answering the following questions, do not include any time that you were under the influence of psychoactive drugs or a participant in a scientific experiment.

This questionnaire consists of twenty-eight questions about experiences that you may have in
your daily life. We are interested in how often you have these experiences. It is important, however, that
your answers show how often these experiences happen to you when you are not under the influence of
alcohol or drugs.
 To answer the questions, please determine to what degree the experience described in
the question applies to you, and select a number to show what percentage of the time you have the
experience. - 28. Some people sometimes feel as if they are looking at the world through a fog, so that people and objects appear far away or unclear. Select a number to show what percentage of the time this happens to you.",Timing - First Click,Timing - Last Click,Timing - Page Submit,Timing - Click Count,NA,NA,NA,NA,NA,NA,NA,NA,NA,NA,NA,NA,NA,NA,NA,NA,NA
729,NA,"{""ImportId"":""startDate"",""timeZone"":""America/Denver""}","{""ImportId"":""endDate"",""timeZone"":""America/Denver""}","{""ImportId"":""status""}","{""ImportId"":""progress""}","{""ImportId"":""duration""}","{""ImportId"":""finished""}","{""ImportId"":""recordedDate"",""timeZone"":""America/Denver""}","{""ImportId"":""recipientLastName""}","{""ImportId"":""recipientFirstName""}","{""ImportId"":""recipientEmail""}","{""ImportId"":""externalDataReference""}","{""ImportId"":""locationLatitude""}","{""ImportId"":""locationLongitude""}","{""ImportId"":""distributionChannel""}","{""ImportId"":""userLanguage""}","{""ImportId"":""QID3""}","{""ImportId"":""QID57""}","{""ImportId"":""QID95_TEXT""}","{""ImportId"":""QID6""}","{""ImportId"":""QID4""}","{""ImportId"":""QID14_FIRST_CLICK""}","{""ImportId"":""QID14_LAST_CLICK""}","{""ImportId"":""QID14_PAGE_SUBMIT""}","{""ImportId"":""QID14_CLICK_COUNT""}","{""ImportId"":""QID82_1""}","{""ImportId"":""QID82_2""}","{""ImportId"":""QID82_3""}","{""ImportId"":""QID82_4""}","{""ImportId"":""QID82_5""}","{""ImportId"":""QID82_6""}","{""ImportId"":""QID82_7""}","{""ImportId"":""QID82_8""}","{""ImportId"":""QID82_9""}","{""ImportId"":""QID82_10""}","{""ImportId"":""QID82_11""}","{""ImportId"":""QID82_12""}","{""ImportId"":""QID82_13""}","{""ImportId"":""QID82_14""}","{""ImportId"":""QID82_15""}","{""ImportId"":""QID82_16""}","{""ImportId"":""QID82_17""}","{""ImportId"":""QID82_18""}","{""ImportId"":""QID82_19""}","{""ImportId"":""QID82_20""}","{""ImportId"":""QID82_21""}","{""ImportId"":""QID82_22""}","{""ImportId"":""QID82_23""}","{""ImportId"":""QID82_24""}","{""ImportId"":""QID82_25""}","{""ImportId"":""QID82_26""}","{""ImportId"":""QID82_27""}","{""ImportId"":""QID82_28""}","{""ImportId"":""QID94_FIRST_CLICK""}","{""ImportId"":""QID94_LAST_CLICK""}","{""ImportId"":""QID94_PAGE_SUBMIT""}","{""ImportId"":""QID94_CLICK_COUNT""}",NA,NA,NA,NA,NA,NA,NA,NA,NA,NA,NA,NA,NA,NA,NA,NA,NA
730,NA,03/03/2022 03:11,03/03/2022 03:13,1,100,88,1,03/03/2022 03:13,NA,NA,NA,NA,51.477005,-0.195907593,preview,EN,1,1,NA,Man,1,NA,NA,NA,NA,1,1,1,1,1,1,1,1,1,1,1,1,1,1,1,1,1,1,1,1,1,1,1,1,1,1,1,1,22.686,48.072,49.628,28,NA,NA,NA,NA,NA,NA,NA,NA,NA,NA,NA,NA,NA,NA,NA,NA,NA
731,NA,03/03/2022 07:46,03/03/2022 07:57,0,100,698,1,03/03/2022 07:57,NA,NA,NA,NA,50.83450317,-0.186004639,anonymous,EN,1,1,NA,Other,1,NA,NA,NA,NA,1,1,0,0,0,0,0,2,2,1,0,0,0,0,1,0,2,0,1,0,0,0,1,3,2,0,0,0,29.1,285.328,286.472,30,NA,NA,NA,NA,NA,NA,NA,NA,NA,NA,NA,NA,NA,NA,NA,NA,NA
732,NA,10/04/2022 23:05,10/04/2022 23:06,0,100,37,1,10/04/2022 23:06,NA,NA,NA,NA,52.92340088,-1.472503662,anonymous,EN,1,1,NA,Man,1,1.127,23.999,24.812,32,4,7,6,3,6,5,3,6,4,6,4,6,4,3,5,3,7,5,2,5,3,6,7,7,4,5,7,4,1.127,24,24.812,32,NA,NA,NA,NA,NA,NA,NA,NA,NA,NA,NA,NA,NA,NA,NA,NA,NA
733,NA,15/04/2022 06:05,15/04/2022 06:06,0,100,66,1,15/04/2022 06:06,NA,NA,NA,NA,51.536,-0.0925,anonymous,EN,1,1,21,Woman,1,8.984,46.245,47.396,32,10,10,10,10,10,10,10,10,10,10,10,10,10,10,10,10,10,10,10,10,10,10,10,10,10,10,10,10,8.984,46.246,47.396,32,NA,NA,NA,NA,NA,NA,NA,NA,NA,NA,NA,NA,NA,NA,NA,NA,NA
734,NA,17/04/2022 09:24,17/04/2022 10:01,0,100,2193,1,17/04/2022 10:01,NA,NA,NA,NA,53.4972,-1.1808,anonymous,EN,1,1,NA,Woman,1,52.513,2024.003,2169.258,37,3,3,0,0,0,0,0,0,0,0,0,0,0,2,4,0,1,5,1,5,2,1,1,1,0,0,0,NA,52.514,2024.003,2169.258,37,NA,NA,NA,NA,NA,NA,NA,NA,NA,NA,NA,NA,NA,NA,NA,NA,NA
735,NA,18/04/2022 09:46,18/04/2022 09:51,0,100,277,1,18/04/2022 09:51,NA,NA,NA,NA,50.6138,-3.4037,anonymous,EN,1,1,20,Other,1,13.62,234.236,235.442,55,7,6,3,0,0,1,0,6,9,3,6,NA,4,0,6,3,1,5,6,4,7,0,0,9,4,1,0,0,13.62,234.237,235.442,55,NA,NA,NA,NA,NA,NA,NA,NA,NA,NA,NA,NA,NA,NA,NA,NA,NA
736,NA,21/04/2022 13:52,21/04/2022 13:57,0,100,277,1,21/04/2022 13:57,NA,NA,NA,NA,51.4535,-2.5917,anonymous,EN,1,1,19,Woman,1,32.545,253.495,254.3,35,3,8,NA,0,1,1,0,0,1,2,3,2,0,0,4,2,1,1,0,3,7,0,0,0,0,0,1,1,32.546,253.496,254.305,35,NA,NA,NA,NA,NA,NA,NA,NA,NA,NA,NA,NA,NA,NA,NA,NA,NA
737,NA,28/04/2022 05:35,28/04/2022 05:40,0,100,309,1,28/04/2022 05:40,NA,NA,NA,NA,50.8612,-0.1194,anonymous,EN,1,1,18,Man,1,18.526,287.394,288.166,93,5,7,3,3,3,0,0,1,2,NA,0,2,0,2,3,3,0,2,5,6,6,7,6,7,2,1,3,1,18.526,287.393,288.165,93,NA,NA,NA,NA,NA,NA,NA,NA,NA,NA,NA,NA,NA,NA,NA,NA,NA
738,NA,28/04/2022 14:18,28/04/2022 14:21,0,100,191,1,28/04/2022 14:21,NA,NA,NA,NA,50.8612,-0.1194,anonymous,EN,1,1,20,Man,1,17.099,163.775,164.674,42,6,6,4,0,1,3,NA,0,3,2,0,0,2,3,5,6,1,2,4,8,3,7,7,5,6,0,0,0,17.1,163.774,164.673,42,NA,NA,NA,NA,NA,NA,NA,NA,NA,NA,NA,NA,NA,NA,NA,NA,NA
739,NA,25/04/2022 10:29,25/04/2022 18:39,0,9,29410,0,02/05/2022 18:39,NA,NA,NA,NA,NA,NA,anonymous,EN,NA,NA,NA,NA,NA,NA,NA,NA,NA,NA,NA,NA,NA,NA,NA,NA,NA,NA,NA,NA,NA,NA,NA,NA,NA,NA,NA,NA,NA,NA,NA,NA,NA,NA,NA,NA,NA,NA,NA,NA,NA,NA,NA,NA,NA,NA,NA,NA,NA,NA,NA,NA,NA,NA,NA,NA,NA,NA
740,NA,29/04/2022 08:18,29/04/2022 08:18,0,27,12,0,06/05/2022 08:18,NA,NA,NA,NA,NA,NA,anonymous,EN,1,1,NA,NA,NA,NA,NA,NA,NA,NA,NA,NA,NA,NA,NA,NA,NA,NA,NA,NA,NA,NA,NA,NA,NA,NA,NA,NA,NA,NA,NA,NA,NA,NA,NA,NA,NA,NA,NA,NA,NA,NA,NA,NA,NA,NA,NA,NA,NA,NA,NA,NA,NA,NA,NA,NA,NA,NA
741,NA,29/09/2022 09:24,29/09/2022 09:29,0,100,315,1,29/09/2022 09:29,NA,NA,NA,NA,50.8612,-0.1194,anonymous,EN,1,1,22,Woman,1,31.336,272.882,274.062,38,0,6,0,0,0,2,4,0,1,0,1,3,2,5,NA,2,1,2,3,6,1,1,3,4,2,1,2,1,31.336,272.881,274.062,38,NA,NA,NA,NA,NA,NA,NA,NA,NA,NA,NA,NA,NA,NA,NA,NA,NA
742,NA,01/10/2022 11:03,01/10/2022 11:14,0,100,626,1,01/10/2022 11:14,NA,NA,NA,NA,50.8345,-0.186,anonymous,EN,1,1,19,Woman,1,33.617,552.711,553.901,31,5,7,2,0,4,1,1,0,2,2,0,4,1,4,NA,5,10,5,1,6,8,4,7,8,5,2,4,1,33.619,552.711,553.901,31,NA,NA,NA,NA,NA,NA,NA,NA,NA,NA,NA,NA,NA,NA,NA,NA,NA
743,NA,04/10/2022 03:05,04/10/2022 03:09,0,100,266,1,04/10/2022 03:09,NA,NA,NA,NA,50.8612,-0.1194,anonymous,EN,1,1,18,Woman,1,1.179,246.342,247.106,63,5,4,3,1,1,0,1,2,0,3,8,2,7,4,6,3,5,5,7,9,10,2,4,6,6,NA,9,1,1.179,246.342,247.106,63,NA,NA,NA,NA,NA,NA,NA,NA,NA,NA,NA,NA,NA,NA,NA,NA,NA
744,NA,10/10/2022 05:27,10/10/2022 05:33,0,100,335,1,10/10/2022 05:33,NA,NA,NA,NA,50.8612,-0.1194,anonymous,EN,1,1,19,Other,1,19.354,306.983,307.618,57,6,7,6,8,NA,9,7,2,7,9,9,6,10,2,6,5,9,7,8,9,8,10,5,6,6,7,9,10,19.355,306.983,307.618,57,NA,NA,NA,NA,NA,NA,NA,NA,NA,NA,NA,NA,NA,NA,NA,NA,NA
745,NA,11/10/2022 10:21,11/10/2022 10:22,0,100,91,1,11/10/2022 10:22,NA,NA,NA,NA,50.8612,-0.1194,anonymous,EN,1,1,19,Woman,1,9.635,71.342,72.491,35,4,6,1,3,4,2,5,3,3,NA,8,5,3,4,7,10,6,3,1,NA,10,6,2,10,5,3,0,6,9.637,71.343,72.491,35,NA,NA,NA,NA,NA,NA,NA,NA,NA,NA,NA,NA,NA,NA,NA,NA,NA
746,NA,16/10/2022 07:43,16/10/2022 07:48,0,100,310,1,16/10/2022 07:48,NA,NA,NA,NA,50.8345,-0.186,anonymous,EN,1,1,19,Woman,1,9.831,247.876,248.894,53,9,4,1,1,2,1,1,1,4,5,6,5,6,NA,6,6,9,9,5,7,7,4,4,2,2,2,6,1,9.832,247.876,248.895,53,NA,NA,NA,NA,NA,NA,NA,NA,NA,NA,NA,NA,NA,NA,NA,NA,NA
747,NA,10/10/2022 08:37,10/10/2022 08:38,0,9,10,0,17/10/2022 08:38,NA,NA,NA,NA,NA,NA,anonymous,EN,NA,NA,NA,NA,NA,NA,NA,NA,NA,NA,NA,NA,NA,NA,NA,NA,NA,NA,NA,NA,NA,NA,NA,NA,NA,NA,NA,NA,NA,NA,NA,NA,NA,NA,NA,NA,NA,NA,NA,NA,NA,NA,NA,NA,NA,NA,NA,NA,NA,NA,NA,NA,NA,NA,NA,NA,NA,NA
748,NA,22/10/2022 16:13,22/10/2022 16:18,0,100,289,1,22/10/2022 16:18,NA,NA,NA,NA,50.8612,-0.1194,anonymous,EN,1,1,NA,Woman,1,6.387,256.011,256.875,55,6,4,2,0,1,0,1,0,NA,2,2,3,0,4,7,3,6,8,1,1,8,4,5,6,0,0,3,1,6.388,255.909,256.876,55,NA,NA,NA,NA,NA,NA,NA,NA,NA,NA,NA,NA,NA,NA,NA,NA,NA
749,NA,23/10/2022 04:38,23/10/2022 04:41,0,100,205,1,23/10/2022 04:41,NA,NA,NA,NA,51.5095,-0.0955,anonymous,EN,1,1,19,Woman,1,4.732,147.202,147.566,95,1,1,0,0,0,0,2,NA,NA,0,0,2,0,2,2,0,0,1,5,0,1,2,7,1,0,0,0,3,4.734,147.202,147.566,95,NA,NA,NA,NA,NA,NA,NA,NA,NA,NA,NA,NA,NA,NA,NA,NA,NA
750,NA,23/10/2022 19:17,23/10/2022 19:25,0,100,443,1,23/10/2022 19:25,NA,NA,NA,NA,50.8612,-0.1194,anonymous,EN,1,1,19,Woman,1,30.627,417.091,418.422,35,6,7,0,0,0,0,1,0,0,2,8,5,3,3,NA,4,1,2,0,3,4,7,4,3,1,0,1,2,30.628,417.091,418.422,35,NA,NA,NA,NA,NA,NA,NA,NA,NA,NA,NA,NA,NA,NA,NA,NA,NA
751,NA,25/10/2022 04:07,25/10/2022 04:13,0,100,353,1,25/10/2022 04:13,NA,NA,NA,NA,51.5095,-0.0955,anonymous,EN,1,1,18,Woman,1,37.393,328.506,329.486,27,7,7,5,3,2,3,6,1,0,6,2,8,8,10,8,NA,7,6,3,5,0,3,3,6,3,1,7,3,37.393,328.505,329.485,27,NA,NA,NA,NA,NA,NA,NA,NA,NA,NA,NA,NA,NA,NA,NA,NA,NA
752,NA,25/10/2022 09:30,25/10/2022 09:37,0,100,393,1,25/10/2022 09:37,NA,NA,NA,NA,50.8612,-0.1194,anonymous,EN,1,1,18,Woman,1,12.414,359.34,360.383,56,2,3,6,4,8,5,3,9,5,3,7,5,1,7,3,5,5,4,7,2,4,9,5,3,9,NA,2,9,12.416,359.34,360.383,56,NA,NA,NA,NA,NA,NA,NA,NA,NA,NA,NA,NA,NA,NA,NA,NA,NA
753,NA,28/10/2022 04:05,28/10/2022 04:07,0,100,112,1,28/10/2022 04:07,NA,NA,NA,NA,50.8345,-0.186,anonymous,EN,1,1,2-,Woman,1,3.7,89.142,89.707,46,4,8,0,1,1,2,1,1,3,1,2,1,0,2,1,1,1,2,1,3,1,1,2,1,1,0,0,1,3.701,89.142,89.707,46,NA,NA,NA,NA,NA,NA,NA,NA,NA,NA,NA,NA,NA,NA,NA,NA,NA
754,NA,30/10/2022 19:37,30/10/2022 19:41,0,100,229,1,30/10/2022 19:41,NA,NA,NA,NA,50.8612,-0.1194,anonymous,EN,1,1,21,Woman,1,15.381,155.765,160.114,28,6,9,2,1,6,1,9,1,NA,NA,4,1,1,3,9,4,3,10,7,7,NA,10,10,6,4,5,4,1,15.382,155.764,160.113,28,NA,NA,NA,NA,NA,NA,NA,NA,NA,NA,NA,NA,NA,NA,NA,NA,NA
755,NA,31/10/2022 09:26,31/10/2022 09:26,0,100,47,1,31/10/2022 09:26,NA,NA,NA,NA,50.8429,-0.1158,anonymous,EN,1,1,19,Woman,1,1.579,27.85,28.901,29,0,0,0,0,0,0,0,0,0,0,0,0,0,0,0,0,0,0,0,0,0,0,0,0,0,0,0,0,1.58,27.85,28.901,29,NA,NA,NA,NA,NA,NA,NA,NA,NA,NA,NA,NA,NA,NA,NA,NA,NA
756,NA,01/11/2022 05:28,01/11/2022 05:30,0,100,163,1,01/11/2022 05:30,NA,NA,NA,NA,50.8612,-0.1194,anonymous,EN,1,1,18,Woman,1,9.566,142.543,143.263,57,0,8,0,0,1,1,0,1,1,3,1,0,0,3,1,NA,0,NA,2,2,2,1,1,3,2,1,1,0,9.566,142.543,143.263,57,NA,NA,NA,NA,NA,NA,NA,NA,NA,NA,NA,NA,NA,NA,NA,NA,NA
757,NA,25/10/2022 09:27,25/10/2022 09:27,0,9,18,0,01/11/2022 09:27,NA,NA,NA,NA,NA,NA,anonymous,EN,NA,NA,NA,NA,NA,NA,NA,NA,NA,NA,NA,NA,NA,NA,NA,NA,NA,NA,NA,NA,NA,NA,NA,NA,NA,NA,NA,NA,NA,NA,NA,NA,NA,NA,NA,NA,NA,NA,NA,NA,NA,NA,NA,NA,NA,NA,NA,NA,NA,NA,NA,NA,NA,NA,NA,NA,NA,NA
758,NA,02/11/2022 09:47,02/11/2022 09:49,0,100,171,1,02/11/2022 09:49,NA,NA,NA,NA,50.8612,-0.1194,anonymous,EN,1,1,23,Woman,1,14.144,151.346,152.363,36,9,8,4,3,0,0,0,0,2,0,1,6,5,4,7,NA,7,7,9,10,9,9,7,7,3,1,6,8,14.145,151.346,152.363,36,NA,NA,NA,NA,NA,NA,NA,NA,NA,NA,NA,NA,NA,NA,NA,NA,NA
759,NA,08/11/2022 23:44,08/11/2022 23:46,0,100,111,1,08/11/2022 23:46,NA,NA,NA,NA,50.8612,-0.1194,anonymous,EN,1,1,NA,Woman,1,10.193,91.196,92.154,33,5,7,7,4,3,2,7,0,5,6,8,8,8,4,6,7,6,6,4,9,5,6,2,5,5,0,0,6,10.192,91.196,92.153,33,NA,NA,NA,NA,NA,NA,NA,NA,NA,NA,NA,NA,NA,NA,NA,NA,NA
760,NA,16/11/2022 06:20,16/11/2022 06:25,0,100,345,1,16/11/2022 06:25,NA,NA,NA,NA,50.8429,-0.1158,anonymous,EN,1,1,19,Woman,1,14.529,289.093,290.002,35,7,7,3,1,0,0,0,0,0,3,1,1,0,0,2,1,3,4,1,4,6,1,2,NA,1,0,0,0,14.529,289.092,290.002,35,NA,NA,NA,NA,NA,NA,NA,NA,NA,NA,NA,NA,NA,NA,NA,NA,NA
761,NA,16/11/2022 12:44,16/11/2022 12:48,0,100,221,1,16/11/2022 12:48,NA,NA,NA,NA,50.82,-1.0664,anonymous,EN,1,1,20,Woman,1,10.529,190.692,191.952,53,2,3,1,0,3,2,NA,0,1,3,1,4,1,4,5,4,7,5,2,4,5,2,1,4,3,2,5,4,10.531,190.691,191.951,53,NA,NA,NA,NA,NA,NA,NA,NA,NA,NA,NA,NA,NA,NA,NA,NA,NA
762,NA,21/11/2022 04:05,21/11/2022 04:07,0,100,108,1,21/11/2022 04:07,NA,NA,NA,NA,50.7883,0.2817,anonymous,EN,1,1,19,Woman,1,9.103,87.79,88.895,29,2,3,0,0,4,0,0,0,0,2,0,0,1,1,3,2,NA,2,1,3,3,3,3,3,3,3,1,4,9.106,87.791,88.895,29,NA,NA,NA,NA,NA,NA,NA,NA,NA,NA,NA,NA,NA,NA,NA,NA,NA
763,NA,23/11/2022 06:48,23/11/2022 06:56,0,100,458,1,23/11/2022 06:56,NA,NA,NA,NA,50.8612,-0.1194,anonymous,EN,1,1,18,Woman,1,10.896,394.51,395.304,33,4,2,0,0,0,0,1,0,1,1,0,0,0,0,1,1,0,0,2,2,1,2,4,2,1,NA,0,0,10.899,394.51,395.304,33,NA,NA,NA,NA,NA,NA,NA,NA,NA,NA,NA,NA,NA,NA,NA,NA,NA
764,NA,26/11/2022 09:05,26/11/2022 09:12,0,100,403,1,26/11/2022 09:12,NA,NA,NA,NA,52.2991,-0.6942,anonymous,EN,1,NA,19,Woman,1,1.028,327.153,328.231,113,0,7,6,0,1,0,0,3,0,1,2,2,1,2,1,4,5,3,2,5,5,4,5,2,2,NA,0,0,1.027,327.154,328.231,113,NA,NA,NA,NA,NA,NA,NA,NA,NA,NA,NA,NA,NA,NA,NA,NA,NA
765,NA,21/11/2022 04:28,21/11/2022 04:34,0,82,335,0,28/11/2022 04:34,NA,NA,NA,NA,NA,NA,anonymous,EN,1,1,19,Woman,1,11.274,312.591,313.202,89,4,5,2,2,2,2,1,2,5,4,0,4,2,NA,5,3,5,4,2,6,3,3,4,2,2,2,0,0,11.276,312.592,313.202,89,NA,NA,NA,NA,NA,NA,NA,NA,NA,NA,NA,NA,NA,NA,NA,NA,NA
766,NA,07/12/2022 05:24,07/12/2022 05:34,0,100,598,1,07/12/2022 05:34,NA,NA,NA,NA,51.5164,-0.093,anonymous,EN,1,1,18,Woman,1,0.633,417.837,418.703,78,3,5,1,0,1,0,0,0,1,0,0,0,0,6,5,4,1,1,1,1,6,0,2,3,1,NA,0,0,0.634,416.678,417.543,78,NA,NA,NA,NA,NA,NA,NA,NA,NA,NA,NA,NA,NA,NA,NA,NA,NA
767,NA,01/12/2022 05:34,01/12/2022 05:35,0,27,64,0,08/12/2022 05:35,NA,NA,NA,NA,NA,NA,anonymous,EN,1,1,NA,NA,NA,NA,NA,NA,NA,NA,NA,NA,NA,NA,NA,NA,NA,NA,NA,NA,NA,NA,NA,NA,NA,NA,NA,NA,NA,NA,NA,NA,NA,NA,NA,NA,NA,NA,NA,NA,NA,NA,NA,NA,NA,NA,NA,NA,NA,NA,NA,NA,NA,NA,NA,NA,NA,NA
768,NA,08/12/2022 07:00,08/12/2022 07:05,0,100,268,1,08/12/2022 07:05,NA,NA,NA,NA,50.8612,-0.1194,anonymous,EN,1,1,22,Woman,1,5.01,223.141,225.649,50,8,8,6,3,3,3,8,0,7,8,8,9,9,NA,7,8,5,8,4,8,6,5,6,5,4,6,7,9,5.012,223.141,225.649,50,NA,NA,NA,NA,NA,NA,NA,NA,NA,NA,NA,NA,NA,NA,NA,NA,NA
769,NA,08/12/2022 07:10,08/12/2022 07:11,0,100,51,1,08/12/2022 07:11,NA,NA,NA,NA,50.8612,-0.1194,anonymous,EN,1,1,18,Man,1,10.319,28.868,29.476,33,5,9,1,8,4,7,9,4,5,5,7,4,8,8,8,8,6,10,NA,5,6,9,7,5,9,7,6,9,10.319,28.868,29.476,33,NA,NA,NA,NA,NA,NA,NA,NA,NA,NA,NA,NA,NA,NA,NA,NA,NA
770,NA,08/12/2022 08:53,08/12/2022 08:57,0,100,256,1,08/12/2022 08:57,NA,NA,NA,NA,50.8612,-0.1194,anonymous,EN,1,1,18,Woman,1,8.568,205.779,206.641,53,4,7,1,0,0,0,0,NA,5,5,2,5,6,1,2,5,7,7,5,9,7,8,2,6,0,0,0,0,8.571,205.778,206.64,53,NA,NA,NA,NA,NA,NA,NA,NA,NA,NA,NA,NA,NA,NA,NA,NA,NA
771,NA,08/12/2022 14:07,08/12/2022 14:08,0,100,64,1,08/12/2022 14:08,NA,NA,NA,NA,50.8612,-0.1194,anonymous,EN,1,1,NA,Woman,1,2.923,45.248,45.848,39,8,6,8,7,7,6,8,6,2,6,5,3,6,3,7,5,3,6,4,8,5,5,6,4,6,8,4,7,2.927,45.248,45.848,39,NA,NA,NA,NA,NA,NA,NA,NA,NA,NA,NA,NA,NA,NA,NA,NA,NA
772,NA,17/12/2022 05:25,17/12/2022 05:25,0,27,15,0,24/12/2022 05:25,NA,NA,NA,NA,NA,NA,anonymous,EN,1,1,NA,NA,NA,NA,NA,NA,NA,NA,NA,NA,NA,NA,NA,NA,NA,NA,NA,NA,NA,NA,NA,NA,NA,NA,NA,NA,NA,NA,NA,NA,NA,NA,NA,NA,NA,NA,NA,NA,NA,NA,NA,NA,NA,NA,NA,NA,NA,NA,NA,NA,NA,NA,NA,NA,NA,NA
773,NA,26/12/2022 07:27,26/12/2022 07:28,0,55,15,0,02/01/2023 07:28,NA,NA,NA,NA,NA,NA,anonymous,EN,1,1,20,Man,1,NA,NA,NA,NA,NA,NA,NA,NA,NA,NA,NA,NA,NA,NA,NA,NA,NA,NA,NA,NA,NA,NA,NA,NA,NA,NA,NA,NA,NA,NA,NA,NA,NA,NA,NA,NA,NA,NA,NA,NA,NA,NA,NA,NA,NA,NA,NA,NA,NA,NA,NA,NA,NA
774,NA,29/12/2022 11:43,29/12/2022 11:58,0,55,911,0,05/01/2023 11:58,NA,NA,NA,NA,NA,NA,anonymous,EN,1,1,21,Woman,1,NA,NA,NA,NA,NA,NA,NA,NA,NA,NA,NA,NA,NA,NA,NA,NA,NA,NA,NA,NA,NA,NA,NA,NA,NA,NA,NA,NA,NA,NA,NA,NA,NA,NA,NA,NA,NA,NA,NA,NA,NA,NA,NA,NA,NA,NA,NA,NA,NA,NA,NA,NA,NA
775,NA,17/01/2023 20:16,17/01/2023 20:22,0,100,358,1,17/01/2023 20:22,NA,NA,NA,NA,51.5564,0.0714,anonymous,EN,1,1,20,Woman,1,12.569,304.24,305.926,113,5,4,1,0,0,2,0,0,0,1,0,0,0,1,3,2,3,0,1,4,4,2,4,3,0,1,0,0,12.57,304.241,305.926,113,NA,NA,NA,NA,NA,NA,NA,NA,NA,NA,NA,NA,NA,NA,NA,NA,NA
776,NA,24/01/2023 12:33,24/01/2023 12:39,0,100,350,1,24/01/2023 12:39,NA,NA,NA,NA,50.8345,-0.186,anonymous,EN,1,NA,22,Woman,1,38.675,296.655,297.585,33,4,7,0,0,1,0,0,0,5,0,0,0,0,8,5,0,3,0,4,1,10,6,3,1,3,7,2,0,38.674,296.654,297.584,33,NA,NA,NA,NA,NA,NA,NA,NA,NA,NA,NA,NA,NA,NA,NA,NA,NA
777,NA,25/01/2023 07:45,25/01/2023 07:48,0,100,231,1,25/01/2023 07:48,NA,NA,NA,NA,50.8612,-0.1194,anonymous,EN,1,1,18,Woman,1,0.939,186.192,187.205,71,1,4,1,1,2,1,1,1,2,3,2,3,3,2,2,2,6,4,3,4,7,8,1,3,0,1,4,2,0.94,186.192,187.205,71,NA,NA,NA,NA,NA,NA,NA,NA,NA,NA,NA,NA,NA,NA,NA,NA,NA
778,NA,26/01/2023 07:53,26/01/2023 07:55,0,100,120,1,26/01/2023 07:55,NA,NA,NA,NA,51.4402,-0.0259,anonymous,EN,1,1,18,Man,1,0.238,94.983,95.028,53,5,5,4,6,6,3,6,8,4,5,5,5,6,5,6,4,7,7,10,5,8,4,5,5,4,4,5,5,0.239,94.983,95.028,53,NA,NA,NA,NA,NA,NA,NA,NA,NA,NA,NA,NA,NA,NA,NA,NA,NA
779,NA,29/01/2023 13:41,29/01/2023 13:49,0,100,485,1,29/01/2023 13:49,NA,NA,NA,NA,50.8429,-0.1158,anonymous,EN,1,1,20,Woman,1,78.452,397.222,404.288,37,1,4,1,0,1,0,0,0,2,1,0,0,0,1,5,0,8,3,3,0,8,1,3,6,3,1,9,5,78.454,397.223,404.288,37,NA,NA,NA,NA,NA,NA,NA,NA,NA,NA,NA,NA,NA,NA,NA,NA,NA
780,NA,04/02/2023 15:37,04/02/2023 15:42,0,100,322,1,04/02/2023 15:42,NA,NA,NA,NA,50.8612,-0.1194,anonymous,EN,1,1,20,Woman,1,32.897,281.29,282.972,41,4,3,0,0,2,0,2,0,1,1,3,0,1,9,7,3,6,7,3,5,8,7,6,3,2,0,1,2,32.896,281.29,282.971,41,NA,NA,NA,NA,NA,NA,NA,NA,NA,NA,NA,NA,NA,NA,NA,NA,NA
781,NA,05/02/2023 05:52,05/02/2023 06:00,0,100,476,1,05/02/2023 06:00,NA,NA,NA,NA,50.8612,-0.1194,anonymous,EN,1,1,18,Man,1,41.12,417.247,417.6,40,1,3,0,0,2,1,3,0,0,4,0,0,0,7,1,4,4,2,8,6,2,6,6,1,1,0,0,0,41.121,417.247,417.6,40,NA,NA,NA,NA,NA,NA,NA,NA,NA,NA,NA,NA,NA,NA,NA,NA,NA
782,NA,06/02/2023 13:28,06/02/2023 13:31,0,100,225,1,06/02/2023 13:31,NA,NA,NA,NA,50.8429,-0.1158,anonymous,EN,1,1,24,Woman,1,23.951,178.968,180.097,34,5,8,0,1,2,0,3,0,0,0,1,3,1,2,6,0,3,7,1,6,1,5,2,8,5,0,2,0,23.953,178.968,180.097,34,NA,NA,NA,NA,NA,NA,NA,NA,NA,NA,NA,NA,NA,NA,NA,NA,NA
783,NA,08/02/2023 12:28,08/02/2023 12:35,0,100,402,1,08/02/2023 12:35,NA,NA,NA,NA,51.5733,-0.3964,anonymous,EN,1,1,19,Woman,1,0.138,369.484,370.519,92,2,4,0,0,0,1,0,0,0,2,0,3,0,2,3,1,1,2,3,2,6,5,0,1,1,1,NA,0,0.138,369.484,370.519,92,NA,NA,NA,NA,NA,NA,NA,NA,NA,NA,NA,NA,NA,NA,NA,NA,NA
784,NA,08/02/2023 13:37,08/02/2023 13:41,0,100,239,1,08/02/2023 13:41,NA,NA,NA,NA,51.5888,-0.0247,anonymous,EN,1,1,21,Man,1,33.545,214.056,214.918,33,0,4,0,0,0,0,2,0,0,2,6,2,3,3,1,0,2,5,3,2,3,0,2,0,0,0,0,3,33.545,214.056,214.918,33,NA,NA,NA,NA,NA,NA,NA,NA,NA,NA,NA,NA,NA,NA,NA,NA,NA
785,NA,11/02/2023 06:46,11/02/2023 06:52,0,100,365,1,11/02/2023 06:52,NA,NA,NA,NA,51.3997,-0.2515,anonymous,EN,1,1,19,Woman,1,62.624,343.9,345.074,40,2,9,0,0,2,0,4,1,10,4,8,10,10,5,7,7,3,7,10,2,9,9,0,7,8,9,10,9,62.625,343.9,345.074,40,NA,NA,NA,NA,NA,NA,NA,NA,NA,NA,NA,NA,NA,NA,NA,NA,NA
786,NA,12/02/2023 04:19,12/02/2023 04:22,0,100,193,1,12/02/2023 04:22,NA,NA,NA,NA,51.1818,-0.6131,anonymous,EN,1,1,19,Woman,1,15.998,169.202,170.502,48,1,4,1,0,0,1,2,0,2,1,2,2,2,0,1,2,3,1,0,2,7,2,2,5,1,0,2,0,15.998,169.202,170.502,48,NA,NA,NA,NA,NA,NA,NA,NA,NA,NA,NA,NA,NA,NA,NA,NA,NA
787,NA,12/02/2023 12:11,12/02/2023 12:32,0,100,1266,1,12/02/2023 12:32,NA,NA,NA,NA,50.8612,-0.1194,anonymous,EN,1,1,18,Woman,1,27,1233.999,1234.968,37,2,5,0,0,4,2,0,0,0,6,1,0,0,3,2,1,1,0,0,7,4,2,1,2,2,0,0,0,27.001,1234,1234.968,37,NA,NA,NA,NA,NA,NA,NA,NA,NA,NA,NA,NA,NA,NA,NA,NA,NA
788,NA,17/02/2023 13:34,17/02/2023 13:38,0,100,264,1,17/02/2023 13:38,NA,NA,NA,NA,50.8612,-0.1194,anonymous,EN,1,1,19,Woman,1,39.525,215.144,216.265,33,0,7,1,0,2,6,0,0,0,1,2,4,2,2,6,5,5,6,2,7,3,6,7,5,3,5,0,0,39.525,215.144,216.265,33,NA,NA,NA,NA,NA,NA,NA,NA,NA,NA,NA,NA,NA,NA,NA,NA,NA
789,NA,18/02/2023 12:03,18/02/2023 12:07,0,100,288,1,18/02/2023 12:07,NA,NA,NA,NA,51.4249,-0.1032,anonymous,EN,1,NA,20,Woman,1,0.887,257.354,258.068,69,5,9,3,2,7,1,5,3,3,4,7,7,4,3,4,5,4,7,5,6,8,6,3,5,2,0,1,3,0.888,257.354,258.068,69,NA,NA,NA,NA,NA,NA,NA,NA,NA,NA,NA,NA,NA,NA,NA,NA,NA
790,NA,20/02/2023 06:55,20/02/2023 07:00,0,100,334,1,20/02/2023 07:00,NA,NA,NA,NA,51.536,-0.0925,anonymous,EN,1,1,21,Woman,1,28.013,228.798,230.737,31,1,9,0,0,8,1,0,0,2,0,0,10,0,10,7,5,9,10,10,10,7,5,10,10,3,5,0,0,28.016,228.798,230.737,31,NA,NA,NA,NA,NA,NA,NA,NA,NA,NA,NA,NA,NA,NA,NA,NA,NA
791,NA,22/02/2023 10:57,22/02/2023 11:03,0,100,365,1,22/02/2023 11:03,NA,NA,NA,NA,50.8612,-0.1194,anonymous,EN,1,1,19,Woman,1,21.543,318.353,319.555,39,4,5,0,0,0,0,0,0,2,0,0,1,0,1,1,0,6,1,0,6,2,2,1,6,1,0,6,2,21.544,318.354,319.555,39,NA,NA,NA,NA,NA,NA,NA,NA,NA,NA,NA,NA,NA,NA,NA,NA,NA
792,NA,22/02/2023 17:36,22/02/2023 17:44,0,100,446,1,22/02/2023 17:44,NA,NA,NA,NA,50.8429,-0.1158,anonymous,EN,1,1,24,Woman,1,1.941,418.975,420.213,66,7,7,3,0,3,0,1,0,0,1,1,1,2,4,6,2,2,6,1,6,6,2,3,7,8,8,2,1,1.941,418.976,420.213,66,NA,NA,NA,NA,NA,NA,NA,NA,NA,NA,NA,NA,NA,NA,NA,NA,NA
793,NA,23/02/2023 09:53,23/02/2023 10:03,0,100,579,1,23/02/2023 10:03,NA,NA,NA,NA,52.3069,-0.5946,anonymous,EN,1,1,19,Woman,1,55.267,369.123,370.718,39,4,6,1,0,1,0,7,1,1,2,1,1,1,4,5,2,4,3,3,3,7,4,6,4,1,1,1,2,55.268,369.123,370.718,39,NA,NA,NA,NA,NA,NA,NA,NA,NA,NA,NA,NA,NA,NA,NA,NA,NA
794,NA,24/02/2023 06:51,24/02/2023 06:55,0,100,203,1,24/02/2023 06:55,NA,NA,NA,NA,52.4867,-1.8989,anonymous,EN,1,1,20,Man,1,16.303,180.393,181.024,35,3,4,0,0,1,0,0,0,1,2,0,2,1,1,4,6,5,3,5,6,0,7,8,2,1,0,0,6,16.302,180.392,181.023,35,NA,NA,NA,NA,NA,NA,NA,NA,NA,NA,NA,NA,NA,NA,NA,NA,NA
795,NA,27/02/2023 07:38,27/02/2023 08:16,0,100,2254,1,27/02/2023 08:16,NA,NA,NA,NA,50.8612,-0.1194,anonymous,EN,1,1,20,Woman,1,9.288,2154.289,2156.489,57,5,6,1,0,1,3,2,0,2,4,0,1,3,1,7,5,3,9,2,8,8,0,1,5,3,3,2,0,9.288,2154.289,2156.489,57,NA,NA,NA,NA,NA,NA,NA,NA,NA,NA,NA,NA,NA,NA,NA,NA,NA
796,NA,27/02/2023 10:07,27/02/2023 10:12,0,100,270,1,27/02/2023 10:12,NA,NA,NA,NA,51.381,0.115,anonymous,EN,1,1,18,Woman,1,2.578,248.463,249.18,78,8,6,0,1,6,2,2,0,3,0,2,2,1,5,8,3,6,4,7,4,5,4,6,4,3,6,1,0,2.578,248.463,249.18,78,NA,NA,NA,NA,NA,NA,NA,NA,NA,NA,NA,NA,NA,NA,NA,NA,NA
797,NA,27/02/2023 10:08,27/02/2023 10:14,0,100,355,1,27/02/2023 10:14,NA,NA,NA,NA,50.8612,-0.1194,anonymous,EN,1,1,19,Woman,1,51.72,325.402,326.348,44,7,8,2,0,3,6,1,1,8,6,0,3,0,2,6,6,5,6,4,8,4,1,3,6,0,0,3,0,51.722,325.302,326.348,44,NA,NA,NA,NA,NA,NA,NA,NA,NA,NA,NA,NA,NA,NA,NA,NA,NA
798,NA,27/02/2023 10:15,27/02/2023 10:21,0,100,349,1,27/02/2023 10:21,NA,NA,NA,NA,50.8612,-0.1194,anonymous,EN,1,1,18,Woman,1,5.917,298.747,301.311,80,2,5,2,0,1,2,1,0,1,4,4,3,4,4,7,6,5,6,6,8,4,3,5,6,5,6,1,1,5.918,298.747,301.311,80,NA,NA,NA,NA,NA,NA,NA,NA,NA,NA,NA,NA,NA,NA,NA,NA,NA
799,NA,01/03/2023 06:36,01/03/2023 06:39,0,100,172,1,01/03/2023 06:39,NA,NA,NA,NA,51.5074,-0.1196,anonymous,EN,1,1,20,Woman,1,13.469,106.029,106.976,37,7,4,2,2,0,0,0,0,1,0,0,2,1,1,3,2,5,5,4,3,4,6,3,4,1,3,4,3,13.47,106.03,106.976,37,NA,NA,NA,NA,NA,NA,NA,NA,NA,NA,NA,NA,NA,NA,NA,NA,NA
800,NA,05/03/2023 09:09,05/03/2023 09:14,0,100,309,1,05/03/2023 09:14,NA,NA,NA,NA,50.8612,-0.1194,anonymous,EN,1,1,19,Woman,1,26.587,275.328,276.185,63,1,1,0,0,0,0,0,0,0,0,0,0,0,0,1,1,0,0,1,3,4,1,1,1,0,0,0,0,26.588,275.328,276.185,63,NA,NA,NA,NA,NA,NA,NA,NA,NA,NA,NA,NA,NA,NA,NA,NA,NA
801,NA,06/03/2023 07:08,06/03/2023 07:14,0,100,355,1,06/03/2023 07:14,NA,NA,NA,NA,50.8612,-0.1194,anonymous,EN,1,1,20,Woman,1,43.833,311.467,312.402,32,4,4,1,0,1,0,0,0,2,1,1,0,0,1,1,1,5,0,0,2,8,4,3,5,1,0,0,0,43.836,311.467,312.514,32,NA,NA,NA,NA,NA,NA,NA,NA,NA,NA,NA,NA,NA,NA,NA,NA,NA
802,NA,07/03/2023 06:43,07/03/2023 06:46,0,100,187,1,07/03/2023 06:46,NA,NA,NA,NA,51.6144,-0.3368,anonymous,EN,1,1,22,Man,1,21.251,152.188,152.958,34,5,4,3,2,6,1,0,0,3,4,2,1,0,0,1,1,6,2,1,2,NA,0,0,3,1,0,1,0,21.251,152.188,152.958,34,NA,NA,NA,NA,NA,NA,NA,NA,NA,NA,NA,NA,NA,NA,NA,NA,NA
803,NA,07/03/2023 08:14,07/03/2023 08:18,0,100,213,1,07/03/2023 08:18,NA,NA,NA,NA,50.8612,-0.1194,anonymous,EN,1,1,18,Woman,1,16.997,185.288,186.597,37,5,5,6,0,0,4,4,1,0,1,0,2,4,6,10,4,4,5,6,9,4,7,5,7,5,2,1,0,16.997,185.288,186.597,37,NA,NA,NA,NA,NA,NA,NA,NA,NA,NA,NA,NA,NA,NA,NA,NA,NA
804,NA,07/03/2023 16:55,07/03/2023 16:59,0,100,238,1,07/03/2023 16:59,NA,NA,NA,NA,50.8612,-0.1194,anonymous,EN,1,1,18,Man,1,0.535,218.539,219.86,74,0,2,0,0,0,1,0,0,0,1,0,2,0,2,3,1,3,0,2,4,1,4,3,1,1,0,0,1,0.535,218.539,219.86,74,NA,NA,NA,NA,NA,NA,NA,NA,NA,NA,NA,NA,NA,NA,NA,NA,NA
805,NA,08/03/2023 02:42,08/03/2023 02:50,0,100,462,1,08/03/2023 02:50,NA,NA,NA,NA,50.8429,-0.1158,anonymous,EN,1,1,20,Woman,1,30.14,372.743,374.718,60,6,8,2,2,4,1,1,1,4,6,0,0,0,7,7,0,5,8,5,8,9,6,3,8,4,2,1,0,30.141,372.743,374.718,60,NA,NA,NA,NA,NA,NA,NA,NA,NA,NA,NA,NA,NA,NA,NA,NA,NA
806,NA,08/03/2023 14:08,08/03/2023 14:13,0,100,297,1,08/03/2023 14:13,NA,NA,NA,NA,50.8612,-0.1194,anonymous,EN,1,NA,19,Woman,1,5.966,238.066,239.655,82,2,2,1,0,1,1,0,0,2,3,3,1,1,1,2,1,3,2,1,3,0,2,4,2,3,0,0,0,5.966,238.066,239.655,82,NA,NA,NA,NA,NA,NA,NA,NA,NA,NA,NA,NA,NA,NA,NA,NA,NA
807,NA,09/03/2023 03:21,09/03/2023 03:26,0,100,328,1,09/03/2023 03:26,NA,NA,NA,NA,50.8429,-0.1158,anonymous,EN,1,1,20,Other,1,25.74,270.922,271.593,41,8,7,2,3,2,0,0,1,1,4,8,7,7,2,6,8,7,7,9,8,9,7,6,7,7,4,0,2,25.74,270.922,271.593,41,NA,NA,NA,NA,NA,NA,NA,NA,NA,NA,NA,NA,NA,NA,NA,NA,NA
808,NA,09/03/2023 03:21,09/03/2023 03:33,0,100,721,1,09/03/2023 03:33,NA,NA,NA,NA,50.8612,-0.1194,anonymous,EN,1,1,20,Woman,1,62.584,682.616,683.616,41,0,8,0,0,1,0,0,0,0,1,0,0,0,3,1,0,1,0,5,6,2,4,7,1,3,3,1,3,62.584,682.617,683.616,41,NA,NA,NA,NA,NA,NA,NA,NA,NA,NA,NA,NA,NA,NA,NA,NA,NA
809,NA,09/03/2023 09:51,09/03/2023 09:52,0,100,94,1,09/03/2023 09:52,NA,NA,NA,NA,50.8429,-0.1158,anonymous,EN,1,1,19,Woman,1,3.852,66.79,68.449,35,6,6,6,6,6,6,4,5,5,3,6,3,6,7,2,7,5,5,5,6,2,NA,3,4,3,4,4,6,3.851,66.79,68.448,35,NA,NA,NA,NA,NA,NA,NA,NA,NA,NA,NA,NA,NA,NA,NA,NA,NA
810,NA,10/03/2023 08:53,10/03/2023 08:56,0,100,217,1,10/03/2023 08:56,NA,NA,NA,NA,50.8612,-0.1194,anonymous,EN,1,1,20,Man,1,2.243,190.261,191.654,57,0,1,0,0,1,0,0,0,1,1,0,0,0,1,2,1,0,1,0,0,2,1,1,4,0,0,0,0,2.243,190.262,191.654,57,NA,NA,NA,NA,NA,NA,NA,NA,NA,NA,NA,NA,NA,NA,NA,NA,NA
811,NA,11/03/2023 14:46,11/03/2023 14:51,0,100,330,1,11/03/2023 14:51,NA,NA,NA,NA,50.8612,-0.1194,anonymous,EN,1,1,18,Woman,1,12.21,297.157,298.525,58,8,10,4,0,2,9,0,0,0,0,6,7,3,7,2,9,0,0,4,2,8,0,1,4,9,0,0,0,12.21,297.157,298.525,58,NA,NA,NA,NA,NA,NA,NA,NA,NA,NA,NA,NA,NA,NA,NA,NA,NA
812,NA,12/03/2023 17:10,12/03/2023 17:16,0,100,392,1,12/03/2023 17:16,NA,NA,NA,NA,50.8612,-0.1194,anonymous,EN,1,1,19,Woman,1,15.324,371.637,372.935,33,0,4,0,0,1,1,0,0,1,4,0,0,0,8,5,7,9,5,7,8,10,4,8,1,1,0,3,1,15.324,371.638,372.935,33,NA,NA,NA,NA,NA,NA,NA,NA,NA,NA,NA,NA,NA,NA,NA,NA,NA
813,NA,16/03/2023 09:03,16/03/2023 09:09,0,100,367,1,16/03/2023 09:09,NA,NA,NA,NA,50.8612,-0.1194,anonymous,EN,1,1,22,Man,1,32.189,313.478,316.033,36,2,1,0,0,0,0,0,1,1,1,0,1,1,0,1,0,3,1,3,1,1,1,0,3,0,0,0,0,32.19,313.479,316.033,36,NA,NA,NA,NA,NA,NA,NA,NA,NA,NA,NA,NA,NA,NA,NA,NA,NA
814,NA,20/03/2023 07:34,20/03/2023 07:41,0,100,466,1,20/03/2023 07:41,NA,NA,NA,NA,50.8612,-0.1194,anonymous,EN,1,1,18,Woman,1,20.245,416.027,417.993,78,9,6,8,0,0,0,0,0,2,3,0,5,0,6,1,0,3,7,5,1,9,1,4,2,0,1,1,4,20.245,416.026,417.993,78,NA,NA,NA,NA,NA,NA,NA,NA,NA,NA,NA,NA,NA,NA,NA,NA,NA
815,NA,20/03/2023 12:33,20/03/2023 12:38,0,100,310,1,20/03/2023 12:38,NA,NA,NA,NA,50.8612,-0.1194,anonymous,EN,1,1,22,Man,1,22.185,275.144,277.229,38,1,2,1,0,1,2,0,1,2,2,0,1,0,0,1,1,2,1,1,2,1,1,4,3,2,1,0,0,22.185,275.144,277.229,38,NA,NA,NA,NA,NA,NA,NA,NA,NA,NA,NA,NA,NA,NA,NA,NA,NA
816,NA,15/03/2023 05:45,15/03/2023 05:51,0,82,333,0,22/03/2023 05:51,NA,NA,NA,NA,NA,NA,anonymous,EN,1,1,59,Man,1,47.861,278.219,285.976,29,0,1,0,0,0,0,0,1,2,0,0,0,0,0,0,0,2,0,2,0,0,0,0,2,1,1,0,0,47.863,278.219,285.977,29,NA,NA,NA,NA,NA,NA,NA,NA,NA,NA,NA,NA,NA,NA,NA,NA,NA
817,NA,23/03/2023 13:02,23/03/2023 13:06,0,100,253,1,23/03/2023 13:06,NA,NA,NA,NA,50.8612,-0.1194,anonymous,EN,1,1,20,Woman,1,39.233,231.358,234.17,53,1,8,1,0,1,0,1,0,0,3,1,1,1,1,5,4,5,3,3,1,1,3,3,1,3,4,1,3,39.232,231.357,234.169,53,NA,NA,NA,NA,NA,NA,NA,NA,NA,NA,NA,NA,NA,NA,NA,NA,NA
818,NA,24/03/2023 15:38,24/03/2023 15:42,0,100,203,1,24/03/2023 15:42,NA,NA,NA,NA,50.8429,-0.1158,anonymous,EN,1,1,20,Woman,1,15.353,181.46,181.917,41,1,6,0,0,0,0,2,0,1,0,0,0,0,3,0,0,1,4,0,5,7,5,2,0,2,1,4,0,15.352,181.459,181.916,41,NA,NA,NA,NA,NA,NA,NA,NA,NA,NA,NA,NA,NA,NA,NA,NA,NA
819,NA,25/03/2023 06:17,25/03/2023 06:21,0,100,250,1,25/03/2023 06:21,NA,NA,NA,NA,50.8612,-0.1194,anonymous,EN,1,1,19,Woman,1,1.297,184.121,185.369,35,4,5,4,4,4,5,6,6,6,6,6,6,6,6,6,6,6,6,6,6,6,6,6,6,6,6,6,6,1.297,184.12,185.368,35,NA,NA,NA,NA,NA,NA,NA,NA,NA,NA,NA,NA,NA,NA,NA,NA,NA
820,NA,26/03/2023 10:45,26/03/2023 10:50,0,100,266,1,26/03/2023 10:50,NA,NA,NA,NA,50.8612,-0.1194,anonymous,EN,1,1,20,Other,1,19.39,245.317,246.001,42,7,8,2,1,0,0,4,1,3,9,4,8,7,3,10,2,1,2,0,6,1,2,6,9,3,0,0,2,19.39,245.318,246.001,42,NA,NA,NA,NA,NA,NA,NA,NA,NA,NA,NA,NA,NA,NA,NA,NA,NA
821,NA,30/03/2023 06:31,30/03/2023 06:39,0,100,438,1,30/03/2023 06:39,NA,NA,NA,NA,50.8612,-0.1194,anonymous,EN,1,1,18,Man,1,5.94,369.282,370.784,49,3,8,1,0,0,3,1,0,1,2,0,2,0,1,1,2,3,2,3,7,8,3,5,6,5,5,1,1,5.939,369.282,370.783,49,NA,NA,NA,NA,NA,NA,NA,NA,NA,NA,NA,NA,NA,NA,NA,NA,NA
822,NA,30/03/2023 13:11,30/03/2023 13:16,0,100,260,1,30/03/2023 13:16,NA,NA,NA,NA,52.3759,4.8975,anonymous,EN,1,1,18,Woman,1,39.457,234.369,234.979,33,4,8,3,1,1,3,7,3,8,7,3,9,7,7,8,7,8,6,6,9,5,7,5,6,5,5,6,9,39.458,234.369,234.979,33,NA,NA,NA,NA,NA,NA,NA,NA,NA,NA,NA,NA,NA,NA,NA,NA,NA
823,NA,03/04/2023 03:30,03/04/2023 03:39,0,100,584,1,03/04/2023 03:39,NA,NA,NA,NA,51.4203,-0.1175,anonymous,EN,1,1,20,Man,1,50.697,514.802,515.758,77,1,3,0,0,0,0,6,0,5,1,4,1,4,3,1,2,4,3,2,2,7,4,2,0,0,0,0,3,50.699,514.802,515.758,77,NA,NA,NA,NA,NA,NA,NA,NA,NA,NA,NA,NA,NA,NA,NA,NA,NA
824,NA,04/04/2023 09:11,04/04/2023 09:15,0,100,257,1,04/04/2023 09:15,NA,NA,NA,NA,51.2687,0.5783,anonymous,EN,1,1,19,Woman,1,47.396,205.859,207.107,29,4,6,0,0,3,1,0,1,3,5,1,0,0,3,6,4,6,4,0,2,4,4,1,0,4,6,0,0,47.395,205.859,207.107,29,NA,NA,NA,NA,NA,NA,NA,NA,NA,NA,NA,NA,NA,NA,NA,NA,NA
825,NA,05/04/2023 07:07,05/04/2023 07:11,0,100,228,1,05/04/2023 07:11,NA,NA,NA,NA,51.3703,-0.061,anonymous,EN,1,1,20,Woman,1,15.14,187.772,187.82,60,1,2,0,1,0,0,0,0,1,2,0,0,0,3,2,0,6,1,2,3,2,1,1,4,1,1,0,0,15.141,187.772,187.82,60,NA,NA,NA,NA,NA,NA,NA,NA,NA,NA,NA,NA,NA,NA,NA,NA,NA
826,NA,06/04/2023 04:45,06/04/2023 04:50,0,100,296,1,06/04/2023 04:50,NA,NA,NA,NA,51.696,-0.1735,anonymous,EN,1,1,21,Man,1,30.487,258.472,259.788,40,6,5,3,2,1,6,0,2,3,1,0,0,0,5,3,3,6,2,1,7,4,4,4,7,3,3,5,2,30.486,258.471,259.787,40,NA,NA,NA,NA,NA,NA,NA,NA,NA,NA,NA,NA,NA,NA,NA,NA,NA
827,NA,07/04/2023 07:53,07/04/2023 07:59,0,100,340,1,07/04/2023 07:59,NA,NA,NA,NA,48.1033,11.4228,anonymous,EN,1,1,NA,Man,1,57.153,308.127,308.909,38,3,6,2,0,1,1,0,0,3,0,0,0,0,1,3,0,1,2,NA,6,7,0,0,3,0,0,0,0,57.153,308.126,308.908,38,NA,NA,NA,NA,NA,NA,NA,NA,NA,NA,NA,NA,NA,NA,NA,NA,NA
828,NA,07/04/2023 19:23,07/04/2023 19:32,0,100,512,1,07/04/2023 19:32,NA,NA,NA,NA,51.5645,0.4319,anonymous,EN,1,1,18,Woman,1,13.373,433.733,438.775,50,5,3,0,0,2,2,2,0,2,2,3,3,3,4,3,1,1,1,0,5,5,5,6,4,0,0,2,0,13.377,433.733,438.776,50,NA,NA,NA,NA,NA,NA,NA,NA,NA,NA,NA,NA,NA,NA,NA,NA,NA
829,NA,09/04/2023 15:43,09/04/2023 15:47,0,100,270,1,09/04/2023 15:47,NA,NA,NA,NA,50.8612,-0.1194,anonymous,EN,1,1,19,Woman,1,43.33,245.644,246.264,40,1,6,2,0,1,1,1,0,5,4,2,0,0,1,7,3,5,6,5,7,8,3,4,6,1,0,0,2,43.33,245.644,246.264,40,NA,NA,NA,NA,NA,NA,NA,NA,NA,NA,NA,NA,NA,NA,NA,NA,NA
830,NA,13/04/2023 06:40,13/04/2023 06:44,0,100,249,1,13/04/2023 06:44,NA,NA,NA,NA,51.3926,-0.1977,anonymous,EN,1,1,20,Woman,1,1.02,229.674,230.447,74,2,3,0,0,0,0,0,0,0,1,0,0,0,1,1,0,0,0,2,2,4,2,3,1,1,0,0,0,1.02,229.674,230.447,74,NA,NA,NA,NA,NA,NA,NA,NA,NA,NA,NA,NA,NA,NA,NA,NA,NA
831,NA,13/04/2023 07:54,13/04/2023 07:58,0,100,220,1,13/04/2023 07:58,NA,NA,NA,NA,50.8612,-0.1194,anonymous,EN,1,1,20,Woman,1,30.655,195.433,196.7,34,0,3,1,1,0,2,4,0,0,0,1,6,1,4,3,0,1,1,0,7,5,4,5,3,0,0,0,0,30.655,195.434,196.7,34,NA,NA,NA,NA,NA,NA,NA,NA,NA,NA,NA,NA,NA,NA,NA,NA,NA
832,NA,15/04/2023 05:10,15/04/2023 05:13,0,100,193,1,15/04/2023 05:13,NA,NA,NA,NA,50.8612,-0.1194,anonymous,EN,1,1,19,Man,1,0.909,167.579,168.431,75,6,4,6,1,1,2,1,1,2,1,1,2,3,1,2,1,7,5,4,6,5,3,5,3,8,4,7,5,0.909,167.578,168.43,75,NA,NA,NA,NA,NA,NA,NA,NA,NA,NA,NA,NA,NA,NA,NA,NA,NA
833,NA,16/04/2023 13:02,16/04/2023 13:09,0,100,412,1,16/04/2023 13:09,NA,NA,NA,NA,51.2476,-0.7672,anonymous,EN,1,1,19,Woman,1,51.12,311.569,313.468,33,2,4,1,0,1,0,1,1,0,2,1,1,0,1,3,2,1,1,2,1,1,0,2,2,1,0,1,2,51.123,311.569,313.468,33,NA,NA,NA,NA,NA,NA,NA,NA,NA,NA,NA,NA,NA,NA,NA,NA,NA
834,NA,18/04/2023 03:03,18/04/2023 03:12,0,100,525,1,18/04/2023 03:12,NA,NA,NA,NA,51.7128,-1.2347,anonymous,EN,1,1,19,Woman,1,59.221,473.274,474.623,33,2,4,1,0,1,4,1,0,1,3,2,3,0,5,5,3,2,3,5,6,7,3,6,3,3,2,1,2,59.225,473.273,474.623,33,NA,NA,NA,NA,NA,NA,NA,NA,NA,NA,NA,NA,NA,NA,NA,NA,NA
835,NA,18/04/2023 16:53,18/04/2023 16:56,0,100,132,1,18/04/2023 16:56,NA,NA,NA,NA,51.5435,-0.1733,anonymous,EN,1,NA,20,Woman,1,12.382,107.299,108.265,31,0,1,0,0,0,0,0,0,0,0,0,1,0,0,2,0,2,1,0,1,2,0,0,1,0,0,0,0,12.382,107.299,108.265,31,NA,NA,NA,NA,NA,NA,NA,NA,NA,NA,NA,NA,NA,NA,NA,NA,NA
836,NA,19/04/2023 13:18,19/04/2023 13:23,0,100,282,1,19/04/2023 13:23,NA,NA,NA,NA,51.0675,-0.362,anonymous,EN,1,1,NA,Woman,1,2.351,260.184,261.941,104,1,4,0,0,0,0,0,0,0,1,0,1,0,2,3,2,3,4,1,2,10,2,1,1,0,0,0,0,2.351,260.185,261.941,104,NA,NA,NA,NA,NA,NA,NA,NA,NA,NA,NA,NA,NA,NA,NA,NA,NA
837,NA,19/04/2023 16:06,19/04/2023 17:00,0,100,3236,1,19/04/2023 17:00,NA,NA,NA,NA,51.4964,-0.1224,anonymous,EN,1,1,19,Woman,1,91.034,794.05,828.955,43,1,7,0,0,0,0,4,1,0,1,4,2,3,1,2,2,4,1,0,1,2,9,1,1,5,2,0,0,91.035,794.05,828.955,43,NA,NA,NA,NA,NA,NA,NA,NA,NA,NA,NA,NA,NA,NA,NA,NA,NA
838,NA,19/04/2023 18:11,19/04/2023 18:15,0,100,258,1,19/04/2023 18:15,NA,NA,NA,NA,33.8333,35.8333,anonymous,EN,1,1,NA,Woman,1,31.362,234.519,236.667,37,3,7,6,0,0,0,0,0,2,1,0,0,0,3,2,0,1,6,2,7,7,1,6,9,4,4,0,1,31.361,234.518,236.666,37,NA,NA,NA,NA,NA,NA,NA,NA,NA,NA,NA,NA,NA,NA,NA,NA,NA
839,NA,21/04/2023 10:01,21/04/2023 10:09,0,100,467,1,21/04/2023 10:09,NA,NA,NA,NA,51.4964,-0.1224,anonymous,EN,1,1,18,Man,1,2.809,323.851,325.441,100,2,6,0,0,0,0,0,0,1,0,0,0,0,2,2,0,5,1,0,6,1,3,0,1,1,0,3,0,2.809,323.852,325.441,100,NA,NA,NA,NA,NA,NA,NA,NA,NA,NA,NA,NA,NA,NA,NA,NA,NA
840,NA,21/04/2023 16:35,21/04/2023 16:43,0,100,499,1,21/04/2023 16:43,NA,NA,NA,NA,50.8032,-0.6533,anonymous,EN,1,1,20,Man,1,78.11,425.703,426.464,34,5,3,2,0,0,1,0,0,2,2,1,2,1,0,3,1,1,0,0,5,9,0,2,7,7,0,0,7,78.111,425.703,426.464,34,NA,NA,NA,NA,NA,NA,NA,NA,NA,NA,NA,NA,NA,NA,NA,NA,NA
841,NA,23/04/2023 10:00,23/04/2023 10:06,0,100,344,1,23/04/2023 10:06,NA,NA,NA,NA,50.8253,-0.3719,anonymous,EN,1,1,20,Woman,1,17.191,322.51,325.005,47,2,4,0,0,1,1,0,0,2,1,0,0,0,7,6,3,3,5,6,2,10,10,7,3,3,1,0,3,17.192,322.51,325.005,47,NA,NA,NA,NA,NA,NA,NA,NA,NA,NA,NA,NA,NA,NA,NA,NA,NA
842,NA,23/04/2023 14:06,23/04/2023 14:11,0,100,291,1,23/04/2023 14:11,NA,NA,NA,NA,50.8612,-0.1194,anonymous,EN,1,1,20,Woman,1,32.3,224.575,225.501,41,7,2,0,0,0,0,0,0,2,7,4,0,1,1,1,2,0,1,2,6,0,1,2,4,1,0,1,1,32.3,224.575,225.501,41,NA,NA,NA,NA,NA,NA,NA,NA,NA,NA,NA,NA,NA,NA,NA,NA,NA
843,NA,23/04/2023 14:55,23/04/2023 14:58,0,100,161,1,23/04/2023 14:58,NA,NA,NA,NA,51.3889,-0.3449,anonymous,EN,1,1,20,Woman,1,14.03,135.238,136.393,31,6,10,6,4,2,2,1,9,6,6,7,4,4,6,6,6,7,7,9,8,7,8,5,8,7,7,5,5,14.03,135.238,136.393,31,NA,NA,NA,NA,NA,NA,NA,NA,NA,NA,NA,NA,NA,NA,NA,NA,NA
844,NA,24/04/2023 02:38,24/04/2023 02:41,0,100,161,1,24/04/2023 02:41,NA,NA,NA,NA,50.8612,-0.1194,anonymous,EN,1,1,20,Woman,1,19.509,135.75,137.222,38,3,1,0,0,0,0,0,0,0,0,1,7,3,1,0,3,1,2,0,0,9,1,3,0,0,0,0,0,19.509,135.75,137.222,38,NA,NA,NA,NA,NA,NA,NA,NA,NA,NA,NA,NA,NA,NA,NA,NA,NA
845,NA,25/04/2023 04:13,25/04/2023 04:20,0,100,454,1,25/04/2023 04:20,NA,NA,NA,NA,50.8612,-0.1194,anonymous,EN,1,1,20,Woman,1,31.599,379.159,380.674,37,2,3,0,0,1,0,0,0,0,2,0,1,0,1,2,0,3,2,1,3,5,0,1,1,0,0,0,1,31.5,379.159,380.674,37,NA,NA,NA,NA,NA,NA,NA,NA,NA,NA,NA,NA,NA,NA,NA,NA,NA
846,NA,25/04/2023 08:00,25/04/2023 08:03,0,100,165,1,25/04/2023 08:03,NA,NA,NA,NA,50.8612,-0.1194,anonymous,EN,1,1,22,Woman,1,10.86,143.821,144.759,35,8,9,3,2,1,0,7,3,8,6,8,7,8,3,8,9,7,8,9,6,7,7,3,7,7,0,0,2,10.859,143.82,144.758,35,NA,NA,NA,NA,NA,NA,NA,NA,NA,NA,NA,NA,NA,NA,NA,NA,NA
847,NA,25/04/2023 08:38,25/04/2023 08:43,0,100,306,1,25/04/2023 08:43,NA,NA,NA,NA,50.8345,-0.186,anonymous,EN,1,1,20,Other,1,36.657,227.968,229.001,33,3,6,0,0,0,0,2,0,0,0,0,1,0,3,2,2,5,1,2,0,4,2,3,0,1,0,0,0,36.658,227.968,229.001,33,NA,NA,NA,NA,NA,NA,NA,NA,NA,NA,NA,NA,NA,NA,NA,NA,NA
848,NA,25/04/2023 10:52,25/04/2023 10:55,0,100,219,1,25/04/2023 10:55,NA,NA,NA,NA,50.8032,-0.6533,anonymous,EN,1,1,20,Man,1,13.776,201.654,202.45,48,1,4,0,0,1,1,0,0,4,3,1,4,0,0,3,0,5,0,0,1,0,NA,0,0,0,0,0,0,13.776,201.654,202.45,48,NA,NA,NA,NA,NA,NA,NA,NA,NA,NA,NA,NA,NA,NA,NA,NA,NA
849,NA,25/04/2023 16:26,25/04/2023 16:32,0,100,304,1,25/04/2023 16:32,NA,NA,NA,NA,51.4402,-0.0259,anonymous,EN,1,1,20,Woman,1,19.56,276.407,277.957,46,0,4,1,0,0,0,3,0,2,3,1,2,1,1,8,7,7,6,3,4,4,3,3,6,4,0,1,3,19.56,276.407,277.957,46,NA,NA,NA,NA,NA,NA,NA,NA,NA,NA,NA,NA,NA,NA,NA,NA,NA
850,NA,26/04/2023 05:56,26/04/2023 05:59,0,100,200,1,26/04/2023 05:59,NA,NA,NA,NA,50.8429,-0.1158,anonymous,EN,1,1,20,Woman,1,17.372,176.701,177.461,37,3,6,1,1,4,6,6,0,1,4,0,0,3,4,5,5,5,6,3,6,3,4,2,3,1,0,0,0,17.373,176.702,177.461,37,NA,NA,NA,NA,NA,NA,NA,NA,NA,NA,NA,NA,NA,NA,NA,NA,NA
851,NA,26/04/2023 06:58,26/04/2023 07:02,0,100,224,1,26/04/2023 07:02,NA,NA,NA,NA,50.8612,-0.1194,anonymous,EN,1,1,20,Man,1,15.88,206.561,207.386,30,0,1,0,0,0,2,1,0,1,1,0,0,0,3,1,0,0,2,3,2,4,3,1,1,0,1,0,0,15.88,206.561,207.386,30,NA,NA,NA,NA,NA,NA,NA,NA,NA,NA,NA,NA,NA,NA,NA,NA,NA
852,NA,26/04/2023 07:47,26/04/2023 07:56,0,100,589,1,26/04/2023 07:56,NA,NA,NA,NA,50.8429,-0.1158,anonymous,EN,1,1,18,Man,1,44.283,493.819,496.504,39,3,6,0,1,3,1,0,2,1,1,2,1,1,2,2,3,5,4,2,5,3,1,1,5,1,1,7,0,44.284,493.819,496.504,39,NA,NA,NA,NA,NA,NA,NA,NA,NA,NA,NA,NA,NA,NA,NA,NA,NA
853,NA,27/04/2023 04:54,27/04/2023 05:04,0,100,559,1,27/04/2023 05:04,NA,NA,NA,NA,50.8429,-0.1158,anonymous,EN,1,1,21,Woman,1,195.045,536.607,537.546,53,3,3,0,0,1,1,0,0,0,2,0,0,0,2,3,2,1,1,3,2,4,1,6,3,1,0,0,0,195.046,536.607,537.546,53,NA,NA,NA,NA,NA,NA,NA,NA,NA,NA,NA,NA,NA,NA,NA,NA,NA
854,NA,27/04/2023 05:56,27/04/2023 06:01,0,100,347,1,27/04/2023 06:01,NA,NA,NA,NA,51.5095,-0.0955,anonymous,EN,1,1,20,Woman,1,4.262,294.349,295.441,85,2,4,0,0,0,0,1,0,1,1,0,1,1,1,2,0,0,0,3,1,1,1,0,2,1,0,5,0,4.261,294.348,295.44,85,NA,NA,NA,NA,NA,NA,NA,NA,NA,NA,NA,NA,NA,NA,NA,NA,NA
855,NA,27/04/2023 06:55,27/04/2023 07:03,0,100,484,1,27/04/2023 07:03,NA,NA,NA,NA,50.8612,-0.1194,anonymous,EN,1,1,19,Man,1,9.401,439.439,440.701,71,3,3,1,3,0,1,0,0,4,2,0,3,0,0,4,2,2,2,0,5,8,1,4,4,4,2,0,0,9.401,439.439,440.701,71,NA,NA,NA,NA,NA,NA,NA,NA,NA,NA,NA,NA,NA,NA,NA,NA,NA
856,NA,27/04/2023 07:21,27/04/2023 07:28,0,100,444,1,27/04/2023 07:28,NA,NA,NA,NA,50.8612,-0.1194,anonymous,EN,1,1,21,Woman,1,57.31,313.403,314.443,44,4,4,1,0,0,0,1,2,0,1,0,7,6,0,2,1,1,1,1,4,8,7,4,1,0,1,1,0,57.309,313.402,314.443,44,NA,NA,NA,NA,NA,NA,NA,NA,NA,NA,NA,NA,NA,NA,NA,NA,NA
857,NA,27/04/2023 10:39,27/04/2023 10:42,0,100,225,1,27/04/2023 10:43,NA,NA,NA,NA,50.8612,-0.1194,anonymous,EN,1,1,18,Woman,1,11.468,196.724,198.978,44,7,3,1,NA,0,0,0,0,2,0,0,2,0,0,2,3,0,0,0,0,7,0,0,0,2,0,2,0,11.468,196.724,198.978,44,NA,NA,NA,NA,NA,NA,NA,NA,NA,NA,NA,NA,NA,NA,NA,NA,NA
858,NA,27/04/2023 11:58,27/04/2023 12:01,0,100,186,1,27/04/2023 12:01,NA,NA,NA,NA,53.4809,-2.2374,anonymous,EN,1,1,22,Woman,1,7.535,165.345,165.958,48,8,8,6,1,3,3,7,0,8,3,3,4,3,8,7,6,4,4,6,10,10,10,10,8,8,3,7,8,7.535,165.345,165.958,48,NA,NA,NA,NA,NA,NA,NA,NA,NA,NA,NA,NA,NA,NA,NA,NA,NA
859,NA,27/04/2023 13:31,27/04/2023 13:35,0,100,247,1,27/04/2023 13:35,NA,NA,NA,NA,50.8612,-0.1194,anonymous,EN,1,1,20,Woman,1,31.438,168.446,171.946,31,0,6,2,0,1,6,0,0,0,4,9,3,0,9,8,1,9,9,8,9,10,5,8,9,2,0,10,3,31.439,168.446,171.946,31,NA,NA,NA,NA,NA,NA,NA,NA,NA,NA,NA,NA,NA,NA,NA,NA,NA
860,NA,27/04/2023 13:52,27/04/2023 13:56,0,100,208,1,27/04/2023 13:56,NA,NA,NA,NA,51.5161,0.0584,anonymous,EN,1,1,20,Woman,1,18.194,182.052,183.112,34,5,5,2,1,2,1,5,1,2,2,1,6,4,2,2,3,4,5,4,6,8,7,6,6,5,4,6,3,18.194,182.052,183.112,34,NA,NA,NA,NA,NA,NA,NA,NA,NA,NA,NA,NA,NA,NA,NA,NA,NA
861,NA,27/04/2023 14:14,27/04/2023 14:16,0,100,120,1,27/04/2023 14:16,NA,NA,NA,NA,50.8612,-0.1194,anonymous,EN,1,1,21,Man,1,10.483,103.275,105.474,38,4,3,0,0,0,0,0,0,0,0,0,0,0,3,0,0,1,3,1,4,1,1,1,1,0,0,0,0,10.483,103.275,105.474,38,NA,NA,NA,NA,NA,NA,NA,NA,NA,NA,NA,NA,NA,NA,NA,NA,NA
862,NA,27/04/2023 14:49,27/04/2023 14:54,0,100,334,1,27/04/2023 14:54,NA,NA,NA,NA,50.8612,-0.1194,anonymous,EN,1,1,20,Woman,1,45.645,306.555,307.332,32,2,6,0,0,0,0,0,2,3,1,8,0,1,4,8,1,3,8,6,5,10,7,1,0,0,0,4,0,45.647,306.555,307.332,32,NA,NA,NA,NA,NA,NA,NA,NA,NA,NA,NA,NA,NA,NA,NA,NA,NA
863,NA,27/04/2023 14:51,27/04/2023 14:57,0,100,369,1,27/04/2023 14:57,NA,NA,NA,NA,50.8612,-0.1194,anonymous,EN,1,1,19,Woman,1,28.169,254.338,255.358,31,8,9,2,0,1,2,4,0,5,4,0,1,0,2,1,0,1,1,3,0,3,1,2,0,4,3,8,2,28.17,254.338,255.358,31,NA,NA,NA,NA,NA,NA,NA,NA,NA,NA,NA,NA,NA,NA,NA,NA,NA
864,NA,27/04/2023 16:11,27/04/2023 16:17,0,100,362,1,27/04/2023 16:17,NA,NA,NA,NA,50.8612,-0.1194,anonymous,EN,1,1,18,Woman,1,28.45,323.863,325.476,30,4,3,1,0,2,0,0,0,1,1,0,0,0,4,5,4,2,1,1,1,8,2,3,1,0,0,0,0,28.45,323.863,325.476,30,NA,NA,NA,NA,NA,NA,NA,NA,NA,NA,NA,NA,NA,NA,NA,NA,NA
865,NA,27/04/2023 18:38,27/04/2023 18:42,0,100,270,1,27/04/2023 18:42,NA,NA,NA,NA,50.8612,-0.1194,anonymous,EN,1,1,19,Man,1,6.755,222.113,223.374,56,2,4,0,0,2,1,7,1,1,1,0,6,3,2,2,0,2,3,2,3,10,2,3,1,4,2,2,0,6.756,222.114,223.374,56,NA,NA,NA,NA,NA,NA,NA,NA,NA,NA,NA,NA,NA,NA,NA,NA,NA
866,NA,27/04/2023 20:48,27/04/2023 20:54,0,100,334,1,27/04/2023 20:54,NA,NA,NA,NA,51.5749,0.0869,anonymous,EN,1,1,18,Woman,1,37.595,256.334,257.829,38,4,9,3,3,1,1,6,0,5,6,8,8,8,0,10,0,4,9,1,10,7,9,4,9,1,0,1,4,37.597,256.334,257.829,38,NA,NA,NA,NA,NA,NA,NA,NA,NA,NA,NA,NA,NA,NA,NA,NA,NA
867,NA,28/04/2023 03:06,28/04/2023 03:09,0,100,177,1,28/04/2023 03:09,NA,NA,NA,NA,50.8612,-0.1194,anonymous,EN,1,1,19,Woman,1,6.735,146.576,147.499,40,8,9,7,1,1,1,2,1,3,3,2,3,3,3,4,2,3,2,4,6,7,7,3,3,2,1,0,0,6.735,146.577,147.499,40,NA,NA,NA,NA,NA,NA,NA,NA,NA,NA,NA,NA,NA,NA,NA,NA,NA
868,NA,28/04/2023 03:24,28/04/2023 03:27,0,100,197,1,28/04/2023 03:27,NA,NA,NA,NA,51.5095,-0.0955,anonymous,EN,1,1,19,Woman,1,16.212,154.095,157.121,32,0,1,0,0,0,0,0,0,0,0,1,1,0,0,0,0,0,0,0,1,6,6,1,0,0,0,0,0,16.213,154.096,157.121,32,NA,NA,NA,NA,NA,NA,NA,NA,NA,NA,NA,NA,NA,NA,NA,NA,NA
869,NA,28/04/2023 03:35,28/04/2023 03:43,0,100,479,1,28/04/2023 03:43,NA,NA,NA,NA,50.8612,-0.1194,anonymous,EN,1,1,NA,Woman,1,11.168,410.579,412.965,87,0,2,0,0,1,0,0,0,2,2,2,1,1,0,2,0,1,4,2,3,8,0,0,2,0,0,0,0,11.168,410.579,412.966,87,NA,NA,NA,NA,NA,NA,NA,NA,NA,NA,NA,NA,NA,NA,NA,NA,NA
870,NA,28/04/2023 03:45,28/04/2023 03:53,0,100,503,1,28/04/2023 03:53,NA,NA,NA,NA,50.8612,-0.1194,anonymous,EN,1,1,19,Woman,1,6.357,371.446,372.724,49,4,6,1,1,3,0,1,0,2,3,5,2,5,2,6,2,2,3,2,2,7,5,4,4,2,3,2,1,6.359,371.447,372.724,49,NA,NA,NA,NA,NA,NA,NA,NA,NA,NA,NA,NA,NA,NA,NA,NA,NA
871,NA,28/04/2023 06:21,28/04/2023 06:27,0,100,387,1,28/04/2023 06:27,NA,NA,NA,NA,51.5161,0.0584,anonymous,EN,1,1,20,Woman,1,3.261,334.775,336.29,92,3,7,1,1,3,2,3,0,0,2,3,2,1,2,4,1,2,4,4,2,3,4,1,2,1,0,6,4,3.261,334.775,336.291,92,NA,NA,NA,NA,NA,NA,NA,NA,NA,NA,NA,NA,NA,NA,NA,NA,NA
872,NA,28/04/2023 07:15,28/04/2023 07:21,0,100,360,1,28/04/2023 07:21,NA,NA,NA,NA,50.8612,-0.1194,anonymous,EN,1,1,19,Man,1,12.295,334.162,336.211,38,4,1,0,0,0,0,0,0,0,0,0,1,0,0,3,0,2,0,2,4,6,1,1,0,0,0,0,0,12.295,334.162,336.211,38,NA,NA,NA,NA,NA,NA,NA,NA,NA,NA,NA,NA,NA,NA,NA,NA,NA
873,NA,28/04/2023 08:21,28/04/2023 08:25,0,100,234,1,28/04/2023 08:25,NA,NA,NA,NA,50.8612,-0.1194,anonymous,EN,1,1,19,Man,1,31.185,211.508,214.261,43,0,3,1,0,0,0,0,0,0,4,0,1,0,2,4,0,6,4,0,9,10,7,0,4,0,0,0,0,31.186,211.508,214.261,43,NA,NA,NA,NA,NA,NA,NA,NA,NA,NA,NA,NA,NA,NA,NA,NA,NA
874,NA,28/04/2023 08:57,28/04/2023 09:00,0,100,142,1,28/04/2023 09:00,NA,NA,NA,NA,25.0731,55.298,anonymous,EN,1,1,22,Woman,1,19.627,116.18,116.967,36,1,7,0,0,1,1,0,0,0,3,0,0,0,3,0,1,0,0,1,1,0,1,0,4,1,0,0,0,19.627,116.18,116.967,36,NA,NA,NA,NA,NA,NA,NA,NA,NA,NA,NA,NA,NA,NA,NA,NA,NA
875,NA,28/04/2023 05:57,28/04/2023 09:11,0,82,11609,0,05/05/2023 09:11,NA,NA,NA,NA,NA,NA,anonymous,EN,1,1,23,Woman,1,2.123,534.625,535.746,80,1,10,1,0,1,0,0,0,3,4,0,3,7,7,4,5,7,NA,1,6,7,5,3,6,6,4,8,10,2.123,534.625,535.747,80,NA,NA,NA,NA,NA,NA,NA,NA,NA,NA,NA,NA,NA,NA,NA,NA,NA
876,NA,NA,NA,NA,NA,NA,NA,NA,NA,NA,NA,NA,NA,NA,NA,NA,NA,NA,NA,NA,NA,NA,NA,NA,NA,NA,NA,NA,NA,NA,NA,NA,NA,NA,NA,NA,NA,NA,NA,NA,NA,NA,NA,NA,NA,NA,NA,NA,NA,NA,NA,NA,NA,NA,NA,NA,NA,446,19,Other/prefer not to say,5,3,4,1,2,4,0,0,0,0,0,0,1,1
877,NA,NA,NA,NA,NA,NA,NA,NA,NA,NA,NA,NA,NA,NA,NA,NA,NA,NA,NA,NA,NA,NA,NA,NA,NA,NA,NA,NA,NA,NA,NA,NA,NA,NA,NA,NA,NA,NA,NA,NA,NA,NA,NA,NA,NA,NA,NA,NA,NA,NA,NA,NA,NA,NA,NA,NA,NA,449,18,Woman,3,3,0,1.5,2,2,0,1,3,0,4,0,1,2
878,NA,NA,NA,NA,NA,NA,NA,NA,NA,NA,NA,NA,NA,NA,NA,NA,NA,NA,NA,NA,NA,NA,NA,NA,NA,NA,NA,NA,NA,NA,NA,NA,NA,NA,NA,NA,NA,NA,NA,NA,NA,NA,NA,NA,NA,NA,NA,NA,NA,NA,NA,NA,NA,NA,NA,NA,NA,450,19,Woman,3,2,4,0,1,3,0,1,4,3.87,5,3,0,0
879,NA,NA,NA,NA,NA,NA,NA,NA,NA,NA,NA,NA,NA,NA,NA,NA,NA,NA,NA,NA,NA,NA,NA,NA,NA,NA,NA,NA,NA,NA,NA,NA,NA,NA,NA,NA,NA,NA,NA,NA,NA,NA,NA,NA,NA,NA,NA,NA,NA,NA,NA,NA,NA,NA,NA,NA,NA,451,18,Woman,0,1,1,2,0,1,0,0,2,0,5,0,2,2
880,NA,NA,NA,NA,NA,NA,NA,NA,NA,NA,NA,NA,NA,NA,NA,NA,NA,NA,NA,NA,NA,NA,NA,NA,NA,NA,NA,NA,NA,NA,NA,NA,NA,NA,NA,NA,NA,NA,NA,NA,NA,NA,NA,NA,NA,NA,NA,NA,NA,NA,NA,NA,NA,NA,NA,NA,NA,452,20,Woman,4,3,4,3,4,3,0,0,3,2,1,4,2,4
881,NA,NA,NA,NA,NA,NA,NA,NA,NA,NA,NA,NA,NA,NA,NA,NA,NA,NA,NA,NA,NA,NA,NA,NA,NA,NA,NA,NA,NA,NA,NA,NA,NA,NA,NA,NA,NA,NA,NA,NA,NA,NA,NA,NA,NA,NA,NA,NA,NA,NA,NA,NA,NA,NA,NA,NA,NA,453,18,Man,3,2,1,0.5,2,3,0,0,0,1,1,1,0,1
882,NA,NA,NA,NA,NA,NA,NA,NA,NA,NA,NA,NA,NA,NA,NA,NA,NA,NA,NA,NA,NA,NA,NA,NA,NA,NA,NA,NA,NA,NA,NA,NA,NA,NA,NA,NA,NA,NA,NA,NA,NA,NA,NA,NA,NA,NA,NA,NA,NA,NA,NA,NA,NA,NA,NA,NA,NA,456,18,Man,5,5,1,0.5,4,3,0,0,1,0,0,5,1,0
883,NA,NA,NA,NA,NA,NA,NA,NA,NA,NA,NA,NA,NA,NA,NA,NA,NA,NA,NA,NA,NA,NA,NA,NA,NA,NA,NA,NA,NA,NA,NA,NA,NA,NA,NA,NA,NA,NA,NA,NA,NA,NA,NA,NA,NA,NA,NA,NA,NA,NA,NA,NA,NA,NA,NA,NA,NA,459,19,Woman,3,4,0,1,3,1,0,0,1,0,0,5,1,1
884,NA,NA,NA,NA,NA,NA,NA,NA,NA,NA,NA,NA,NA,NA,NA,NA,NA,NA,NA,NA,NA,NA,NA,NA,NA,NA,NA,NA,NA,NA,NA,NA,NA,NA,NA,NA,NA,NA,NA,NA,NA,NA,NA,NA,NA,NA,NA,NA,NA,NA,NA,NA,NA,NA,NA,NA,NA,462,19,Woman,4,4,0,0,3,2,2,0,2,0,0,5,0,0
885,NA,NA,NA,NA,NA,NA,NA,NA,NA,NA,NA,NA,NA,NA,NA,NA,NA,NA,NA,NA,NA,NA,NA,NA,NA,NA,NA,NA,NA,NA,NA,NA,NA,NA,NA,NA,NA,NA,NA,NA,NA,NA,NA,NA,NA,NA,NA,NA,NA,NA,NA,NA,NA,NA,NA,NA,NA,463,18,Man,3,3,1,1,3,2,0,0,3,0,5,0,2,0
886,NA,NA,NA,NA,NA,NA,NA,NA,NA,NA,NA,NA,NA,NA,NA,NA,NA,NA,NA,NA,NA,NA,NA,NA,NA,NA,NA,NA,NA,NA,NA,NA,NA,NA,NA,NA,NA,NA,NA,NA,NA,NA,NA,NA,NA,NA,NA,NA,NA,NA,NA,NA,NA,NA,NA,NA,NA,465,19,Woman,5,5,2,0,4,3,0,0,2,0,4,0,0,0
887,NA,NA,NA,NA,NA,NA,NA,NA,NA,NA,NA,NA,NA,NA,NA,NA,NA,NA,NA,NA,NA,NA,NA,NA,NA,NA,NA,NA,NA,NA,NA,NA,NA,NA,NA,NA,NA,NA,NA,NA,NA,NA,NA,NA,NA,NA,NA,NA,NA,NA,NA,NA,NA,NA,NA,NA,NA,466,20,Woman,4,3,5,2.5,3,1,0,1,4,0,0,4,2,3
888,NA,NA,NA,NA,NA,NA,NA,NA,NA,NA,NA,NA,NA,NA,NA,NA,NA,NA,NA,NA,NA,NA,NA,NA,NA,NA,NA,NA,NA,NA,NA,NA,NA,NA,NA,NA,NA,NA,NA,NA,NA,NA,NA,NA,NA,NA,NA,NA,NA,NA,NA,NA,NA,NA,NA,NA,NA,467,21,Man,4,5,5,3.5,1,5,2,0,5,5,5,5,4,3
889,NA,NA,NA,NA,NA,NA,NA,NA,NA,NA,NA,NA,NA,NA,NA,NA,NA,NA,NA,NA,NA,NA,NA,NA,NA,NA,NA,NA,NA,NA,NA,NA,NA,NA,NA,NA,NA,NA,NA,NA,NA,NA,NA,NA,NA,NA,NA,NA,NA,NA,NA,NA,NA,NA,NA,NA,NA,468,19,Man,2,1,0,0,1,2,0,0,0,0,5,0,0,0
890,NA,NA,NA,NA,NA,NA,NA,NA,NA,NA,NA,NA,NA,NA,NA,NA,NA,NA,NA,NA,NA,NA,NA,NA,NA,NA,NA,NA,NA,NA,NA,NA,NA,NA,NA,NA,NA,NA,NA,NA,NA,NA,NA,NA,NA,NA,NA,NA,NA,NA,NA,NA,NA,NA,NA,NA,NA,469,18,Non-binary,4,5,0,0,4,3,1,0,0,0,0,5,0,0
891,NA,NA,NA,NA,NA,NA,NA,NA,NA,NA,NA,NA,NA,NA,NA,NA,NA,NA,NA,NA,NA,NA,NA,NA,NA,NA,NA,NA,NA,NA,NA,NA,NA,NA,NA,NA,NA,NA,NA,NA,NA,NA,NA,NA,NA,NA,NA,NA,NA,NA,NA,NA,NA,NA,NA,NA,NA,471,19,Woman,1,1,0,0,1,1,0,0,2,0,0,0,0,0
892,NA,NA,NA,NA,NA,NA,NA,NA,NA,NA,NA,NA,NA,NA,NA,NA,NA,NA,NA,NA,NA,NA,NA,NA,NA,NA,NA,NA,NA,NA,NA,NA,NA,NA,NA,NA,NA,NA,NA,NA,NA,NA,NA,NA,NA,NA,NA,NA,NA,NA,NA,NA,NA,NA,NA,NA,NA,473,18,Woman,3,1,1,0,4,3,0,0,3,3.16,2,5,0,0
893,NA,NA,NA,NA,NA,NA,NA,NA,NA,NA,NA,NA,NA,NA,NA,NA,NA,NA,NA,NA,NA,NA,NA,NA,NA,NA,NA,NA,NA,NA,NA,NA,NA,NA,NA,NA,NA,NA,NA,NA,NA,NA,NA,NA,NA,NA,NA,NA,NA,NA,NA,NA,NA,NA,NA,NA,NA,476,19,Woman,0,4,0,0,0,0,0,0,0,0,5,0,0,0
894,NA,NA,NA,NA,NA,NA,NA,NA,NA,NA,NA,NA,NA,NA,NA,NA,NA,NA,NA,NA,NA,NA,NA,NA,NA,NA,NA,NA,NA,NA,NA,NA,NA,NA,NA,NA,NA,NA,NA,NA,NA,NA,NA,NA,NA,NA,NA,NA,NA,NA,NA,NA,NA,NA,NA,NA,NA,477,19,Woman,4,4,1,2,4,4,0,0,1,0,1,0,2,2
895,NA,NA,NA,NA,NA,NA,NA,NA,NA,NA,NA,NA,NA,NA,NA,NA,NA,NA,NA,NA,NA,NA,NA,NA,NA,NA,NA,NA,NA,NA,NA,NA,NA,NA,NA,NA,NA,NA,NA,NA,NA,NA,NA,NA,NA,NA,NA,NA,NA,NA,NA,NA,NA,NA,NA,NA,NA,484,21,Woman,4,4,1,0.5,4,4,0,0,3,0,2,0,1,0
896,NA,NA,NA,NA,NA,NA,NA,NA,NA,NA,NA,NA,NA,NA,NA,NA,NA,NA,NA,NA,NA,NA,NA,NA,NA,NA,NA,NA,NA,NA,NA,NA,NA,NA,NA,NA,NA,NA,NA,NA,NA,NA,NA,NA,NA,NA,NA,NA,NA,NA,NA,NA,NA,NA,NA,NA,NA,488,20,Man,4,3,0,1.5,1,3,0,0,3,0,0,5,2,1
897,NA,NA,NA,NA,NA,NA,NA,NA,NA,NA,NA,NA,NA,NA,NA,NA,NA,NA,NA,NA,NA,NA,NA,NA,NA,NA,NA,NA,NA,NA,NA,NA,NA,NA,NA,NA,NA,NA,NA,NA,NA,NA,NA,NA,NA,NA,NA,NA,NA,NA,NA,NA,NA,NA,NA,NA,NA,491,19,Woman,4,2,0,2.5,3,1,0,0,0,0,3,0,2,3
898,NA,NA,NA,NA,NA,NA,NA,NA,NA,NA,NA,NA,NA,NA,NA,NA,NA,NA,NA,NA,NA,NA,NA,NA,NA,NA,NA,NA,NA,NA,NA,NA,NA,NA,NA,NA,NA,NA,NA,NA,NA,NA,NA,NA,NA,NA,NA,NA,NA,NA,NA,NA,NA,NA,NA,NA,NA,492,18,Woman,4,5,0,1,3,1,0,0,2,0,0,5,2,0
899,NA,NA,NA,NA,NA,NA,NA,NA,NA,NA,NA,NA,NA,NA,NA,NA,NA,NA,NA,NA,NA,NA,NA,NA,NA,NA,NA,NA,NA,NA,NA,NA,NA,NA,NA,NA,NA,NA,NA,NA,NA,NA,NA,NA,NA,NA,NA,NA,NA,NA,NA,NA,NA,NA,NA,NA,NA,500,20,Woman,3,4,0,0,4,5,0,0,3,0,0,4,0,0
900,NA,NA,NA,NA,NA,NA,NA,NA,NA,NA,NA,NA,NA,NA,NA,NA,NA,NA,NA,NA,NA,NA,NA,NA,NA,NA,NA,NA,NA,NA,NA,NA,NA,NA,NA,NA,NA,NA,NA,NA,NA,NA,NA,NA,NA,NA,NA,NA,NA,NA,NA,NA,NA,NA,NA,NA,NA,501,18,Woman,4,4,2,3.5,5,4,2,0,4,2,2,2,4,3
901,NA,NA,NA,NA,NA,NA,NA,NA,NA,NA,NA,NA,NA,NA,NA,NA,NA,NA,NA,NA,NA,NA,NA,NA,NA,NA,NA,NA,NA,NA,NA,NA,NA,NA,NA,NA,NA,NA,NA,NA,NA,NA,NA,NA,NA,NA,NA,NA,NA,NA,NA,NA,NA,NA,NA,NA,NA,502,20,Man,3,3,2,2.5,2,1,0,0,1,0,3,0,2,3
902,NA,NA,NA,NA,NA,NA,NA,NA,NA,NA,NA,NA,NA,NA,NA,NA,NA,NA,NA,NA,NA,NA,NA,NA,NA,NA,NA,NA,NA,NA,NA,NA,NA,NA,NA,NA,NA,NA,NA,NA,NA,NA,NA,NA,NA,NA,NA,NA,NA,NA,NA,NA,NA,NA,NA,NA,NA,509,19,Woman,4,3,0,2.5,3,4,0,0,3,0,0,5,2,3
903,NA,NA,NA,NA,NA,NA,NA,NA,NA,NA,NA,NA,NA,NA,NA,NA,NA,NA,NA,NA,NA,NA,NA,NA,NA,NA,NA,NA,NA,NA,NA,NA,NA,NA,NA,NA,NA,NA,NA,NA,NA,NA,NA,NA,NA,NA,NA,NA,NA,NA,NA,NA,NA,NA,NA,NA,NA,510,19,Woman,3,3,0,1,2,3,0,0,4,0,0,0,0,2
904,NA,NA,NA,NA,NA,NA,NA,NA,NA,NA,NA,NA,NA,NA,NA,NA,NA,NA,NA,NA,NA,NA,NA,NA,NA,NA,NA,NA,NA,NA,NA,NA,NA,NA,NA,NA,NA,NA,NA,NA,NA,NA,NA,NA,NA,NA,NA,NA,NA,NA,NA,NA,NA,NA,NA,NA,NA,512,18,Woman,2,1,1,2,1,0,0,0,0,0,0,2,2,2
905,NA,NA,NA,NA,NA,NA,NA,NA,NA,NA,NA,NA,NA,NA,NA,NA,NA,NA,NA,NA,NA,NA,NA,NA,NA,NA,NA,NA,NA,NA,NA,NA,NA,NA,NA,NA,NA,NA,NA,NA,NA,NA,NA,NA,NA,NA,NA,NA,NA,NA,NA,NA,NA,NA,NA,NA,NA,514,20,Non-binary,5,5,4,4.5,5,0,5,4,0,0,0,5,4,5
906,NA,NA,NA,NA,NA,NA,NA,NA,NA,NA,NA,NA,NA,NA,NA,NA,NA,NA,NA,NA,NA,NA,NA,NA,NA,NA,NA,NA,NA,NA,NA,NA,NA,NA,NA,NA,NA,NA,NA,NA,NA,NA,NA,NA,NA,NA,NA,NA,NA,NA,NA,NA,NA,NA,NA,NA,NA,521,19,Woman,3,1,3,2,0,0,0,0,4,0,0,5,2,2
907,NA,NA,NA,NA,NA,NA,NA,NA,NA,NA,NA,NA,NA,NA,NA,NA,NA,NA,NA,NA,NA,NA,NA,NA,NA,NA,NA,NA,NA,NA,NA,NA,NA,NA,NA,NA,NA,NA,NA,NA,NA,NA,NA,NA,NA,NA,NA,NA,NA,NA,NA,NA,NA,NA,NA,NA,NA,522,25,Woman,4,2,3,2,5,1,0,0,0,0,0,5,1,3
908,NA,NA,NA,NA,NA,NA,NA,NA,NA,NA,NA,NA,NA,NA,NA,NA,NA,NA,NA,NA,NA,NA,NA,NA,NA,NA,NA,NA,NA,NA,NA,NA,NA,NA,NA,NA,NA,NA,NA,NA,NA,NA,NA,NA,NA,NA,NA,NA,NA,NA,NA,NA,NA,NA,NA,NA,NA,523,32,Woman,4,3,2,3,1,3,0,0,0,0,0,5,3,3
909,NA,NA,NA,NA,NA,NA,NA,NA,NA,NA,NA,NA,NA,NA,NA,NA,NA,NA,NA,NA,NA,NA,NA,NA,NA,NA,NA,NA,NA,NA,NA,NA,NA,NA,NA,NA,NA,NA,NA,NA,NA,NA,NA,NA,NA,NA,NA,NA,NA,NA,NA,NA,NA,NA,NA,NA,NA,526,18,Woman,4,3,4,3,4,3,0,0,4,0,5,0,1,5
910,NA,NA,NA,NA,NA,NA,NA,NA,NA,NA,NA,NA,NA,NA,NA,NA,NA,NA,NA,NA,NA,NA,NA,NA,NA,NA,NA,NA,NA,NA,NA,NA,NA,NA,NA,NA,NA,NA,NA,NA,NA,NA,NA,NA,NA,NA,NA,NA,NA,NA,NA,NA,NA,NA,NA,NA,NA,530,18,Woman,4,0,0,0,1,1,0,0,0,0,4,0,0,0
911,NA,NA,NA,NA,NA,NA,NA,NA,NA,NA,NA,NA,NA,NA,NA,NA,NA,NA,NA,NA,NA,NA,NA,NA,NA,NA,NA,NA,NA,NA,NA,NA,NA,NA,NA,NA,NA,NA,NA,NA,NA,NA,NA,NA,NA,NA,NA,NA,NA,NA,NA,NA,NA,NA,NA,NA,NA,531,18,Woman,0,0,0,0,0,0,0,0,3,0,0,2,0,0
912,NA,NA,NA,NA,NA,NA,NA,NA,NA,NA,NA,NA,NA,NA,NA,NA,NA,NA,NA,NA,NA,NA,NA,NA,NA,NA,NA,NA,NA,NA,NA,NA,NA,NA,NA,NA,NA,NA,NA,NA,NA,NA,NA,NA,NA,NA,NA,NA,NA,NA,NA,NA,NA,NA,NA,NA,NA,534,22,Woman,4,5,3,3,2,4,0,0,0,1.73,3,1,1,5
913,NA,NA,NA,NA,NA,NA,NA,NA,NA,NA,NA,NA,NA,NA,NA,NA,NA,NA,NA,NA,NA,NA,NA,NA,NA,NA,NA,NA,NA,NA,NA,NA,NA,NA,NA,NA,NA,NA,NA,NA,NA,NA,NA,NA,NA,NA,NA,NA,NA,NA,NA,NA,NA,NA,NA,NA,NA,535,26,Man,1,2,0,1,1,1,4,0,3,0,4,0,1,1
914,NA,NA,NA,NA,NA,NA,NA,NA,NA,NA,NA,NA,NA,NA,NA,NA,NA,NA,NA,NA,NA,NA,NA,NA,NA,NA,NA,NA,NA,NA,NA,NA,NA,NA,NA,NA,NA,NA,NA,NA,NA,NA,NA,NA,NA,NA,NA,NA,NA,NA,NA,NA,NA,NA,NA,NA,NA,541,18,Woman,2,4,0,0,2,0,0,0,1,0,0,2,0,0
915,NA,NA,NA,NA,NA,NA,NA,NA,NA,NA,NA,NA,NA,NA,NA,NA,NA,NA,NA,NA,NA,NA,NA,NA,NA,NA,NA,NA,NA,NA,NA,NA,NA,NA,NA,NA,NA,NA,NA,NA,NA,NA,NA,NA,NA,NA,NA,NA,NA,NA,NA,NA,NA,NA,NA,NA,NA,542,18,Woman,5,4,0,5,4,1,0,0,4,0,0,5,5,5
916,NA,NA,NA,NA,NA,NA,NA,NA,NA,NA,NA,NA,NA,NA,NA,NA,NA,NA,NA,NA,NA,NA,NA,NA,NA,NA,NA,NA,NA,NA,NA,NA,NA,NA,NA,NA,NA,NA,NA,NA,NA,NA,NA,NA,NA,NA,NA,NA,NA,NA,NA,NA,NA,NA,NA,NA,NA,545,19,Woman,4,5,1,0,2,3,0,0,1,0,4,0,0,0
917,NA,NA,NA,NA,NA,NA,NA,NA,NA,NA,NA,NA,NA,NA,NA,NA,NA,NA,NA,NA,NA,NA,NA,NA,NA,NA,NA,NA,NA,NA,NA,NA,NA,NA,NA,NA,NA,NA,NA,NA,NA,NA,NA,NA,NA,NA,NA,NA,NA,NA,NA,NA,NA,NA,NA,NA,NA,548,18,Man,3,1,0,1.5,3,4,0,0,0,0,5,0,1,2
918,NA,NA,NA,NA,NA,NA,NA,NA,NA,NA,NA,NA,NA,NA,NA,NA,NA,NA,NA,NA,NA,NA,NA,NA,NA,NA,NA,NA,NA,NA,NA,NA,NA,NA,NA,NA,NA,NA,NA,NA,NA,NA,NA,NA,NA,NA,NA,NA,NA,NA,NA,NA,NA,NA,NA,NA,NA,550,19,Man,4,4,0,0,3,0,0,0,2,0,0,0,0,0
919,NA,NA,NA,NA,NA,NA,NA,NA,NA,NA,NA,NA,NA,NA,NA,NA,NA,NA,NA,NA,NA,NA,NA,NA,NA,NA,NA,NA,NA,NA,NA,NA,NA,NA,NA,NA,NA,NA,NA,NA,NA,NA,NA,NA,NA,NA,NA,NA,NA,NA,NA,NA,NA,NA,NA,NA,NA,551,19,Woman,4,3,3,3,4,3,0,0,2,0,0,0,2,4
920,NA,NA,NA,NA,NA,NA,NA,NA,NA,NA,NA,NA,NA,NA,NA,NA,NA,NA,NA,NA,NA,NA,NA,NA,NA,NA,NA,NA,NA,NA,NA,NA,NA,NA,NA,NA,NA,NA,NA,NA,NA,NA,NA,NA,NA,NA,NA,NA,NA,NA,NA,NA,NA,NA,NA,NA,NA,553,19,Woman,3,5,3,3,4,2,0,0,0,0,5,0,2,4
921,NA,NA,NA,NA,NA,NA,NA,NA,NA,NA,NA,NA,NA,NA,NA,NA,NA,NA,NA,NA,NA,NA,NA,NA,NA,NA,NA,NA,NA,NA,NA,NA,NA,NA,NA,NA,NA,NA,NA,NA,NA,NA,NA,NA,NA,NA,NA,NA,NA,NA,NA,NA,NA,NA,NA,NA,NA,556,19,Woman,4,4,0,1,4,1,0,0,4,0,1,0,2,0
922,NA,NA,NA,NA,NA,NA,NA,NA,NA,NA,NA,NA,NA,NA,NA,NA,NA,NA,NA,NA,NA,NA,NA,NA,NA,NA,NA,NA,NA,NA,NA,NA,NA,NA,NA,NA,NA,NA,NA,NA,NA,NA,NA,NA,NA,NA,NA,NA,NA,NA,NA,NA,NA,NA,NA,NA,NA,558,18,Woman,4,4,2,1.5,4,1,0,0,2,0,0,2,2,1
923,NA,NA,NA,NA,NA,NA,NA,NA,NA,NA,NA,NA,NA,NA,NA,NA,NA,NA,NA,NA,NA,NA,NA,NA,NA,NA,NA,NA,NA,NA,NA,NA,NA,NA,NA,NA,NA,NA,NA,NA,NA,NA,NA,NA,NA,NA,NA,NA,NA,NA,NA,NA,NA,NA,NA,NA,NA,561,18,Woman,3,2,0,1.5,3,1,0,0,4,0,5,0,2,1
924,NA,NA,NA,NA,NA,NA,NA,NA,NA,NA,NA,NA,NA,NA,NA,NA,NA,NA,NA,NA,NA,NA,NA,NA,NA,NA,NA,NA,NA,NA,NA,NA,NA,NA,NA,NA,NA,NA,NA,NA,NA,NA,NA,NA,NA,NA,NA,NA,NA,NA,NA,NA,NA,NA,NA,NA,NA,567,18,Non-binary,5,4,0,0.5,1,2,0,0,4,1.41,2,1,1,0
925,NA,NA,NA,NA,NA,NA,NA,NA,NA,NA,NA,NA,NA,NA,NA,NA,NA,NA,NA,NA,NA,NA,NA,NA,NA,NA,NA,NA,NA,NA,NA,NA,NA,NA,NA,NA,NA,NA,NA,NA,NA,NA,NA,NA,NA,NA,NA,NA,NA,NA,NA,NA,NA,NA,NA,NA,NA,575,19,Man,5,4,4,1.5,5,4,1,0,0,0,5,0,3,0
926,NA,NA,NA,NA,NA,NA,NA,NA,NA,NA,NA,NA,NA,NA,NA,NA,NA,NA,NA,NA,NA,NA,NA,NA,NA,NA,NA,NA,NA,NA,NA,NA,NA,NA,NA,NA,NA,NA,NA,NA,NA,NA,NA,NA,NA,NA,NA,NA,NA,NA,NA,NA,NA,NA,NA,NA,NA,576,19,Woman,3,3,5,2,4,4,0,0,3,2.24,5,1,1,3
927,NA,NA,NA,NA,NA,NA,NA,NA,NA,NA,NA,NA,NA,NA,NA,NA,NA,NA,NA,NA,NA,NA,NA,NA,NA,NA,NA,NA,NA,NA,NA,NA,NA,NA,NA,NA,NA,NA,NA,NA,NA,NA,NA,NA,NA,NA,NA,NA,NA,NA,NA,NA,NA,NA,NA,NA,NA,579,20,Man,0,0,0,0,0,0,0,0,0,0,0,0,0,0
928,NA,NA,NA,NA,NA,NA,NA,NA,NA,NA,NA,NA,NA,NA,NA,NA,NA,NA,NA,NA,NA,NA,NA,NA,NA,NA,NA,NA,NA,NA,NA,NA,NA,NA,NA,NA,NA,NA,NA,NA,NA,NA,NA,NA,NA,NA,NA,NA,NA,NA,NA,NA,NA,NA,NA,NA,NA,580,20,Man,1,3,5,2,2,0,0,0,0,0,5,0,1,3
929,NA,NA,NA,NA,NA,NA,NA,NA,NA,NA,NA,NA,NA,NA,NA,NA,NA,NA,NA,NA,NA,NA,NA,NA,NA,NA,NA,NA,NA,NA,NA,NA,NA,NA,NA,NA,NA,NA,NA,NA,NA,NA,NA,NA,NA,NA,NA,NA,NA,NA,NA,NA,NA,NA,NA,NA,NA,582,18,Man,0,2,0,3,1,0,0,0,0,0,1,0,2,4
930,NA,NA,NA,NA,NA,NA,NA,NA,NA,NA,NA,NA,NA,NA,NA,NA,NA,NA,NA,NA,NA,NA,NA,NA,NA,NA,NA,NA,NA,NA,NA,NA,NA,NA,NA,NA,NA,NA,NA,NA,NA,NA,NA,NA,NA,NA,NA,NA,NA,NA,NA,NA,NA,NA,NA,NA,NA,584,19,Man,3,4,2,0.5,4,3,0,0,4,2,4,1,1,0
931,NA,NA,NA,NA,NA,NA,NA,NA,NA,NA,NA,NA,NA,NA,NA,NA,NA,NA,NA,NA,NA,NA,NA,NA,NA,NA,NA,NA,NA,NA,NA,NA,NA,NA,NA,NA,NA,NA,NA,NA,NA,NA,NA,NA,NA,NA,NA,NA,NA,NA,NA,NA,NA,NA,NA,NA,NA,585,21,Woman,4,2,1,1,5,3,0,0,0,0,0,5,0,2
932,NA,NA,NA,NA,NA,NA,NA,NA,NA,NA,NA,NA,NA,NA,NA,NA,NA,NA,NA,NA,NA,NA,NA,NA,NA,NA,NA,NA,NA,NA,NA,NA,NA,NA,NA,NA,NA,NA,NA,NA,NA,NA,NA,NA,NA,NA,NA,NA,NA,NA,NA,NA,NA,NA,NA,NA,NA,587,19,Man,5,5,3,1.5,5,3,3,0,0,0,5,0,2,1
933,NA,NA,NA,NA,NA,NA,NA,NA,NA,NA,NA,NA,NA,NA,NA,NA,NA,NA,NA,NA,NA,NA,NA,NA,NA,NA,NA,NA,NA,NA,NA,NA,NA,NA,NA,NA,NA,NA,NA,NA,NA,NA,NA,NA,NA,NA,NA,NA,NA,NA,NA,NA,NA,NA,NA,NA,NA,589,18,Woman,5,4,3,5,5,5,0,0,4,2.83,4,2,5,5
934,NA,NA,NA,NA,NA,NA,NA,NA,NA,NA,NA,NA,NA,NA,NA,NA,NA,NA,NA,NA,NA,NA,NA,NA,NA,NA,NA,NA,NA,NA,NA,NA,NA,NA,NA,NA,NA,NA,NA,NA,NA,NA,NA,NA,NA,NA,NA,NA,NA,NA,NA,NA,NA,NA,NA,NA,NA,596,19,Woman,5,5,0,0,1,2,0,0,0,0,5,0,0,0
935,NA,NA,NA,NA,NA,NA,NA,NA,NA,NA,NA,NA,NA,NA,NA,NA,NA,NA,NA,NA,NA,NA,NA,NA,NA,NA,NA,NA,NA,NA,NA,NA,NA,NA,NA,NA,NA,NA,NA,NA,NA,NA,NA,NA,NA,NA,NA,NA,NA,NA,NA,NA,NA,NA,NA,NA,NA,600,18,Woman,4,3,0,3,4,2,0,0,2,0,0,3,4,2
936,NA,NA,NA,NA,NA,NA,NA,NA,NA,NA,NA,NA,NA,NA,NA,NA,NA,NA,NA,NA,NA,NA,NA,NA,NA,NA,NA,NA,NA,NA,NA,NA,NA,NA,NA,NA,NA,NA,NA,NA,NA,NA,NA,NA,NA,NA,NA,NA,NA,NA,NA,NA,NA,NA,NA,NA,NA,603,18,Man,3,5,0,1.5,1,0,0,0,1,0,0,0,3,0
937,NA,NA,NA,NA,NA,NA,NA,NA,NA,NA,NA,NA,NA,NA,NA,NA,NA,NA,NA,NA,NA,NA,NA,NA,NA,NA,NA,NA,NA,NA,NA,NA,NA,NA,NA,NA,NA,NA,NA,NA,NA,NA,NA,NA,NA,NA,NA,NA,NA,NA,NA,NA,NA,NA,NA,NA,NA,604,18,Woman,4,3,1,1.5,3,2,1,0,3,1.73,3,1,1,2
938,NA,NA,NA,NA,NA,NA,NA,NA,NA,NA,NA,NA,NA,NA,NA,NA,NA,NA,NA,NA,NA,NA,NA,NA,NA,NA,NA,NA,NA,NA,NA,NA,NA,NA,NA,NA,NA,NA,NA,NA,NA,NA,NA,NA,NA,NA,NA,NA,NA,NA,NA,NA,NA,NA,NA,NA,NA,605,19,Woman,0,0,0,0,0,0,0,0,2,0,5,0,0,0
939,NA,NA,NA,NA,NA,NA,NA,NA,NA,NA,NA,NA,NA,NA,NA,NA,NA,NA,NA,NA,NA,NA,NA,NA,NA,NA,NA,NA,NA,NA,NA,NA,NA,NA,NA,NA,NA,NA,NA,NA,NA,NA,NA,NA,NA,NA,NA,NA,NA,NA,NA,NA,NA,NA,NA,NA,NA,607,41,Man,3,5,3,2.5,4,4,0,0,1,0,0,5,1,4
940,NA,NA,NA,NA,NA,NA,NA,NA,NA,NA,NA,NA,NA,NA,NA,NA,NA,NA,NA,NA,NA,NA,NA,NA,NA,NA,NA,NA,NA,NA,NA,NA,NA,NA,NA,NA,NA,NA,NA,NA,NA,NA,NA,NA,NA,NA,NA,NA,NA,NA,NA,NA,NA,NA,NA,NA,NA,611,22,Woman,3,4,5,2.5,3,5,0,0,1,0,5,0,1,4
941,NA,NA,NA,NA,NA,NA,NA,NA,NA,NA,NA,NA,NA,NA,NA,NA,NA,NA,NA,NA,NA,NA,NA,NA,NA,NA,NA,NA,NA,NA,NA,NA,NA,NA,NA,NA,NA,NA,NA,NA,NA,NA,NA,NA,NA,NA,NA,NA,NA,NA,NA,NA,NA,NA,NA,NA,NA,613,19,Woman,3,3,4,3.5,1,3,0,0,5,3.16,2,5,2,5
942,NA,NA,NA,NA,NA,NA,NA,NA,NA,NA,NA,NA,NA,NA,NA,NA,NA,NA,NA,NA,NA,NA,NA,NA,NA,NA,NA,NA,NA,NA,NA,NA,NA,NA,NA,NA,NA,NA,NA,NA,NA,NA,NA,NA,NA,NA,NA,NA,NA,NA,NA,NA,NA,NA,NA,NA,NA,614,19,Woman,5,4,1,4,5,5,0,0,3,3.87,5,3,3,5
943,NA,NA,NA,NA,NA,NA,NA,NA,NA,NA,NA,NA,NA,NA,NA,NA,NA,NA,NA,NA,NA,NA,NA,NA,NA,NA,NA,NA,NA,NA,NA,NA,NA,NA,NA,NA,NA,NA,NA,NA,NA,NA,NA,NA,NA,NA,NA,NA,NA,NA,NA,NA,NA,NA,NA,NA,NA,615,19,Woman,5,4,0,0.5,2,0,0,0,2,0,3,0,1,0
944,NA,NA,NA,NA,NA,NA,NA,NA,NA,NA,NA,NA,NA,NA,NA,NA,NA,NA,NA,NA,NA,NA,NA,NA,NA,NA,NA,NA,NA,NA,NA,NA,NA,NA,NA,NA,NA,NA,NA,NA,NA,NA,NA,NA,NA,NA,NA,NA,NA,NA,NA,NA,NA,NA,NA,NA,NA,622,18,Woman,5,4,0,0,3,2,0,0,0,0,2,0,0,0
945,NA,NA,NA,NA,NA,NA,NA,NA,NA,NA,NA,NA,NA,NA,NA,NA,NA,NA,NA,NA,NA,NA,NA,NA,NA,NA,NA,NA,NA,NA,NA,NA,NA,NA,NA,NA,NA,NA,NA,NA,NA,NA,NA,NA,NA,NA,NA,NA,NA,NA,NA,NA,NA,NA,NA,NA,NA,623,19,Man,4,4,0,0.5,2,3,0,0,1,0,1,0,0,1
946,NA,NA,NA,NA,NA,NA,NA,NA,NA,NA,NA,NA,NA,NA,NA,NA,NA,NA,NA,NA,NA,NA,NA,NA,NA,NA,NA,NA,NA,NA,NA,NA,NA,NA,NA,NA,NA,NA,NA,NA,NA,NA,NA,NA,NA,NA,NA,NA,NA,NA,NA,NA,NA,NA,NA,NA,NA,626,21,Man,3,4,0,0,2,1,0,0,3,2,4,1,0,0
947,NA,NA,NA,NA,NA,NA,NA,NA,NA,NA,NA,NA,NA,NA,NA,NA,NA,NA,NA,NA,NA,NA,NA,NA,NA,NA,NA,NA,NA,NA,NA,NA,NA,NA,NA,NA,NA,NA,NA,NA,NA,NA,NA,NA,NA,NA,NA,NA,NA,NA,NA,NA,NA,NA,NA,NA,NA,629,19,Woman,5,1,0,4,4,1,0,0,3,0,5,0,3,5
948,NA,NA,NA,NA,NA,NA,NA,NA,NA,NA,NA,NA,NA,NA,NA,NA,NA,NA,NA,NA,NA,NA,NA,NA,NA,NA,NA,NA,NA,NA,NA,NA,NA,NA,NA,NA,NA,NA,NA,NA,NA,NA,NA,NA,NA,NA,NA,NA,NA,NA,NA,NA,NA,NA,NA,NA,NA,632,19,Woman,4,4,1,2.5,4,3,0,0,1,0,2,0,2,3
949,NA,NA,NA,NA,NA,NA,NA,NA,NA,NA,NA,NA,NA,NA,NA,NA,NA,NA,NA,NA,NA,NA,NA,NA,NA,NA,NA,NA,NA,NA,NA,NA,NA,NA,NA,NA,NA,NA,NA,NA,NA,NA,NA,NA,NA,NA,NA,NA,NA,NA,NA,NA,NA,NA,NA,NA,NA,640,18,Woman,5,1,3,3,4,2,0,0,2,0,0,3,2,4
950,NA,NA,NA,NA,NA,NA,NA,NA,NA,NA,NA,NA,NA,NA,NA,NA,NA,NA,NA,NA,NA,NA,NA,NA,NA,NA,NA,NA,NA,NA,NA,NA,NA,NA,NA,NA,NA,NA,NA,NA,NA,NA,NA,NA,NA,NA,NA,NA,NA,NA,NA,NA,NA,NA,NA,NA,NA,643,19,Woman,4,4,1,0.5,2,1,0,0,3,0,0,5,0,1
951,NA,NA,NA,NA,NA,NA,NA,NA,NA,NA,NA,NA,NA,NA,NA,NA,NA,NA,NA,NA,NA,NA,NA,NA,NA,NA,NA,NA,NA,NA,NA,NA,NA,NA,NA,NA,NA,NA,NA,NA,NA,NA,NA,NA,NA,NA,NA,NA,NA,NA,NA,NA,NA,NA,NA,NA,NA,644,18,Woman,3,4,1,3.5,4,1,1,0,2,0,0,1,3,4
952,NA,NA,NA,NA,NA,NA,NA,NA,NA,NA,NA,NA,NA,NA,NA,NA,NA,NA,NA,NA,NA,NA,NA,NA,NA,NA,NA,NA,NA,NA,NA,NA,NA,NA,NA,NA,NA,NA,NA,NA,NA,NA,NA,NA,NA,NA,NA,NA,NA,NA,NA,NA,NA,NA,NA,NA,NA,645,19,Woman,4,2,3,2.5,3,4,0,0,5,0,0,5,2,3
953,NA,NA,NA,NA,NA,NA,NA,NA,NA,NA,NA,NA,NA,NA,NA,NA,NA,NA,NA,NA,NA,NA,NA,NA,NA,NA,NA,NA,NA,NA,NA,NA,NA,NA,NA,NA,NA,NA,NA,NA,NA,NA,NA,NA,NA,NA,NA,NA,NA,NA,NA,NA,NA,NA,NA,NA,NA,646,20,Man,0,3,0,0,0,0,0,0,0,0,0,0,0,0
954,NA,NA,NA,NA,NA,NA,NA,NA,NA,NA,NA,NA,NA,NA,NA,NA,NA,NA,NA,NA,NA,NA,NA,NA,NA,NA,NA,NA,NA,NA,NA,NA,NA,NA,NA,NA,NA,NA,NA,NA,NA,NA,NA,NA,NA,NA,NA,NA,NA,NA,NA,NA,NA,NA,NA,NA,NA,652,18,Woman,4,3,1,2.5,3,3,1,2,2,1,1,1,2,3
955,NA,NA,NA,NA,NA,NA,NA,NA,NA,NA,NA,NA,NA,NA,NA,NA,NA,NA,NA,NA,NA,NA,NA,NA,NA,NA,NA,NA,NA,NA,NA,NA,NA,NA,NA,NA,NA,NA,NA,NA,NA,NA,NA,NA,NA,NA,NA,NA,NA,NA,NA,NA,NA,NA,NA,NA,NA,655,19,Woman,3,2,0,1,4,4,0,0,0,0,2,0,1,1
956,NA,NA,NA,NA,NA,NA,NA,NA,NA,NA,NA,NA,NA,NA,NA,NA,NA,NA,NA,NA,NA,NA,NA,NA,NA,NA,NA,NA,NA,NA,NA,NA,NA,NA,NA,NA,NA,NA,NA,NA,NA,NA,NA,NA,NA,NA,NA,NA,NA,NA,NA,NA,NA,NA,NA,NA,NA,656,18,Woman,4,3,5,3.5,4,4,0,0,0,0,4,0,4,3
957,NA,NA,NA,NA,NA,NA,NA,NA,NA,NA,NA,NA,NA,NA,NA,NA,NA,NA,NA,NA,NA,NA,NA,NA,NA,NA,NA,NA,NA,NA,NA,NA,NA,NA,NA,NA,NA,NA,NA,NA,NA,NA,NA,NA,NA,NA,NA,NA,NA,NA,NA,NA,NA,NA,NA,NA,NA,660,18,Man,5,5,1,1,3,2,1,0,2,2,4,1,1,1
958,NA,NA,NA,NA,NA,NA,NA,NA,NA,NA,NA,NA,NA,NA,NA,NA,NA,NA,NA,NA,NA,NA,NA,NA,NA,NA,NA,NA,NA,NA,NA,NA,NA,NA,NA,NA,NA,NA,NA,NA,NA,NA,NA,NA,NA,NA,NA,NA,NA,NA,NA,NA,NA,NA,NA,NA,NA,661,18,Woman,2,1,1,1.5,0,0,0,0,0,0,2,0,1,2
959,NA,NA,NA,NA,NA,NA,NA,NA,NA,NA,NA,NA,NA,NA,NA,NA,NA,NA,NA,NA,NA,NA,NA,NA,NA,NA,NA,NA,NA,NA,NA,NA,NA,NA,NA,NA,NA,NA,NA,NA,NA,NA,NA,NA,NA,NA,NA,NA,NA,NA,NA,NA,NA,NA,NA,NA,NA,662,18,Woman,2,1,0,0,3,1,0,0,0,0,2,0,0,0
960,NA,NA,NA,NA,NA,NA,NA,NA,NA,NA,NA,NA,NA,NA,NA,NA,NA,NA,NA,NA,NA,NA,NA,NA,NA,NA,NA,NA,NA,NA,NA,NA,NA,NA,NA,NA,NA,NA,NA,NA,NA,NA,NA,NA,NA,NA,NA,NA,NA,NA,NA,NA,NA,NA,NA,NA,NA,663,18,Woman,1,3,2,4,3,1,0,0,1,0,5,0,4,4
961,NA,NA,NA,NA,NA,NA,NA,NA,NA,NA,NA,NA,NA,NA,NA,NA,NA,NA,NA,NA,NA,NA,NA,NA,NA,NA,NA,NA,NA,NA,NA,NA,NA,NA,NA,NA,NA,NA,NA,NA,NA,NA,NA,NA,NA,NA,NA,NA,NA,NA,NA,NA,NA,NA,NA,NA,NA,664,20,Woman,2,2,0,1.5,1,0,0,0,1,0,5,0,1,2
962,NA,NA,NA,NA,NA,NA,NA,NA,NA,NA,NA,NA,NA,NA,NA,NA,NA,NA,NA,NA,NA,NA,NA,NA,NA,NA,NA,NA,NA,NA,NA,NA,NA,NA,NA,NA,NA,NA,NA,NA,NA,NA,NA,NA,NA,NA,NA,NA,NA,NA,NA,NA,NA,NA,NA,NA,NA,666,19,Woman,4,1,0,4,3,3,0,5,5,0,5,0,4,4
963,NA,NA,NA,NA,NA,NA,NA,NA,NA,NA,NA,NA,NA,NA,NA,NA,NA,NA,NA,NA,NA,NA,NA,NA,NA,NA,NA,NA,NA,NA,NA,NA,NA,NA,NA,NA,NA,NA,NA,NA,NA,NA,NA,NA,NA,NA,NA,NA,NA,NA,NA,NA,NA,NA,NA,NA,NA,669,19,Woman,4,5,2,0.5,1,4,0,0,3,0,5,0,0,1
964,NA,NA,NA,NA,NA,NA,NA,NA,NA,NA,NA,NA,NA,NA,NA,NA,NA,NA,NA,NA,NA,NA,NA,NA,NA,NA,NA,NA,NA,NA,NA,NA,NA,NA,NA,NA,NA,NA,NA,NA,NA,NA,NA,NA,NA,NA,NA,NA,NA,NA,NA,NA,NA,NA,NA,NA,NA,670,19,Non-binary,4,3,1,0,5,3,3,3,0,0,2,0,0,0
965,NA,NA,NA,NA,NA,NA,NA,NA,NA,NA,NA,NA,NA,NA,NA,NA,NA,NA,NA,NA,NA,NA,NA,NA,NA,NA,NA,NA,NA,NA,NA,NA,NA,NA,NA,NA,NA,NA,NA,NA,NA,NA,NA,NA,NA,NA,NA,NA,NA,NA,NA,NA,NA,NA,NA,NA,NA,671,18,Woman,4,3,2,3.5,3,2,0,0,3,0,5,0,3,4
966,NA,NA,NA,NA,NA,NA,NA,NA,NA,NA,NA,NA,NA,NA,NA,NA,NA,NA,NA,NA,NA,NA,NA,NA,NA,NA,NA,NA,NA,NA,NA,NA,NA,NA,NA,NA,NA,NA,NA,NA,NA,NA,NA,NA,NA,NA,NA,NA,NA,NA,NA,NA,NA,NA,NA,NA,NA,673,23,Man,5,4,4,0,5,3,0,0,0,0,0,0,0,0
967,NA,NA,NA,NA,NA,NA,NA,NA,NA,NA,NA,NA,NA,NA,NA,NA,NA,NA,NA,NA,NA,NA,NA,NA,NA,NA,NA,NA,NA,NA,NA,NA,NA,NA,NA,NA,NA,NA,NA,NA,NA,NA,NA,NA,NA,NA,NA,NA,NA,NA,NA,NA,NA,NA,NA,NA,NA,676,18,Woman,4,3,0,2,2,3,0,0,0,3.46,3,4,3,1
968,NA,NA,NA,NA,NA,NA,NA,NA,NA,NA,NA,NA,NA,NA,NA,NA,NA,NA,NA,NA,NA,NA,NA,NA,NA,NA,NA,NA,NA,NA,NA,NA,NA,NA,NA,NA,NA,NA,NA,NA,NA,NA,NA,NA,NA,NA,NA,NA,NA,NA,NA,NA,NA,NA,NA,NA,NA,677,18,Woman,3,2,3,1,4,3,0,0,3,0,0,5,1,1
969,NA,NA,NA,NA,NA,NA,NA,NA,NA,NA,NA,NA,NA,NA,NA,NA,NA,NA,NA,NA,NA,NA,NA,NA,NA,NA,NA,NA,NA,NA,NA,NA,NA,NA,NA,NA,NA,NA,NA,NA,NA,NA,NA,NA,NA,NA,NA,NA,NA,NA,NA,NA,NA,NA,NA,NA,NA,683,18,Woman,3,2,4,2.5,4,2,0,0,4,0,5,0,1,4
970,NA,NA,NA,NA,NA,NA,NA,NA,NA,NA,NA,NA,NA,NA,NA,NA,NA,NA,NA,NA,NA,NA,NA,NA,NA,NA,NA,NA,NA,NA,NA,NA,NA,NA,NA,NA,NA,NA,NA,NA,NA,NA,NA,NA,NA,NA,NA,NA,NA,NA,NA,NA,NA,NA,NA,NA,NA,684,19,Woman,4,3,3,3.5,4,5,0,1,1,0,0,2,4,3
971,NA,NA,NA,NA,NA,NA,NA,NA,NA,NA,NA,NA,NA,NA,NA,NA,NA,NA,NA,NA,NA,NA,NA,NA,NA,NA,NA,NA,NA,NA,NA,NA,NA,NA,NA,NA,NA,NA,NA,NA,NA,NA,NA,NA,NA,NA,NA,NA,NA,NA,NA,NA,NA,NA,NA,NA,NA,685,20,Woman,5,4,3,2.5,4,4,0,0,4,0,0,5,2,3
972,NA,NA,NA,NA,NA,NA,NA,NA,NA,NA,NA,NA,NA,NA,NA,NA,NA,NA,NA,NA,NA,NA,NA,NA,NA,NA,NA,NA,NA,NA,NA,NA,NA,NA,NA,NA,NA,NA,NA,NA,NA,NA,NA,NA,NA,NA,NA,NA,NA,NA,NA,NA,NA,NA,NA,NA,NA,688,19,Woman,2,4,0,0,1,1,0,0,3,0,5,0,0,0
973,NA,NA,NA,NA,NA,NA,NA,NA,NA,NA,NA,NA,NA,NA,NA,NA,NA,NA,NA,NA,NA,NA,NA,NA,NA,NA,NA,NA,NA,NA,NA,NA,NA,NA,NA,NA,NA,NA,NA,NA,NA,NA,NA,NA,NA,NA,NA,NA,NA,NA,NA,NA,NA,NA,NA,NA,NA,690,19,Woman,4,3,1,0,3,4,0,0,2,0,0,5,0,0
974,NA,NA,NA,NA,NA,NA,NA,NA,NA,NA,NA,NA,NA,NA,NA,NA,NA,NA,NA,NA,NA,NA,NA,NA,NA,NA,NA,NA,NA,NA,NA,NA,NA,NA,NA,NA,NA,NA,NA,NA,NA,NA,NA,NA,NA,NA,NA,NA,NA,NA,NA,NA,NA,NA,NA,NA,NA,694,18,Man,0,0,2,0,0,1,0,0,0,0,0,0,0,0
975,NA,NA,NA,NA,NA,NA,NA,NA,NA,NA,NA,NA,NA,NA,NA,NA,NA,NA,NA,NA,NA,NA,NA,NA,NA,NA,NA,NA,NA,NA,NA,NA,NA,NA,NA,NA,NA,NA,NA,NA,NA,NA,NA,NA,NA,NA,NA,NA,NA,NA,NA,NA,NA,NA,NA,NA,NA,698,19,Man,4,1,0,3,3,2,0,0,3,0,4,0,3,3
976,NA,NA,NA,NA,NA,NA,NA,NA,NA,NA,NA,NA,NA,NA,NA,NA,NA,NA,NA,NA,NA,NA,NA,NA,NA,NA,NA,NA,NA,NA,NA,NA,NA,NA,NA,NA,NA,NA,NA,NA,NA,NA,NA,NA,NA,NA,NA,NA,NA,NA,NA,NA,NA,NA,NA,NA,NA,700,18,Woman,5,4,1,2.5,4,2,0,0,3,1.41,2,1,3,2
977,NA,NA,NA,NA,NA,NA,NA,NA,NA,NA,NA,NA,NA,NA,NA,NA,NA,NA,NA,NA,NA,NA,NA,NA,NA,NA,NA,NA,NA,NA,NA,NA,NA,NA,NA,NA,NA,NA,NA,NA,NA,NA,NA,NA,NA,NA,NA,NA,NA,NA,NA,NA,NA,NA,NA,NA,NA,702,18,Woman,3,3,2,2.5,1,1,0,0,4,0,5,0,1,4
978,NA,NA,NA,NA,NA,NA,NA,NA,NA,NA,NA,NA,NA,NA,NA,NA,NA,NA,NA,NA,NA,NA,NA,NA,NA,NA,NA,NA,NA,NA,NA,NA,NA,NA,NA,NA,NA,NA,NA,NA,NA,NA,NA,NA,NA,NA,NA,NA,NA,NA,NA,NA,NA,NA,NA,NA,NA,703,19,5,0,0,0,0,0,0,2,0,0,0,0,0,0,0
979,NA,NA,NA,NA,NA,NA,NA,NA,NA,NA,NA,NA,NA,NA,NA,NA,NA,NA,NA,NA,NA,NA,NA,NA,NA,NA,NA,NA,NA,NA,NA,NA,NA,NA,NA,NA,NA,NA,NA,NA,NA,NA,NA,NA,NA,NA,NA,NA,NA,NA,NA,NA,NA,NA,NA,NA,NA,717,18,Woman,4,5,0,0.5,4,2,0,0,0,0,5,0,1,0
980,NA,NA,NA,NA,NA,NA,NA,NA,NA,NA,NA,NA,NA,NA,NA,NA,NA,NA,NA,NA,NA,NA,NA,NA,NA,NA,NA,NA,NA,NA,NA,NA,NA,NA,NA,NA,NA,NA,NA,NA,NA,NA,NA,NA,NA,NA,NA,NA,NA,NA,NA,NA,NA,NA,NA,NA,NA,719,20,Woman,5,4,0,0,4,4,0,0,0,1.41,1,2,0,0
981,NA,NA,NA,NA,NA,NA,NA,NA,NA,NA,NA,NA,NA,NA,NA,NA,NA,NA,NA,NA,NA,NA,NA,NA,NA,NA,NA,NA,NA,NA,NA,NA,NA,NA,NA,NA,NA,NA,NA,NA,NA,NA,NA,NA,NA,NA,NA,NA,NA,NA,NA,NA,NA,NA,NA,NA,NA,721,22,Man,3,4,1,0.5,3,1,0,0,3,2,2,2,0,1
982,NA,NA,NA,NA,NA,NA,NA,NA,NA,NA,NA,NA,NA,NA,NA,NA,NA,NA,NA,NA,NA,NA,NA,NA,NA,NA,NA,NA,NA,NA,NA,NA,NA,NA,NA,NA,NA,NA,NA,NA,NA,NA,NA,NA,NA,NA,NA,NA,NA,NA,NA,NA,NA,NA,NA,NA,NA,729,19,Woman,2,3,0,0,3,0,0,0,2,2.83,2,4,0,0
983,NA,NA,NA,NA,NA,NA,NA,NA,NA,NA,NA,NA,NA,NA,NA,NA,NA,NA,NA,NA,NA,NA,NA,NA,NA,NA,NA,NA,NA,NA,NA,NA,NA,NA,NA,NA,NA,NA,NA,NA,NA,NA,NA,NA,NA,NA,NA,NA,NA,NA,NA,NA,NA,NA,NA,NA,NA,730,18,Woman,3,5,0,0.5,4,0,0,0,1,2,4,1,1,0
984,NA,NA,NA,NA,NA,NA,NA,NA,NA,NA,NA,NA,NA,NA,NA,NA,NA,NA,NA,NA,NA,NA,NA,NA,NA,NA,NA,NA,NA,NA,NA,NA,NA,NA,NA,NA,NA,NA,NA,NA,NA,NA,NA,NA,NA,NA,NA,NA,NA,NA,NA,NA,NA,NA,NA,NA,NA,731,18,Woman,5,4,1,0,4,2,0,0,0,0,5,0,0,0
985,NA,NA,NA,NA,NA,NA,NA,NA,NA,NA,NA,NA,NA,NA,NA,NA,NA,NA,NA,NA,NA,NA,NA,NA,NA,NA,NA,NA,NA,NA,NA,NA,NA,NA,NA,NA,NA,NA,NA,NA,NA,NA,NA,NA,NA,NA,NA,NA,NA,NA,NA,NA,NA,NA,NA,NA,NA,732,18,Woman,5,5,0,2,4,3,0,5,1,1.41,2,1,1,3
986,NA,NA,NA,NA,NA,NA,NA,NA,NA,NA,NA,NA,NA,NA,NA,NA,NA,NA,NA,NA,NA,NA,NA,NA,NA,NA,NA,NA,NA,NA,NA,NA,NA,NA,NA,NA,NA,NA,NA,NA,NA,NA,NA,NA,NA,NA,NA,NA,NA,NA,NA,NA,NA,NA,NA,NA,NA,734,18,Man,3,0,1,1.5,2,1,0,0,2,0,5,0,1,2
987,NA,NA,NA,NA,NA,NA,NA,NA,NA,NA,NA,NA,NA,NA,NA,NA,NA,NA,NA,NA,NA,NA,NA,NA,NA,NA,NA,NA,NA,NA,NA,NA,NA,NA,NA,NA,NA,NA,NA,NA,NA,NA,NA,NA,NA,NA,NA,NA,NA,NA,NA,NA,NA,NA,NA,NA,NA,735,18,Woman,3,2,0,1,3,2,0,0,1,0,5,0,1,1
988,NA,NA,NA,NA,NA,NA,NA,NA,NA,NA,NA,NA,NA,NA,NA,NA,NA,NA,NA,NA,NA,NA,NA,NA,NA,NA,NA,NA,NA,NA,NA,NA,NA,NA,NA,NA,NA,NA,NA,NA,NA,NA,NA,NA,NA,NA,NA,NA,NA,NA,NA,NA,NA,NA,NA,NA,NA,739,19,Woman,4,5,0,0.5,3,2,0,0,1,0,0,1,0,1
989,NA,NA,NA,NA,NA,NA,NA,NA,NA,NA,NA,NA,NA,NA,NA,NA,NA,NA,NA,NA,NA,NA,NA,NA,NA,NA,NA,NA,NA,NA,NA,NA,NA,NA,NA,NA,NA,NA,NA,NA,NA,NA,NA,NA,NA,NA,NA,NA,NA,NA,NA,NA,NA,NA,NA,NA,NA,747,20,Woman,3,1,0,1.5,2,3,0,0,4,1.73,3,1,1,2
990,NA,NA,NA,NA,NA,NA,NA,NA,NA,NA,NA,NA,NA,NA,NA,NA,NA,NA,NA,NA,NA,NA,NA,NA,NA,NA,NA,NA,NA,NA,NA,NA,NA,NA,NA,NA,NA,NA,NA,NA,NA,NA,NA,NA,NA,NA,NA,NA,NA,NA,NA,NA,NA,NA,NA,NA,NA,748,20,Man,4,3,1,2.5,5,2,0,5,2,0,0,5,2,3
991,NA,NA,NA,NA,NA,NA,NA,NA,NA,NA,NA,NA,NA,NA,NA,NA,NA,NA,NA,NA,NA,NA,NA,NA,NA,NA,NA,NA,NA,NA,NA,NA,NA,NA,NA,NA,NA,NA,NA,NA,NA,NA,NA,NA,NA,NA,NA,NA,NA,NA,NA,NA,NA,NA,NA,NA,NA,749,18,Woman,5,2,0,2.5,0,3,0,0,3,0,5,0,2,3
992,NA,NA,NA,NA,NA,NA,NA,NA,NA,NA,NA,NA,NA,NA,NA,NA,NA,NA,NA,NA,NA,NA,NA,NA,NA,NA,NA,NA,NA,NA,NA,NA,NA,NA,NA,NA,NA,NA,NA,NA,NA,NA,NA,NA,NA,NA,NA,NA,NA,NA,NA,NA,NA,NA,NA,NA,NA,750,22,Woman,5,2,0,3,4,3,0,0,2,0,5,0,2,4
993,NA,NA,NA,NA,NA,NA,NA,NA,NA,NA,NA,NA,NA,NA,NA,NA,NA,NA,NA,NA,NA,NA,NA,NA,NA,NA,NA,NA,NA,NA,NA,NA,NA,NA,NA,NA,NA,NA,NA,NA,NA,NA,NA,NA,NA,NA,NA,NA,NA,NA,NA,NA,NA,NA,NA,NA,NA,751,19,Woman,4,0,0,0.5,2,0,0,0,0,0,5,0,0,1
994,NA,NA,NA,NA,NA,NA,NA,NA,NA,NA,NA,NA,NA,NA,NA,NA,NA,NA,NA,NA,NA,NA,NA,NA,NA,NA,NA,NA,NA,NA,NA,NA,NA,NA,NA,NA,NA,NA,NA,NA,NA,NA,NA,NA,NA,NA,NA,NA,NA,NA,NA,NA,NA,NA,NA,NA,NA,752,18,Woman,2,3,1,2,5,4,0,0,0,0,0,1,2,2
995,NA,NA,NA,NA,NA,NA,NA,NA,NA,NA,NA,NA,NA,NA,NA,NA,NA,NA,NA,NA,NA,NA,NA,NA,NA,NA,NA,NA,NA,NA,NA,NA,NA,NA,NA,NA,NA,NA,NA,NA,NA,NA,NA,NA,NA,NA,NA,NA,NA,NA,NA,NA,NA,NA,NA,NA,NA,754,18,Woman,5,5,1,3,5,4,0,0,1,5,5,5,4,2
996,NA,NA,NA,NA,NA,NA,NA,NA,NA,NA,NA,NA,NA,NA,NA,NA,NA,NA,NA,NA,NA,NA,NA,NA,NA,NA,NA,NA,NA,NA,NA,NA,NA,NA,NA,NA,NA,NA,NA,NA,NA,NA,NA,NA,NA,NA,NA,NA,NA,NA,NA,NA,NA,NA,NA,NA,NA,755,18,Woman,3,4,0,0,5,1,0,1,2,0,5,0,0,0
997,NA,NA,NA,NA,NA,NA,NA,NA,NA,NA,NA,NA,NA,NA,NA,NA,NA,NA,NA,NA,NA,NA,NA,NA,NA,NA,NA,NA,NA,NA,NA,NA,NA,NA,NA,NA,NA,NA,NA,NA,NA,NA,NA,NA,NA,NA,NA,NA,NA,NA,NA,NA,NA,NA,NA,NA,NA,757,22,Woman,5,4,2,4,5,5,0,0,2,2.24,1,5,4,4
998,NA,NA,NA,NA,NA,NA,NA,NA,NA,NA,NA,NA,NA,NA,NA,NA,NA,NA,NA,NA,NA,NA,NA,NA,NA,NA,NA,NA,NA,NA,NA,NA,NA,NA,NA,NA,NA,NA,NA,NA,NA,NA,NA,NA,NA,NA,NA,NA,NA,NA,NA,NA,NA,NA,NA,NA,NA,761,20,Woman,4,4,1,1.5,1,4,0,0,1,1,1,1,1,2
999,NA,NA,NA,NA,NA,NA,NA,NA,NA,NA,NA,NA,NA,NA,NA,NA,NA,NA,NA,NA,NA,NA,NA,NA,NA,NA,NA,NA,NA,NA,NA,NA,NA,NA,NA,NA,NA,NA,NA,NA,NA,NA,NA,NA,NA,NA,NA,NA,NA,NA,NA,NA,NA,NA,NA,NA,NA,762,18,Man,1,2,0,2,1,1,0,0,0,0,0,0,3,1
1000,NA,NA,NA,NA,NA,NA,NA,NA,NA,NA,NA,NA,NA,NA,NA,NA,NA,NA,NA,NA,NA,NA,NA,NA,NA,NA,NA,NA,NA,NA,NA,NA,NA,NA,NA,NA,NA,NA,NA,NA,NA,NA,NA,NA,NA,NA,NA,NA,NA,NA,NA,NA,NA,NA,NA,NA,NA,763,19,Woman,5,5,0,0,4,2,0,0,0,0,0,0,0,0
1001,NA,NA,NA,NA,NA,NA,NA,NA,NA,NA,NA,NA,NA,NA,NA,NA,NA,NA,NA,NA,NA,NA,NA,NA,NA,NA,NA,NA,NA,NA,NA,NA,NA,NA,NA,NA,NA,NA,NA,NA,NA,NA,NA,NA,NA,NA,NA,NA,NA,NA,NA,NA,NA,NA,NA,NA,NA,764,22,Woman,3,2,0,0,2,1,0,0,0,2,4,1,0,0
1002,NA,NA,NA,NA,NA,NA,NA,NA,NA,NA,NA,NA,NA,NA,NA,NA,NA,NA,NA,NA,NA,NA,NA,NA,NA,NA,NA,NA,NA,NA,NA,NA,NA,NA,NA,NA,NA,NA,NA,NA,NA,NA,NA,NA,NA,NA,NA,NA,NA,NA,NA,NA,NA,NA,NA,NA,NA,769,19,Woman,4,3,0,1,4,3,0,0,1,1,1,1,1,1
1003,NA,NA,NA,NA,NA,NA,NA,NA,NA,NA,NA,NA,NA,NA,NA,NA,NA,NA,NA,NA,NA,NA,NA,NA,NA,NA,NA,NA,NA,NA,NA,NA,NA,NA,NA,NA,NA,NA,NA,NA,NA,NA,NA,NA,NA,NA,NA,NA,NA,NA,NA,NA,NA,NA,NA,NA,NA,770,18,Man,3,3,3,2,4,3,0,5,0,0,0,3,1,3
1004,NA,NA,NA,NA,NA,NA,NA,NA,NA,NA,NA,NA,NA,NA,NA,NA,NA,NA,NA,NA,NA,NA,NA,NA,NA,NA,NA,NA,NA,NA,NA,NA,NA,NA,NA,NA,NA,NA,NA,NA,NA,NA,NA,NA,NA,NA,NA,NA,NA,NA,NA,NA,NA,NA,NA,NA,NA,773,20,Woman,4,3,0,4,1,0,0,0,0,0,5,0,4,4
1005,NA,NA,NA,NA,NA,NA,NA,NA,NA,NA,NA,NA,NA,NA,NA,NA,NA,NA,NA,NA,NA,NA,NA,NA,NA,NA,NA,NA,NA,NA,NA,NA,NA,NA,NA,NA,NA,NA,NA,NA,NA,NA,NA,NA,NA,NA,NA,NA,NA,NA,NA,NA,NA,NA,NA,NA,NA,774,18,Woman,4,1,0,2,2,1,0,0,0,0,1,0,3,1
1006,NA,NA,NA,NA,NA,NA,NA,NA,NA,NA,NA,NA,NA,NA,NA,NA,NA,NA,NA,NA,NA,NA,NA,NA,NA,NA,NA,NA,NA,NA,NA,NA,NA,NA,NA,NA,NA,NA,NA,NA,NA,NA,NA,NA,NA,NA,NA,NA,NA,NA,NA,NA,NA,NA,NA,NA,NA,776,19,Man,4,5,0,2.5,4,4,0,0,1,0,4,0,2,3
1007,NA,NA,NA,NA,NA,NA,NA,NA,NA,NA,NA,NA,NA,NA,NA,NA,NA,NA,NA,NA,NA,NA,NA,NA,NA,NA,NA,NA,NA,NA,NA,NA,NA,NA,NA,NA,NA,NA,NA,NA,NA,NA,NA,NA,NA,NA,NA,NA,NA,NA,NA,NA,NA,NA,NA,NA,NA,778,19,Woman,3,2,0,0.5,1,0,1,0,1,1.41,2,1,1,0
1008,NA,NA,NA,NA,NA,NA,NA,NA,NA,NA,NA,NA,NA,NA,NA,NA,NA,NA,NA,NA,NA,NA,NA,NA,NA,NA,NA,NA,NA,NA,NA,NA,NA,NA,NA,NA,NA,NA,NA,NA,NA,NA,NA,NA,NA,NA,NA,NA,NA,NA,NA,NA,NA,NA,NA,NA,NA,779,20,Woman,5,5,3,2.5,5,4,0,0,3,0,0,1,4,1
1009,NA,NA,NA,NA,NA,NA,NA,NA,NA,NA,NA,NA,NA,NA,NA,NA,NA,NA,NA,NA,NA,NA,NA,NA,NA,NA,NA,NA,NA,NA,NA,NA,NA,NA,NA,NA,NA,NA,NA,NA,NA,NA,NA,NA,NA,NA,NA,NA,NA,NA,NA,NA,NA,NA,NA,NA,NA,780,19,Non-binary,4,3,1,1.5,3,1,0,0,2,0,5,0,1,2
1010,NA,NA,NA,NA,NA,NA,NA,NA,NA,NA,NA,NA,NA,NA,NA,NA,NA,NA,NA,NA,NA,NA,NA,NA,NA,NA,NA,NA,NA,NA,NA,NA,NA,NA,NA,NA,NA,NA,NA,NA,NA,NA,NA,NA,NA,NA,NA,NA,NA,NA,NA,NA,NA,NA,NA,NA,NA,782,18,Woman,3,2,1,4,2,1,3,0,4,0,5,0,4,4
1011,NA,NA,NA,NA,NA,NA,NA,NA,NA,NA,NA,NA,NA,NA,NA,NA,NA,NA,NA,NA,NA,NA,NA,NA,NA,NA,NA,NA,NA,NA,NA,NA,NA,NA,NA,NA,NA,NA,NA,NA,NA,NA,NA,NA,NA,NA,NA,NA,NA,NA,NA,NA,NA,NA,NA,NA,NA,786,19,Woman,4,5,2,1.5,4,3,1,0,1,2,4,1,1,2
1012,NA,NA,NA,NA,NA,NA,NA,NA,NA,NA,NA,NA,NA,NA,NA,NA,NA,NA,NA,NA,NA,NA,NA,NA,NA,NA,NA,NA,NA,NA,NA,NA,NA,NA,NA,NA,NA,NA,NA,NA,NA,NA,NA,NA,NA,NA,NA,NA,NA,NA,NA,NA,NA,NA,NA,NA,NA,787,19,Woman,3,3,4,5,2,3,4,0,1,0,5,0,5,5
1013,NA,NA,NA,NA,NA,NA,NA,NA,NA,NA,NA,NA,NA,NA,NA,NA,NA,NA,NA,NA,NA,NA,NA,NA,NA,NA,NA,NA,NA,NA,NA,NA,NA,NA,NA,NA,NA,NA,NA,NA,NA,NA,NA,NA,NA,NA,NA,NA,NA,NA,NA,NA,NA,NA,NA,NA,NA,789,18,Woman,4,5,1,1.5,3,2,1,4,3,0,0,5,1,2
1014,NA,NA,NA,NA,NA,NA,NA,NA,NA,NA,NA,NA,NA,NA,NA,NA,NA,NA,NA,NA,NA,NA,NA,NA,NA,NA,NA,NA,NA,NA,NA,NA,NA,NA,NA,NA,NA,NA,NA,NA,NA,NA,NA,NA,NA,NA,NA,NA,NA,NA,NA,NA,NA,NA,NA,NA,NA,794,19,Woman,4,5,2,0,4,5,0,0,0,3.87,5,3,0,0
1015,NA,NA,NA,NA,NA,NA,NA,NA,NA,NA,NA,NA,NA,NA,NA,NA,NA,NA,NA,NA,NA,NA,NA,NA,NA,NA,NA,NA,NA,NA,NA,NA,NA,NA,NA,NA,NA,NA,NA,NA,NA,NA,NA,NA,NA,NA,NA,NA,NA,NA,NA,NA,NA,NA,NA,NA,NA,798,18,Woman,5,4,3,2,4,2,0,0,2,0,5,0,2,2
1016,NA,NA,NA,NA,NA,NA,NA,NA,NA,NA,NA,NA,NA,NA,NA,NA,NA,NA,NA,NA,NA,NA,NA,NA,NA,NA,NA,NA,NA,NA,NA,NA,NA,NA,NA,NA,NA,NA,NA,NA,NA,NA,NA,NA,NA,NA,NA,NA,NA,NA,NA,NA,NA,NA,NA,NA,NA,800,21,Woman,4,2,0,2.5,2,3,0,5,1,0,0,2,1,4
1017,NA,NA,NA,NA,NA,NA,NA,NA,NA,NA,NA,NA,NA,NA,NA,NA,NA,NA,NA,NA,NA,NA,NA,NA,NA,NA,NA,NA,NA,NA,NA,NA,NA,NA,NA,NA,NA,NA,NA,NA,NA,NA,NA,NA,NA,NA,NA,NA,NA,NA,NA,NA,NA,NA,NA,NA,NA,807,19,Non-binary,4,4,5,2,4,5,0,3,4,0,0,5,3,1
1018,NA,NA,NA,NA,NA,NA,NA,NA,NA,NA,NA,NA,NA,NA,NA,NA,NA,NA,NA,NA,NA,NA,NA,NA,NA,NA,NA,NA,NA,NA,NA,NA,NA,NA,NA,NA,NA,NA,NA,NA,NA,NA,NA,NA,NA,NA,NA,NA,NA,NA,NA,NA,NA,NA,NA,NA,NA,809,19,Woman,4,3,3,4.5,4,2,2,0,3,2.24,5,1,4,5
1019,NA,NA,NA,NA,NA,NA,NA,NA,NA,NA,NA,NA,NA,NA,NA,NA,NA,NA,NA,NA,NA,NA,NA,NA,NA,NA,NA,NA,NA,NA,NA,NA,NA,NA,NA,NA,NA,NA,NA,NA,NA,NA,NA,NA,NA,NA,NA,NA,NA,NA,NA,NA,NA,NA,NA,NA,NA,811,18,Woman,4,4,0,1,5,4,0,0,2,0,0,0,1,1
1020,NA,NA,NA,NA,NA,NA,NA,NA,NA,NA,NA,NA,NA,NA,NA,NA,NA,NA,NA,NA,NA,NA,NA,NA,NA,NA,NA,NA,NA,NA,NA,NA,NA,NA,NA,NA,NA,NA,NA,NA,NA,NA,NA,NA,NA,NA,NA,NA,NA,NA,NA,NA,NA,NA,NA,NA,NA,812,19,Woman,4,4,2,3,1,0,0,0,5,0,0,0,2,4
1021,NA,NA,NA,NA,NA,NA,NA,NA,NA,NA,NA,NA,NA,NA,NA,NA,NA,NA,NA,NA,NA,NA,NA,NA,NA,NA,NA,NA,NA,NA,NA,NA,NA,NA,NA,NA,NA,NA,NA,NA,NA,NA,NA,NA,NA,NA,NA,NA,NA,NA,NA,NA,NA,NA,NA,NA,NA,817,18,Man,1,1,0,2,2,1,0,0,1,0,4,0,2,2
1022,NA,NA,NA,NA,NA,NA,NA,NA,NA,NA,NA,NA,NA,NA,NA,NA,NA,NA,NA,NA,NA,NA,NA,NA,NA,NA,NA,NA,NA,NA,NA,NA,NA,NA,NA,NA,NA,NA,NA,NA,NA,NA,NA,NA,NA,NA,NA,NA,NA,NA,NA,NA,NA,NA,NA,NA,NA,818,19,Woman,4,2,1,2,1,4,2,1,2,0,0,0,1,3
1023,NA,NA,NA,NA,NA,NA,NA,NA,NA,NA,NA,NA,NA,NA,NA,NA,NA,NA,NA,NA,NA,NA,NA,NA,NA,NA,NA,NA,NA,NA,NA,NA,NA,NA,NA,NA,NA,NA,NA,NA,NA,NA,NA,NA,NA,NA,NA,NA,NA,NA,NA,NA,NA,NA,NA,NA,NA,819,19,Woman,2,0,0,1.5,3,1,0,0,0,0,0,0,1,2
1024,NA,NA,NA,NA,NA,NA,NA,NA,NA,NA,NA,NA,NA,NA,NA,NA,NA,NA,NA,NA,NA,NA,NA,NA,NA,NA,NA,NA,NA,NA,NA,NA,NA,NA,NA,NA,NA,NA,NA,NA,NA,NA,NA,NA,NA,NA,NA,NA,NA,NA,NA,NA,NA,NA,NA,NA,NA,821,20,Woman,4,4,0,0,4,3,0,0,1,0,3,0,0,0
1025,NA,NA,NA,NA,NA,NA,NA,NA,NA,NA,NA,NA,NA,NA,NA,NA,NA,NA,NA,NA,NA,NA,NA,NA,NA,NA,NA,NA,NA,NA,NA,NA,NA,NA,NA,NA,NA,NA,NA,NA,NA,NA,NA,NA,NA,NA,NA,NA,NA,NA,NA,NA,NA,NA,NA,NA,NA,822,18,Woman,1,1,3,3.5,0,0,2,0,0,0,2,0,4,3
1026,NA,NA,NA,NA,NA,NA,NA,NA,NA,NA,NA,NA,NA,NA,NA,NA,NA,NA,NA,NA,NA,NA,NA,NA,NA,NA,NA,NA,NA,NA,NA,NA,NA,NA,NA,NA,NA,NA,NA,NA,NA,NA,NA,NA,NA,NA,NA,NA,NA,NA,NA,NA,NA,NA,NA,NA,NA,827,18,Woman,5,4,1,1,3,4,0,0,1,0,0,3,0,2
1027,NA,NA,NA,NA,NA,NA,NA,NA,NA,NA,NA,NA,NA,NA,NA,NA,NA,NA,NA,NA,NA,NA,NA,NA,NA,NA,NA,NA,NA,NA,NA,NA,NA,NA,NA,NA,NA,NA,NA,NA,NA,NA,NA,NA,NA,NA,NA,NA,NA,NA,NA,NA,NA,NA,NA,NA,NA,828,19,Woman,3,4,0,1,3,1,0,0,0,0,0,4,1,1
1028,NA,NA,NA,NA,NA,NA,NA,NA,NA,NA,NA,NA,NA,NA,NA,NA,NA,NA,NA,NA,NA,NA,NA,NA,NA,NA,NA,NA,NA,NA,NA,NA,NA,NA,NA,NA,NA,NA,NA,NA,NA,NA,NA,NA,NA,NA,NA,NA,NA,NA,NA,NA,NA,NA,NA,NA,NA,832,18,Woman,3,2,4,3,5,3,2,0,2,2.45,3,2,4,2
1029,NA,NA,NA,NA,NA,NA,NA,NA,NA,NA,NA,NA,NA,NA,NA,NA,NA,NA,NA,NA,NA,NA,NA,NA,NA,NA,NA,NA,NA,NA,NA,NA,NA,NA,NA,NA,NA,NA,NA,NA,NA,NA,NA,NA,NA,NA,NA,NA,NA,NA,NA,NA,NA,NA,NA,NA,NA,837,28,Woman,5,4,4,3,4,4,0,0,1,0,0,0,3,3
1030,NA,NA,NA,NA,NA,NA,NA,NA,NA,NA,NA,NA,NA,NA,NA,NA,NA,NA,NA,NA,NA,NA,NA,NA,NA,NA,NA,NA,NA,NA,NA,NA,NA,NA,NA,NA,NA,NA,NA,NA,NA,NA,NA,NA,NA,NA,NA,NA,NA,NA,NA,NA,NA,NA,NA,NA,NA,842,18,Woman,5,4,0,2.5,3,3,0,0,0,0,3,0,1,4
1031,NA,NA,NA,NA,NA,NA,NA,NA,NA,NA,NA,NA,NA,NA,NA,NA,NA,NA,NA,NA,NA,NA,NA,NA,NA,NA,NA,NA,NA,NA,NA,NA,NA,NA,NA,NA,NA,NA,NA,NA,NA,NA,NA,NA,NA,NA,NA,NA,NA,NA,NA,NA,NA,NA,NA,NA,NA,845,18,Woman,4,2,0,2.5,1,0,0,0,0,0,3,0,4,1
1032,NA,NA,NA,NA,NA,NA,NA,NA,NA,NA,NA,NA,NA,NA,NA,NA,NA,NA,NA,NA,NA,NA,NA,NA,NA,NA,NA,NA,NA,NA,NA,NA,NA,NA,NA,NA,NA,NA,NA,NA,NA,NA,NA,NA,NA,NA,NA,NA,NA,NA,NA,NA,NA,NA,NA,NA,NA,846,18,Woman,3,3,0,1,2,2,0,0,0,0,4,0,1,1
1033,NA,NA,NA,NA,NA,NA,NA,NA,NA,NA,NA,NA,NA,NA,NA,NA,NA,NA,NA,NA,NA,NA,NA,NA,NA,NA,NA,NA,NA,NA,NA,NA,NA,NA,NA,NA,NA,NA,NA,NA,NA,NA,NA,NA,NA,NA,NA,NA,NA,NA,NA,NA,NA,NA,NA,NA,NA,847,19,Woman,4,4,0,1.5,4,4,0,0,3,1.41,1,2,2,1
1034,NA,NA,NA,NA,NA,NA,NA,NA,NA,NA,NA,NA,NA,NA,NA,NA,NA,NA,NA,NA,NA,NA,NA,NA,NA,NA,NA,NA,NA,NA,NA,NA,NA,NA,NA,NA,NA,NA,NA,NA,NA,NA,NA,NA,NA,NA,NA,NA,NA,NA,NA,NA,NA,NA,NA,NA,NA,854,19,Woman,4,4,0,0.5,3,3,0,0,2,2.83,2,4,1,0
1035,NA,NA,NA,NA,NA,NA,NA,NA,NA,NA,NA,NA,NA,NA,NA,NA,NA,NA,NA,NA,NA,NA,NA,NA,NA,NA,NA,NA,NA,NA,NA,NA,NA,NA,NA,NA,NA,NA,NA,NA,NA,NA,NA,NA,NA,NA,NA,NA,NA,NA,NA,NA,NA,NA,NA,NA,NA,858,18,Woman,5,1,0,3,4,2,3,0,2,2.45,2,3,3,3
1036,NA,NA,NA,NA,NA,NA,NA,NA,NA,NA,NA,NA,NA,NA,NA,NA,NA,NA,NA,NA,NA,NA,NA,NA,NA,NA,NA,NA,NA,NA,NA,NA,NA,NA,NA,NA,NA,NA,NA,NA,NA,NA,NA,NA,NA,NA,NA,NA,NA,NA,NA,NA,NA,NA,NA,NA,NA,859,18,Woman,4,2,3,2.5,4,2,0,0,2,2,1,4,3,2
1037,NA,NA,NA,NA,NA,NA,NA,NA,NA,NA,NA,NA,NA,NA,NA,NA,NA,NA,NA,NA,NA,NA,NA,NA,NA,NA,NA,NA,NA,NA,NA,NA,NA,NA,NA,NA,NA,NA,NA,NA,NA,NA,NA,NA,NA,NA,NA,NA,NA,NA,NA,NA,NA,NA,NA,NA,NA,860,19,Woman,5,3,1,1.5,4,1,0,0,3,0,0,0,0,3
1038,NA,NA,NA,NA,NA,NA,NA,NA,NA,NA,NA,NA,NA,NA,NA,NA,NA,NA,NA,NA,NA,NA,NA,NA,NA,NA,NA,NA,NA,NA,NA,NA,NA,NA,NA,NA,NA,NA,NA,NA,NA,NA,NA,NA,NA,NA,NA,NA,NA,NA,NA,NA,NA,NA,NA,NA,NA,862,18,Woman,3,3,0,5,4,2,0,0,3,0,0,5,5,5
1039,NA,NA,NA,NA,NA,NA,NA,NA,NA,NA,NA,NA,NA,NA,NA,NA,NA,NA,NA,NA,NA,NA,NA,NA,NA,NA,NA,NA,NA,NA,NA,NA,NA,NA,NA,NA,NA,NA,NA,NA,NA,NA,NA,NA,NA,NA,NA,NA,NA,NA,NA,NA,NA,NA,NA,NA,NA,867,20,Woman,3,2,4,3.5,5,3,0,0,4,0,0,5,3,4
1040,NA,NA,NA,NA,NA,NA,NA,NA,NA,NA,NA,NA,NA,NA,NA,NA,NA,NA,NA,NA,NA,NA,NA,NA,NA,NA,NA,NA,NA,NA,NA,NA,NA,NA,NA,NA,NA,NA,NA,NA,NA,NA,NA,NA,NA,NA,NA,NA,NA,NA,NA,NA,NA,NA,NA,NA,NA,869,18,Woman,4,4,0,1.5,4,1,0,0,2,1.41,2,1,1,2
1041,NA,NA,NA,NA,NA,NA,NA,NA,NA,NA,NA,NA,NA,NA,NA,NA,NA,NA,NA,NA,NA,NA,NA,NA,NA,NA,NA,NA,NA,NA,NA,NA,NA,NA,NA,NA,NA,NA,NA,NA,NA,NA,NA,NA,NA,NA,NA,NA,NA,NA,NA,NA,NA,NA,NA,NA,NA,876,18,Woman,5,5,1,3.5,5,2,0,0,0,0,0,0,4,3
1042,NA,NA,NA,NA,NA,NA,NA,NA,NA,NA,NA,NA,NA,NA,NA,NA,NA,NA,NA,NA,NA,NA,NA,NA,NA,NA,NA,NA,NA,NA,NA,NA,NA,NA,NA,NA,NA,NA,NA,NA,NA,NA,NA,NA,NA,NA,NA,NA,NA,NA,NA,NA,NA,NA,NA,NA,NA,878,19,Woman,3,2,0,0.5,1,3,0,0,5,0,0,5,1,0
1043,NA,NA,NA,NA,NA,NA,NA,NA,NA,NA,NA,NA,NA,NA,NA,NA,NA,NA,NA,NA,NA,NA,NA,NA,NA,NA,NA,NA,NA,NA,NA,NA,NA,NA,NA,NA,NA,NA,NA,NA,NA,NA,NA,NA,NA,NA,NA,NA,NA,NA,NA,NA,NA,NA,NA,NA,NA,885,18,Man,4,4,1,2,4,3,0,0,3,1.41,2,1,3,1
1044,NA,NA,NA,NA,NA,NA,NA,NA,NA,NA,NA,NA,NA,NA,NA,NA,NA,NA,NA,NA,NA,NA,NA,NA,NA,NA,NA,NA,NA,NA,NA,NA,NA,NA,NA,NA,NA,NA,NA,NA,NA,NA,NA,NA,NA,NA,NA,NA,NA,NA,NA,NA,NA,NA,NA,NA,NA,886,18,Woman,1,2,0,0.5,0,0,1,0,0,0,0,2,0,1
1045,NA,NA,NA,NA,NA,NA,NA,NA,NA,NA,NA,NA,NA,NA,NA,NA,NA,NA,NA,NA,NA,NA,NA,NA,NA,NA,NA,NA,NA,NA,NA,NA,NA,NA,NA,NA,NA,NA,NA,NA,NA,NA,NA,NA,NA,NA,NA,NA,NA,NA,NA,NA,NA,NA,NA,NA,NA,887,22,Woman,4,1,1,1,3,3,0,0,0,2.45,3,2,1,1
1046,NA,NA,NA,NA,NA,NA,NA,NA,NA,NA,NA,NA,NA,NA,NA,NA,NA,NA,NA,NA,NA,NA,NA,NA,NA,NA,NA,NA,NA,NA,NA,NA,NA,NA,NA,NA,NA,NA,NA,NA,NA,NA,NA,NA,NA,NA,NA,NA,NA,NA,NA,NA,NA,NA,NA,NA,NA,888,18,Woman,4,4,1,2.5,4,2,0,0,3,2.45,3,2,3,2
1047,NA,NA,NA,NA,NA,NA,NA,NA,NA,NA,NA,NA,NA,NA,NA,NA,NA,NA,NA,NA,NA,NA,NA,NA,NA,NA,NA,NA,NA,NA,NA,NA,NA,NA,NA,NA,NA,NA,NA,NA,NA,NA,NA,NA,NA,NA,NA,NA,NA,NA,NA,NA,NA,NA,NA,NA,NA,889,19,Woman,4,4,1,0,3,4,0,0,2,0,5,0,0,0
1048,NA,NA,NA,NA,NA,NA,NA,NA,NA,NA,NA,NA,NA,NA,NA,NA,NA,NA,NA,NA,NA,NA,NA,NA,NA,NA,NA,NA,NA,NA,NA,NA,NA,NA,NA,NA,NA,NA,NA,NA,NA,NA,NA,NA,NA,NA,NA,NA,NA,NA,NA,NA,NA,NA,NA,NA,NA,891,18,Woman,2,2,0,4,1,0,0,0,1,1.41,1,2,4,4
1049,NA,NA,NA,NA,NA,NA,NA,NA,NA,NA,NA,NA,NA,NA,NA,NA,NA,NA,NA,NA,NA,NA,NA,NA,NA,NA,NA,NA,NA,NA,NA,NA,NA,NA,NA,NA,NA,NA,NA,NA,NA,NA,NA,NA,NA,NA,NA,NA,NA,NA,NA,NA,NA,NA,NA,NA,NA,893,18,Woman,4,3,5,2.5,4,2,0,0,1,0,3,0,2,3
1050,NA,NA,NA,NA,NA,NA,NA,NA,NA,NA,NA,NA,NA,NA,NA,NA,NA,NA,NA,NA,NA,NA,NA,NA,NA,NA,NA,NA,NA,NA,NA,NA,NA,NA,NA,NA,NA,NA,NA,NA,NA,NA,NA,NA,NA,NA,NA,NA,NA,NA,NA,NA,NA,NA,NA,NA,NA,897,19,Woman,5,3,1,3,2,4,0,0,2,0,5,0,2,4
1051,NA,NA,NA,NA,NA,NA,NA,NA,NA,NA,NA,NA,NA,NA,NA,NA,NA,NA,NA,NA,NA,NA,NA,NA,NA,NA,NA,NA,NA,NA,NA,NA,NA,NA,NA,NA,NA,NA,NA,NA,NA,NA,NA,NA,NA,NA,NA,NA,NA,NA,NA,NA,NA,NA,NA,NA,NA,898,18,Woman,2,4,0,3,3,2,0,0,3,0,0,4,4,2
1052,NA,NA,NA,NA,NA,NA,NA,NA,NA,NA,NA,NA,NA,NA,NA,NA,NA,NA,NA,NA,NA,NA,NA,NA,NA,NA,NA,NA,NA,NA,NA,NA,NA,NA,NA,NA,NA,NA,NA,NA,NA,NA,NA,NA,NA,NA,NA,NA,NA,NA,NA,NA,NA,NA,NA,NA,NA,902,20,Man,5,5,2,2.5,5,4,3,0,4,2,2,2,2,3
1053,NA,NA,NA,NA,NA,NA,NA,NA,NA,NA,NA,NA,NA,NA,NA,NA,NA,NA,NA,NA,NA,NA,NA,NA,NA,NA,NA,NA,NA,NA,NA,NA,NA,NA,NA,NA,NA,NA,NA,NA,NA,NA,NA,NA,NA,NA,NA,NA,NA,NA,NA,NA,NA,NA,NA,NA,NA,905,18,Non-binary,4,3,2,3,3,2,0,0,4,2,1,4,2,4
1054,NA,NA,NA,NA,NA,NA,NA,NA,NA,NA,NA,NA,NA,NA,NA,NA,NA,NA,NA,NA,NA,NA,NA,NA,NA,NA,NA,NA,NA,NA,NA,NA,NA,NA,NA,NA,NA,NA,NA,NA,NA,NA,NA,NA,NA,NA,NA,NA,NA,NA,NA,NA,NA,NA,NA,NA,NA,907,19,Non-binary,4,1,4,2,5,1,2,0,1,1.73,3,1,1,3
1055,NA,NA,NA,NA,NA,NA,NA,NA,NA,NA,NA,NA,NA,NA,NA,NA,NA,NA,NA,NA,NA,NA,NA,NA,NA,NA,NA,NA,NA,NA,NA,NA,NA,NA,NA,NA,NA,NA,NA,NA,NA,NA,NA,NA,NA,NA,NA,NA,NA,NA,NA,NA,NA,NA,NA,NA,NA,909,27,Man,1,0,0,1,0,0,0,0,3,1,1,1,1,1
1056,NA,NA,NA,NA,NA,NA,NA,NA,NA,NA,NA,NA,NA,NA,NA,NA,NA,NA,NA,NA,NA,NA,NA,NA,NA,NA,NA,NA,NA,NA,NA,NA,NA,NA,NA,NA,NA,NA,NA,NA,NA,NA,NA,NA,NA,NA,NA,NA,NA,NA,NA,NA,NA,NA,NA,NA,NA,910,23,Man,4,4,1,5,3,3,2,0,1,0,0,0,5,5
1057,NA,NA,NA,NA,NA,NA,NA,NA,NA,NA,NA,NA,NA,NA,NA,NA,NA,NA,NA,NA,NA,NA,NA,NA,NA,NA,NA,NA,NA,NA,NA,NA,NA,NA,NA,NA,NA,NA,NA,NA,NA,NA,NA,NA,NA,NA,NA,NA,NA,NA,NA,NA,NA,NA,NA,NA,NA,1,27,Man,2,3,1,1,2,0,0,0,0,0,1,0,2,0
1058,NA,NA,NA,NA,NA,NA,NA,NA,NA,NA,NA,NA,NA,NA,NA,NA,NA,NA,NA,NA,NA,NA,NA,NA,NA,NA,NA,NA,NA,NA,NA,NA,NA,NA,NA,NA,NA,NA,NA,NA,NA,NA,NA,NA,NA,NA,NA,NA,NA,NA,NA,NA,NA,NA,NA,NA,NA,3,19,Woman,2,2,1,0,3,3,1,0,0,0,5,0,0,0
1059,NA,NA,NA,NA,NA,NA,NA,NA,NA,NA,NA,NA,NA,NA,NA,NA,NA,NA,NA,NA,NA,NA,NA,NA,NA,NA,NA,NA,NA,NA,NA,NA,NA,NA,NA,NA,NA,NA,NA,NA,NA,NA,NA,NA,NA,NA,NA,NA,NA,NA,NA,NA,NA,NA,NA,NA,NA,6,18,Man,3,2,3,3.5,3,1,0,0,0,0,5,0,4,3
1060,NA,NA,NA,NA,NA,NA,NA,NA,NA,NA,NA,NA,NA,NA,NA,NA,NA,NA,NA,NA,NA,NA,NA,NA,NA,NA,NA,NA,NA,NA,NA,NA,NA,NA,NA,NA,NA,NA,NA,NA,NA,NA,NA,NA,NA,NA,NA,NA,NA,NA,NA,NA,NA,NA,NA,NA,NA,9,18,Woman,3,4,4,2.5,2,3,1,0,2,2.236067977,5,1,3,2
1061,NA,NA,NA,NA,NA,NA,NA,NA,NA,NA,NA,NA,NA,NA,NA,NA,NA,NA,NA,NA,NA,NA,NA,NA,NA,NA,NA,NA,NA,NA,NA,NA,NA,NA,NA,NA,NA,NA,NA,NA,NA,NA,NA,NA,NA,NA,NA,NA,NA,NA,NA,NA,NA,NA,NA,NA,NA,10,19,Man,4,1,1,3,4,3,0,0,1,0,0,4,1,5
1062,NA,NA,NA,NA,NA,NA,NA,NA,NA,NA,NA,NA,NA,NA,NA,NA,NA,NA,NA,NA,NA,NA,NA,NA,NA,NA,NA,NA,NA,NA,NA,NA,NA,NA,NA,NA,NA,NA,NA,NA,NA,NA,NA,NA,NA,NA,NA,NA,NA,NA,NA,NA,NA,NA,NA,NA,NA,13,19,Woman,5,4,3,1.5,5,5,0,0,3,3.16227766,5,2,2,1
1063,NA,NA,NA,NA,NA,NA,NA,NA,NA,NA,NA,NA,NA,NA,NA,NA,NA,NA,NA,NA,NA,NA,NA,NA,NA,NA,NA,NA,NA,NA,NA,NA,NA,NA,NA,NA,NA,NA,NA,NA,NA,NA,NA,NA,NA,NA,NA,NA,NA,NA,NA,NA,NA,NA,NA,NA,NA,14,20,Woman,3,0,0,1.5,3,0,0,0,2,0,0,3,0,3
1064,NA,NA,NA,NA,NA,NA,NA,NA,NA,NA,NA,NA,NA,NA,NA,NA,NA,NA,NA,NA,NA,NA,NA,NA,NA,NA,NA,NA,NA,NA,NA,NA,NA,NA,NA,NA,NA,NA,NA,NA,NA,NA,NA,NA,NA,NA,NA,NA,NA,NA,NA,NA,NA,NA,NA,NA,NA,15,18,Woman,4,3,2,3.5,5,3,0,0,0,0,0,5,3,4
1065,NA,NA,NA,NA,NA,NA,NA,NA,NA,NA,NA,NA,NA,NA,NA,NA,NA,NA,NA,NA,NA,NA,NA,NA,NA,NA,NA,NA,NA,NA,NA,NA,NA,NA,NA,NA,NA,NA,NA,NA,NA,NA,NA,NA,NA,NA,NA,NA,NA,NA,NA,NA,NA,NA,NA,NA,NA,16,19,Woman,5,4,0,0,2,1,1,0,1,0,5,0,0,0
1066,NA,NA,NA,NA,NA,NA,NA,NA,NA,NA,NA,NA,NA,NA,NA,NA,NA,NA,NA,NA,NA,NA,NA,NA,NA,NA,NA,NA,NA,NA,NA,NA,NA,NA,NA,NA,NA,NA,NA,NA,NA,NA,NA,NA,NA,NA,NA,NA,NA,NA,NA,NA,NA,NA,NA,NA,NA,17,19,Woman,1,0,2,2.5,0,0,0,0,0,3.16227766,2,5,4,1
1067,NA,NA,NA,NA,NA,NA,NA,NA,NA,NA,NA,NA,NA,NA,NA,NA,NA,NA,NA,NA,NA,NA,NA,NA,NA,NA,NA,NA,NA,NA,NA,NA,NA,NA,NA,NA,NA,NA,NA,NA,NA,NA,NA,NA,NA,NA,NA,NA,NA,NA,NA,NA,NA,NA,NA,NA,NA,21,18,Woman,4,5,0,0.5,0,0,0,0,0,0,5,0,0,1
1068,NA,NA,NA,NA,NA,NA,NA,NA,NA,NA,NA,NA,NA,NA,NA,NA,NA,NA,NA,NA,NA,NA,NA,NA,NA,NA,NA,NA,NA,NA,NA,NA,NA,NA,NA,NA,NA,NA,NA,NA,NA,NA,NA,NA,NA,NA,NA,NA,NA,NA,NA,NA,NA,NA,NA,NA,NA,22,18,Man,4,4,2,1,3,3,0,0,0,0,1,0,1,1
1069,NA,NA,NA,NA,NA,NA,NA,NA,NA,NA,NA,NA,NA,NA,NA,NA,NA,NA,NA,NA,NA,NA,NA,NA,NA,NA,NA,NA,NA,NA,NA,NA,NA,NA,NA,NA,NA,NA,NA,NA,NA,NA,NA,NA,NA,NA,NA,NA,NA,NA,NA,NA,NA,NA,NA,NA,NA,24,18,Woman,4,4,1,2,4,2,0,0,0,0,5,0,2,2
1070,NA,NA,NA,NA,NA,NA,NA,NA,NA,NA,NA,NA,NA,NA,NA,NA,NA,NA,NA,NA,NA,NA,NA,NA,NA,NA,NA,NA,NA,NA,NA,NA,NA,NA,NA,NA,NA,NA,NA,NA,NA,NA,NA,NA,NA,NA,NA,NA,NA,NA,NA,NA,NA,NA,NA,NA,NA,25,18,Woman,2,4,3,1.5,5,4,0,0,0,0,3,0,1,2
1071,NA,NA,NA,NA,NA,NA,NA,NA,NA,NA,NA,NA,NA,NA,NA,NA,NA,NA,NA,NA,NA,NA,NA,NA,NA,NA,NA,NA,NA,NA,NA,NA,NA,NA,NA,NA,NA,NA,NA,NA,NA,NA,NA,NA,NA,NA,NA,NA,NA,NA,NA,NA,NA,NA,NA,NA,NA,26,22,Man,5,1,0,2,1,1,0,0,2,0,5,0,1,3
1072,NA,NA,NA,NA,NA,NA,NA,NA,NA,NA,NA,NA,NA,NA,NA,NA,NA,NA,NA,NA,NA,NA,NA,NA,NA,NA,NA,NA,NA,NA,NA,NA,NA,NA,NA,NA,NA,NA,NA,NA,NA,NA,NA,NA,NA,NA,NA,NA,NA,NA,NA,NA,NA,NA,NA,NA,NA,30,18,Woman,5,5,0,2.5,4,2,0,0,1,1.732050808,3,1,3,2
1073,NA,NA,NA,NA,NA,NA,NA,NA,NA,NA,NA,NA,NA,NA,NA,NA,NA,NA,NA,NA,NA,NA,NA,NA,NA,NA,NA,NA,NA,NA,NA,NA,NA,NA,NA,NA,NA,NA,NA,NA,NA,NA,NA,NA,NA,NA,NA,NA,NA,NA,NA,NA,NA,NA,NA,NA,NA,31,18,Woman,5,5,1,1.5,3,4,0,0,1,0,5,0,2,1
1074,NA,NA,NA,NA,NA,NA,NA,NA,NA,NA,NA,NA,NA,NA,NA,NA,NA,NA,NA,NA,NA,NA,NA,NA,NA,NA,NA,NA,NA,NA,NA,NA,NA,NA,NA,NA,NA,NA,NA,NA,NA,NA,NA,NA,NA,NA,NA,NA,NA,NA,NA,NA,NA,NA,NA,NA,NA,32,18,Woman,4,2,1,0,3,3,0,0,2,0,0,5,0,0
1075,NA,NA,NA,NA,NA,NA,NA,NA,NA,NA,NA,NA,NA,NA,NA,NA,NA,NA,NA,NA,NA,NA,NA,NA,NA,NA,NA,NA,NA,NA,NA,NA,NA,NA,NA,NA,NA,NA,NA,NA,NA,NA,NA,NA,NA,NA,NA,NA,NA,NA,NA,NA,NA,NA,NA,NA,NA,36,19,Woman,3,4,1,3.5,5,3,2,2,2,4.472135955,4,5,2,5
1076,NA,NA,NA,NA,NA,NA,NA,NA,NA,NA,NA,NA,NA,NA,NA,NA,NA,NA,NA,NA,NA,NA,NA,NA,NA,NA,NA,NA,NA,NA,NA,NA,NA,NA,NA,NA,NA,NA,NA,NA,NA,NA,NA,NA,NA,NA,NA,NA,NA,NA,NA,NA,NA,NA,NA,NA,NA,37,23,Man,4,2,0,0,0,0,0,0,2,0,4,0,0,0
1077,NA,NA,NA,NA,NA,NA,NA,NA,NA,NA,NA,NA,NA,NA,NA,NA,NA,NA,NA,NA,NA,NA,NA,NA,NA,NA,NA,NA,NA,NA,NA,NA,NA,NA,NA,NA,NA,NA,NA,NA,NA,NA,NA,NA,NA,NA,NA,NA,NA,NA,NA,NA,NA,NA,NA,NA,NA,38,20,Man,0,0,0,0,0,0,0,0,0,0,0,0,0,0
1078,NA,NA,NA,NA,NA,NA,NA,NA,NA,NA,NA,NA,NA,NA,NA,NA,NA,NA,NA,NA,NA,NA,NA,NA,NA,NA,NA,NA,NA,NA,NA,NA,NA,NA,NA,NA,NA,NA,NA,NA,NA,NA,NA,NA,NA,NA,NA,NA,NA,NA,NA,NA,NA,NA,NA,NA,NA,40,20,Non-binary,4,3,3,1.5,4,5,0,0,0,0,3,0,1,2
1079,NA,NA,NA,NA,NA,NA,NA,NA,NA,NA,NA,NA,NA,NA,NA,NA,NA,NA,NA,NA,NA,NA,NA,NA,NA,NA,NA,NA,NA,NA,NA,NA,NA,NA,NA,NA,NA,NA,NA,NA,NA,NA,NA,NA,NA,NA,NA,NA,NA,NA,NA,NA,NA,NA,NA,NA,NA,47,18,Woman,3,1,0,2,3,0,0,0,2,2,2,2,3,1
1080,NA,NA,NA,NA,NA,NA,NA,NA,NA,NA,NA,NA,NA,NA,NA,NA,NA,NA,NA,NA,NA,NA,NA,NA,NA,NA,NA,NA,NA,NA,NA,NA,NA,NA,NA,NA,NA,NA,NA,NA,NA,NA,NA,NA,NA,NA,NA,NA,NA,NA,NA,NA,NA,NA,NA,NA,NA,49,19,Woman,3,2,4,4,4,2,0,0,3,0,0,5,3,5
1081,NA,NA,NA,NA,NA,NA,NA,NA,NA,NA,NA,NA,NA,NA,NA,NA,NA,NA,NA,NA,NA,NA,NA,NA,NA,NA,NA,NA,NA,NA,NA,NA,NA,NA,NA,NA,NA,NA,NA,NA,NA,NA,NA,NA,NA,NA,NA,NA,NA,NA,NA,NA,NA,NA,NA,NA,NA,51,20,Woman,3,1,0,0,2,1,0,0,0,4.472135955,4,5,0,0
1082,NA,NA,NA,NA,NA,NA,NA,NA,NA,NA,NA,NA,NA,NA,NA,NA,NA,NA,NA,NA,NA,NA,NA,NA,NA,NA,NA,NA,NA,NA,NA,NA,NA,NA,NA,NA,NA,NA,NA,NA,NA,NA,NA,NA,NA,NA,NA,NA,NA,NA,NA,NA,NA,NA,NA,NA,NA,54,18,Woman,5,3,2,2,5,2,0,0,3,0,5,0,1,3
1083,NA,NA,NA,NA,NA,NA,NA,NA,NA,NA,NA,NA,NA,NA,NA,NA,NA,NA,NA,NA,NA,NA,NA,NA,NA,NA,NA,NA,NA,NA,NA,NA,NA,NA,NA,NA,NA,NA,NA,NA,NA,NA,NA,NA,NA,NA,NA,NA,NA,NA,NA,NA,NA,NA,NA,NA,NA,60,18,Woman,4,4,0,0,1,3,0,5,0,0,0,5,0,0
1084,NA,NA,NA,NA,NA,NA,NA,NA,NA,NA,NA,NA,NA,NA,NA,NA,NA,NA,NA,NA,NA,NA,NA,NA,NA,NA,NA,NA,NA,NA,NA,NA,NA,NA,NA,NA,NA,NA,NA,NA,NA,NA,NA,NA,NA,NA,NA,NA,NA,NA,NA,NA,NA,NA,NA,NA,NA,64,18,Woman,5,5,2,3.5,4,3,0,0,2,0,0,5,4,3
1085,NA,NA,NA,NA,NA,NA,NA,NA,NA,NA,NA,NA,NA,NA,NA,NA,NA,NA,NA,NA,NA,NA,NA,NA,NA,NA,NA,NA,NA,NA,NA,NA,NA,NA,NA,NA,NA,NA,NA,NA,NA,NA,NA,NA,NA,NA,NA,NA,NA,NA,NA,NA,NA,NA,NA,NA,NA,66,18,Woman,4,3,0,0,1,1,0,0,1,0,2,0,0,0
1086,NA,NA,NA,NA,NA,NA,NA,NA,NA,NA,NA,NA,NA,NA,NA,NA,NA,NA,NA,NA,NA,NA,NA,NA,NA,NA,NA,NA,NA,NA,NA,NA,NA,NA,NA,NA,NA,NA,NA,NA,NA,NA,NA,NA,NA,NA,NA,NA,NA,NA,NA,NA,NA,NA,NA,NA,NA,67,18,Woman,3,1,1,1,3,3,0,0,0,0,3,0,2,0
1087,NA,NA,NA,NA,NA,NA,NA,NA,NA,NA,NA,NA,NA,NA,NA,NA,NA,NA,NA,NA,NA,NA,NA,NA,NA,NA,NA,NA,NA,NA,NA,NA,NA,NA,NA,NA,NA,NA,NA,NA,NA,NA,NA,NA,NA,NA,NA,NA,NA,NA,NA,NA,NA,NA,NA,NA,NA,69,18,Man,5,1,2,1,4,4,2,0,1,3,3,3,1,1
1088,NA,NA,NA,NA,NA,NA,NA,NA,NA,NA,NA,NA,NA,NA,NA,NA,NA,NA,NA,NA,NA,NA,NA,NA,NA,NA,NA,NA,NA,NA,NA,NA,NA,NA,NA,NA,NA,NA,NA,NA,NA,NA,NA,NA,NA,NA,NA,NA,NA,NA,NA,NA,NA,NA,NA,NA,NA,74,20,Other/prefer not to say,4,2,3,3.5,5,3,1,0,3,0,0,5,3,4
1089,NA,NA,NA,NA,NA,NA,NA,NA,NA,NA,NA,NA,NA,NA,NA,NA,NA,NA,NA,NA,NA,NA,NA,NA,NA,NA,NA,NA,NA,NA,NA,NA,NA,NA,NA,NA,NA,NA,NA,NA,NA,NA,NA,NA,NA,NA,NA,NA,NA,NA,NA,NA,NA,NA,NA,NA,NA,76,19,Woman,5,4,0,4,0,1,0,0,2,2.828427125,4,2,5,3
1090,NA,NA,NA,NA,NA,NA,NA,NA,NA,NA,NA,NA,NA,NA,NA,NA,NA,NA,NA,NA,NA,NA,NA,NA,NA,NA,NA,NA,NA,NA,NA,NA,NA,NA,NA,NA,NA,NA,NA,NA,NA,NA,NA,NA,NA,NA,NA,NA,NA,NA,NA,NA,NA,NA,NA,NA,NA,78,30,Woman,4,4,0,0,4,0,0,0,1,0,0,0,0,0
1091,NA,NA,NA,NA,NA,NA,NA,NA,NA,NA,NA,NA,NA,NA,NA,NA,NA,NA,NA,NA,NA,NA,NA,NA,NA,NA,NA,NA,NA,NA,NA,NA,NA,NA,NA,NA,NA,NA,NA,NA,NA,NA,NA,NA,NA,NA,NA,NA,NA,NA,NA,NA,NA,NA,NA,NA,NA,81,18,Woman,2,3,1,0.5,2,2,0,0,4,0,0,3,1,0
1092,NA,NA,NA,NA,NA,NA,NA,NA,NA,NA,NA,NA,NA,NA,NA,NA,NA,NA,NA,NA,NA,NA,NA,NA,NA,NA,NA,NA,NA,NA,NA,NA,NA,NA,NA,NA,NA,NA,NA,NA,NA,NA,NA,NA,NA,NA,NA,NA,NA,NA,NA,NA,NA,NA,NA,NA,NA,87,18,Woman,2,4,0,1,0,1,0,0,0,0,4,0,0,2
1093,NA,NA,NA,NA,NA,NA,NA,NA,NA,NA,NA,NA,NA,NA,NA,NA,NA,NA,NA,NA,NA,NA,NA,NA,NA,NA,NA,NA,NA,NA,NA,NA,NA,NA,NA,NA,NA,NA,NA,NA,NA,NA,NA,NA,NA,NA,NA,NA,NA,NA,NA,NA,NA,NA,NA,NA,NA,95,19,Non-binary,4,3,4,0,2,2,4,0,0,0,0,3,0,0
1094,NA,NA,NA,NA,NA,NA,NA,NA,NA,NA,NA,NA,NA,NA,NA,NA,NA,NA,NA,NA,NA,NA,NA,NA,NA,NA,NA,NA,NA,NA,NA,NA,NA,NA,NA,NA,NA,NA,NA,NA,NA,NA,NA,NA,NA,NA,NA,NA,NA,NA,NA,NA,NA,NA,NA,NA,NA,98,20,Non-binary,4,5,3,2.5,3,3,0,0,0,0,5,0,1,4
1095,NA,NA,NA,NA,NA,NA,NA,NA,NA,NA,NA,NA,NA,NA,NA,NA,NA,NA,NA,NA,NA,NA,NA,NA,NA,NA,NA,NA,NA,NA,NA,NA,NA,NA,NA,NA,NA,NA,NA,NA,NA,NA,NA,NA,NA,NA,NA,NA,NA,NA,NA,NA,NA,NA,NA,NA,NA,99,18,Man,4,3,0,0.5,2,1,0,0,0,0,0,0,1,0
1096,NA,NA,NA,NA,NA,NA,NA,NA,NA,NA,NA,NA,NA,NA,NA,NA,NA,NA,NA,NA,NA,NA,NA,NA,NA,NA,NA,NA,NA,NA,NA,NA,NA,NA,NA,NA,NA,NA,NA,NA,NA,NA,NA,NA,NA,NA,NA,NA,NA,NA,NA,NA,NA,NA,NA,NA,NA,101,18,Woman,4,3,0,2.5,4,2,2,0,2,0,0,1,0,5
1097,NA,NA,NA,NA,NA,NA,NA,NA,NA,NA,NA,NA,NA,NA,NA,NA,NA,NA,NA,NA,NA,NA,NA,NA,NA,NA,NA,NA,NA,NA,NA,NA,NA,NA,NA,NA,NA,NA,NA,NA,NA,NA,NA,NA,NA,NA,NA,NA,NA,NA,NA,NA,NA,NA,NA,NA,NA,102,19,Woman,5,4,0,2,4,2,0,0,3,0,0,5,2,2
1098,NA,NA,NA,NA,NA,NA,NA,NA,NA,NA,NA,NA,NA,NA,NA,NA,NA,NA,NA,NA,NA,NA,NA,NA,NA,NA,NA,NA,NA,NA,NA,NA,NA,NA,NA,NA,NA,NA,NA,NA,NA,NA,NA,NA,NA,NA,NA,NA,NA,NA,NA,NA,NA,NA,NA,NA,NA,103,18,Man,4,4,1,1.5,4,1,0,0,3,0,0,5,1,2
1099,NA,NA,NA,NA,NA,NA,NA,NA,NA,NA,NA,NA,NA,NA,NA,NA,NA,NA,NA,NA,NA,NA,NA,NA,NA,NA,NA,NA,NA,NA,NA,NA,NA,NA,NA,NA,NA,NA,NA,NA,NA,NA,NA,NA,NA,NA,NA,NA,NA,NA,NA,NA,NA,NA,NA,NA,NA,105,18,Woman,4,2,0,1,4,1,2,0,2,0,5,0,2,0
1100,NA,NA,NA,NA,NA,NA,NA,NA,NA,NA,NA,NA,NA,NA,NA,NA,NA,NA,NA,NA,NA,NA,NA,NA,NA,NA,NA,NA,NA,NA,NA,NA,NA,NA,NA,NA,NA,NA,NA,NA,NA,NA,NA,NA,NA,NA,NA,NA,NA,NA,NA,NA,NA,NA,NA,NA,NA,110,19,Woman,4,4,0,0,3,5,0,0,0,1.414213562,2,1,0,0
1101,NA,NA,NA,NA,NA,NA,NA,NA,NA,NA,NA,NA,NA,NA,NA,NA,NA,NA,NA,NA,NA,NA,NA,NA,NA,NA,NA,NA,NA,NA,NA,NA,NA,NA,NA,NA,NA,NA,NA,NA,NA,NA,NA,NA,NA,NA,NA,NA,NA,NA,NA,NA,NA,NA,NA,NA,NA,114,18,Woman,2,4,3,2,3,3,0,0,1,0,5,0,0,4
1102,NA,NA,NA,NA,NA,NA,NA,NA,NA,NA,NA,NA,NA,NA,NA,NA,NA,NA,NA,NA,NA,NA,NA,NA,NA,NA,NA,NA,NA,NA,NA,NA,NA,NA,NA,NA,NA,NA,NA,NA,NA,NA,NA,NA,NA,NA,NA,NA,NA,NA,NA,NA,NA,NA,NA,NA,NA,115,18,Woman,2,1,0,1.5,2,1,0,0,1,0,4,0,1,2
1103,NA,NA,NA,NA,NA,NA,NA,NA,NA,NA,NA,NA,NA,NA,NA,NA,NA,NA,NA,NA,NA,NA,NA,NA,NA,NA,NA,NA,NA,NA,NA,NA,NA,NA,NA,NA,NA,NA,NA,NA,NA,NA,NA,NA,NA,NA,NA,NA,NA,NA,NA,NA,NA,NA,NA,NA,NA,116,19,Woman,4,4,4,0,1,1,0,0,3,0,5,0,0,0
1104,NA,NA,NA,NA,NA,NA,NA,NA,NA,NA,NA,NA,NA,NA,NA,NA,NA,NA,NA,NA,NA,NA,NA,NA,NA,NA,NA,NA,NA,NA,NA,NA,NA,NA,NA,NA,NA,NA,NA,NA,NA,NA,NA,NA,NA,NA,NA,NA,NA,NA,NA,NA,NA,NA,NA,NA,NA,121,27,Woman,4,3,4,3,3,3,1,0,1,2,4,1,3,3
1105,NA,NA,NA,NA,NA,NA,NA,NA,NA,NA,NA,NA,NA,NA,NA,NA,NA,NA,NA,NA,NA,NA,NA,NA,NA,NA,NA,NA,NA,NA,NA,NA,NA,NA,NA,NA,NA,NA,NA,NA,NA,NA,NA,NA,NA,NA,NA,NA,NA,NA,NA,NA,NA,NA,NA,NA,NA,122,20,Woman,3,5,1,4.5,5,2,0,0,4,1.414213562,2,1,5,4
1106,NA,NA,NA,NA,NA,NA,NA,NA,NA,NA,NA,NA,NA,NA,NA,NA,NA,NA,NA,NA,NA,NA,NA,NA,NA,NA,NA,NA,NA,NA,NA,NA,NA,NA,NA,NA,NA,NA,NA,NA,NA,NA,NA,NA,NA,NA,NA,NA,NA,NA,NA,NA,NA,NA,NA,NA,NA,130,18,Man,2,3,2,0.5,2,0,0,0,0,0,5,0,0,1
1107,NA,NA,NA,NA,NA,NA,NA,NA,NA,NA,NA,NA,NA,NA,NA,NA,NA,NA,NA,NA,NA,NA,NA,NA,NA,NA,NA,NA,NA,NA,NA,NA,NA,NA,NA,NA,NA,NA,NA,NA,NA,NA,NA,NA,NA,NA,NA,NA,NA,NA,NA,NA,NA,NA,NA,NA,NA,131,18,Woman,4,5,3,3,4,1,0,0,5,0,5,0,2,4
1108,NA,NA,NA,NA,NA,NA,NA,NA,NA,NA,NA,NA,NA,NA,NA,NA,NA,NA,NA,NA,NA,NA,NA,NA,NA,NA,NA,NA,NA,NA,NA,NA,NA,NA,NA,NA,NA,NA,NA,NA,NA,NA,NA,NA,NA,NA,NA,NA,NA,NA,NA,NA,NA,NA,NA,NA,NA,137,19,Man,4,3,3,1,4,2,0,0,2,0,5,0,0,2
1109,NA,NA,NA,NA,NA,NA,NA,NA,NA,NA,NA,NA,NA,NA,NA,NA,NA,NA,NA,NA,NA,NA,NA,NA,NA,NA,NA,NA,NA,NA,NA,NA,NA,NA,NA,NA,NA,NA,NA,NA,NA,NA,NA,NA,NA,NA,NA,NA,NA,NA,NA,NA,NA,NA,NA,NA,NA,138,18,Woman,5,3,0,0.5,2,0,0,0,4,2.236067977,5,1,0,1
1110,NA,NA,NA,NA,NA,NA,NA,NA,NA,NA,NA,NA,NA,NA,NA,NA,NA,NA,NA,NA,NA,NA,NA,NA,NA,NA,NA,NA,NA,NA,NA,NA,NA,NA,NA,NA,NA,NA,NA,NA,NA,NA,NA,NA,NA,NA,NA,NA,NA,NA,NA,NA,NA,NA,NA,NA,NA,139,18,Woman,5,5,2,3.5,5,4,0,0,1,0,0,5,3,4
1111,NA,NA,NA,NA,NA,NA,NA,NA,NA,NA,NA,NA,NA,NA,NA,NA,NA,NA,NA,NA,NA,NA,NA,NA,NA,NA,NA,NA,NA,NA,NA,NA,NA,NA,NA,NA,NA,NA,NA,NA,NA,NA,NA,NA,NA,NA,NA,NA,NA,NA,NA,NA,NA,NA,NA,NA,NA,141,18,Woman,5,2,1,0,4,0,0,0,0,0,5,0,0,0
1112,NA,NA,NA,NA,NA,NA,NA,NA,NA,NA,NA,NA,NA,NA,NA,NA,NA,NA,NA,NA,NA,NA,NA,NA,NA,NA,NA,NA,NA,NA,NA,NA,NA,NA,NA,NA,NA,NA,NA,NA,NA,NA,NA,NA,NA,NA,NA,NA,NA,NA,NA,NA,NA,NA,NA,NA,NA,145,18,Man,1,2,0,1,0,3,0,0,3,0,0,0,0,2
1113,NA,NA,NA,NA,NA,NA,NA,NA,NA,NA,NA,NA,NA,NA,NA,NA,NA,NA,NA,NA,NA,NA,NA,NA,NA,NA,NA,NA,NA,NA,NA,NA,NA,NA,NA,NA,NA,NA,NA,NA,NA,NA,NA,NA,NA,NA,NA,NA,NA,NA,NA,NA,NA,NA,NA,NA,NA,146,18,Woman,5,4,0,0,3,1,0,0,4,3,3,3,0,0
1114,NA,NA,NA,NA,NA,NA,NA,NA,NA,NA,NA,NA,NA,NA,NA,NA,NA,NA,NA,NA,NA,NA,NA,NA,NA,NA,NA,NA,NA,NA,NA,NA,NA,NA,NA,NA,NA,NA,NA,NA,NA,NA,NA,NA,NA,NA,NA,NA,NA,NA,NA,NA,NA,NA,NA,NA,NA,147,18,Woman,4,3,1,3.5,3,2,0,1,1,0,1,0,3,4
1115,NA,NA,NA,NA,NA,NA,NA,NA,NA,NA,NA,NA,NA,NA,NA,NA,NA,NA,NA,NA,NA,NA,NA,NA,NA,NA,NA,NA,NA,NA,NA,NA,NA,NA,NA,NA,NA,NA,NA,NA,NA,NA,NA,NA,NA,NA,NA,NA,NA,NA,NA,NA,NA,NA,NA,NA,NA,152,20,Man,3,2,4,3.5,4,2,0,0,1,0,0,5,4,3
1116,NA,NA,NA,NA,NA,NA,NA,NA,NA,NA,NA,NA,NA,NA,NA,NA,NA,NA,NA,NA,NA,NA,NA,NA,NA,NA,NA,NA,NA,NA,NA,NA,NA,NA,NA,NA,NA,NA,NA,NA,NA,NA,NA,NA,NA,NA,NA,NA,NA,NA,NA,NA,NA,NA,NA,NA,NA,153,20,Woman,4,5,3,2,5,5,0,1,2,5,5,5,1,3
1117,NA,NA,NA,NA,NA,NA,NA,NA,NA,NA,NA,NA,NA,NA,NA,NA,NA,NA,NA,NA,NA,NA,NA,NA,NA,NA,NA,NA,NA,NA,NA,NA,NA,NA,NA,NA,NA,NA,NA,NA,NA,NA,NA,NA,NA,NA,NA,NA,NA,NA,NA,NA,NA,NA,NA,NA,NA,155,18,Woman,4,3,1,4,2,3,0,0,3,3,3,3,4,4
1118,NA,NA,NA,NA,NA,NA,NA,NA,NA,NA,NA,NA,NA,NA,NA,NA,NA,NA,NA,NA,NA,NA,NA,NA,NA,NA,NA,NA,NA,NA,NA,NA,NA,NA,NA,NA,NA,NA,NA,NA,NA,NA,NA,NA,NA,NA,NA,NA,NA,NA,NA,NA,NA,NA,NA,NA,NA,159,18,Man,4,1,1,3.5,2,4,0,0,3,2,1,4,5,2
1119,NA,NA,NA,NA,NA,NA,NA,NA,NA,NA,NA,NA,NA,NA,NA,NA,NA,NA,NA,NA,NA,NA,NA,NA,NA,NA,NA,NA,NA,NA,NA,NA,NA,NA,NA,NA,NA,NA,NA,NA,NA,NA,NA,NA,NA,NA,NA,NA,NA,NA,NA,NA,NA,NA,NA,NA,NA,161,19,Woman,2,3,3,2,4,0,0,0,4,0,0,5,1,3
1120,NA,NA,NA,NA,NA,NA,NA,NA,NA,NA,NA,NA,NA,NA,NA,NA,NA,NA,NA,NA,NA,NA,NA,NA,NA,NA,NA,NA,NA,NA,NA,NA,NA,NA,NA,NA,NA,NA,NA,NA,NA,NA,NA,NA,NA,NA,NA,NA,NA,NA,NA,NA,NA,NA,NA,NA,NA,165,20,Woman,3,3,1,1.5,3,4,1,5,3,0,0,5,0,3
1121,NA,NA,NA,NA,NA,NA,NA,NA,NA,NA,NA,NA,NA,NA,NA,NA,NA,NA,NA,NA,NA,NA,NA,NA,NA,NA,NA,NA,NA,NA,NA,NA,NA,NA,NA,NA,NA,NA,NA,NA,NA,NA,NA,NA,NA,NA,NA,NA,NA,NA,NA,NA,NA,NA,NA,NA,NA,168,18,Woman,5,5,5,4.5,3,2,3,0,4,3.16227766,5,2,4,5
1122,NA,NA,NA,NA,NA,NA,NA,NA,NA,NA,NA,NA,NA,NA,NA,NA,NA,NA,NA,NA,NA,NA,NA,NA,NA,NA,NA,NA,NA,NA,NA,NA,NA,NA,NA,NA,NA,NA,NA,NA,NA,NA,NA,NA,NA,NA,NA,NA,NA,NA,NA,NA,NA,NA,NA,NA,NA,169,18,Woman,2,3,0,0,2,2,0,0,3,0,0,1,0,0
1123,NA,NA,NA,NA,NA,NA,NA,NA,NA,NA,NA,NA,NA,NA,NA,NA,NA,NA,NA,NA,NA,NA,NA,NA,NA,NA,NA,NA,NA,NA,NA,NA,NA,NA,NA,NA,NA,NA,NA,NA,NA,NA,NA,NA,NA,NA,NA,NA,NA,NA,NA,NA,NA,NA,NA,NA,NA,171,18,Woman,5,5,3,1.5,5,5,0,0,2,2,4,1,1,2
1124,NA,NA,NA,NA,NA,NA,NA,NA,NA,NA,NA,NA,NA,NA,NA,NA,NA,NA,NA,NA,NA,NA,NA,NA,NA,NA,NA,NA,NA,NA,NA,NA,NA,NA,NA,NA,NA,NA,NA,NA,NA,NA,NA,NA,NA,NA,NA,NA,NA,NA,NA,NA,NA,NA,NA,NA,NA,172,18,Man,5,5,0,0.5,3,4,0,0,2,0,5,0,0,1
1125,NA,NA,NA,NA,NA,NA,NA,NA,NA,NA,NA,NA,NA,NA,NA,NA,NA,NA,NA,NA,NA,NA,NA,NA,NA,NA,NA,NA,NA,NA,NA,NA,NA,NA,NA,NA,NA,NA,NA,NA,NA,NA,NA,NA,NA,NA,NA,NA,NA,NA,NA,NA,NA,NA,NA,NA,NA,175,18,Woman,5,3,2,1.5,2,1,1,0,0,0,1,0,2,1
1126,NA,NA,NA,NA,NA,NA,NA,NA,NA,NA,NA,NA,NA,NA,NA,NA,NA,NA,NA,NA,NA,NA,NA,NA,NA,NA,NA,NA,NA,NA,NA,NA,NA,NA,NA,NA,NA,NA,NA,NA,NA,NA,NA,NA,NA,NA,NA,NA,NA,NA,NA,NA,NA,NA,NA,NA,NA,176,21,Woman,4,3,0,0,4,2,0,0,3,0,5,0,0,0
1127,NA,NA,NA,NA,NA,NA,NA,NA,NA,NA,NA,NA,NA,NA,NA,NA,NA,NA,NA,NA,NA,NA,NA,NA,NA,NA,NA,NA,NA,NA,NA,NA,NA,NA,NA,NA,NA,NA,NA,NA,NA,NA,NA,NA,NA,NA,NA,NA,NA,NA,NA,NA,NA,NA,NA,NA,NA,179,21,Man,4,5,1,4.5,4,3,0,0,0,0,4,0,4,5
1128,NA,NA,NA,NA,NA,NA,NA,NA,NA,NA,NA,NA,NA,NA,NA,NA,NA,NA,NA,NA,NA,NA,NA,NA,NA,NA,NA,NA,NA,NA,NA,NA,NA,NA,NA,NA,NA,NA,NA,NA,NA,NA,NA,NA,NA,NA,NA,NA,NA,NA,NA,NA,NA,NA,NA,NA,NA,182,18,Non-binary,5,3,1,2,3,3,0,0,3,2.236067977,5,1,3,1
1129,NA,NA,NA,NA,NA,NA,NA,NA,NA,NA,NA,NA,NA,NA,NA,NA,NA,NA,NA,NA,NA,NA,NA,NA,NA,NA,NA,NA,NA,NA,NA,NA,NA,NA,NA,NA,NA,NA,NA,NA,NA,NA,NA,NA,NA,NA,NA,NA,NA,NA,NA,NA,NA,NA,NA,NA,NA,185,18,Woman,4,4,0,0,1,1,0,3,4,0,5,0,0,0
1130,NA,NA,NA,NA,NA,NA,NA,NA,NA,NA,NA,NA,NA,NA,NA,NA,NA,NA,NA,NA,NA,NA,NA,NA,NA,NA,NA,NA,NA,NA,NA,NA,NA,NA,NA,NA,NA,NA,NA,NA,NA,NA,NA,NA,NA,NA,NA,NA,NA,NA,NA,NA,NA,NA,NA,NA,NA,191,19,Man,3,4,2,3.5,4,3,0,0,2,0,5,0,5,2
1131,NA,NA,NA,NA,NA,NA,NA,NA,NA,NA,NA,NA,NA,NA,NA,NA,NA,NA,NA,NA,NA,NA,NA,NA,NA,NA,NA,NA,NA,NA,NA,NA,NA,NA,NA,NA,NA,NA,NA,NA,NA,NA,NA,NA,NA,NA,NA,NA,NA,NA,NA,NA,NA,NA,NA,NA,NA,199,20,Woman,5,4,0,3.5,5,3,0,0,2,0,0,0,4,3
1132,NA,NA,NA,NA,NA,NA,NA,NA,NA,NA,NA,NA,NA,NA,NA,NA,NA,NA,NA,NA,NA,NA,NA,NA,NA,NA,NA,NA,NA,NA,NA,NA,NA,NA,NA,NA,NA,NA,NA,NA,NA,NA,NA,NA,NA,NA,NA,NA,NA,NA,NA,NA,NA,NA,NA,NA,NA,205,22,Man,3,1,3,1,5,4,0,0,0,0,5,0,1,1
1133,NA,NA,NA,NA,NA,NA,NA,NA,NA,NA,NA,NA,NA,NA,NA,NA,NA,NA,NA,NA,NA,NA,NA,NA,NA,NA,NA,NA,NA,NA,NA,NA,NA,NA,NA,NA,NA,NA,NA,NA,NA,NA,NA,NA,NA,NA,NA,NA,NA,NA,NA,NA,NA,NA,NA,NA,NA,206,19,Woman,3,1,2,4.5,2,3,2,0,4,0,0,5,5,4
1134,NA,NA,NA,NA,NA,NA,NA,NA,NA,NA,NA,NA,NA,NA,NA,NA,NA,NA,NA,NA,NA,NA,NA,NA,NA,NA,NA,NA,NA,NA,NA,NA,NA,NA,NA,NA,NA,NA,NA,NA,NA,NA,NA,NA,NA,NA,NA,NA,NA,NA,NA,NA,NA,NA,NA,NA,NA,207,19,Woman,4,3,3,5,5,5,2,0,2,0,0,0,5,5
1135,NA,NA,NA,NA,NA,NA,NA,NA,NA,NA,NA,NA,NA,NA,NA,NA,NA,NA,NA,NA,NA,NA,NA,NA,NA,NA,NA,NA,NA,NA,NA,NA,NA,NA,NA,NA,NA,NA,NA,NA,NA,NA,NA,NA,NA,NA,NA,NA,NA,NA,NA,NA,NA,NA,NA,NA,NA,212,19,Woman,5,1,2,2,5,3,0,0,4,0,5,0,2,2
1136,NA,NA,NA,NA,NA,NA,NA,NA,NA,NA,NA,NA,NA,NA,NA,NA,NA,NA,NA,NA,NA,NA,NA,NA,NA,NA,NA,NA,NA,NA,NA,NA,NA,NA,NA,NA,NA,NA,NA,NA,NA,NA,NA,NA,NA,NA,NA,NA,NA,NA,NA,NA,NA,NA,NA,NA,NA,213,20,Man,5,4,0,0,1,4,0,0,0,0,0,0,0,0
1137,NA,NA,NA,NA,NA,NA,NA,NA,NA,NA,NA,NA,NA,NA,NA,NA,NA,NA,NA,NA,NA,NA,NA,NA,NA,NA,NA,NA,NA,NA,NA,NA,NA,NA,NA,NA,NA,NA,NA,NA,NA,NA,NA,NA,NA,NA,NA,NA,NA,NA,NA,NA,NA,NA,NA,NA,NA,214,19,Woman,4,0,0,0.5,4,3,0,0,1,0,0,0,1,0
1138,NA,NA,NA,NA,NA,NA,NA,NA,NA,NA,NA,NA,NA,NA,NA,NA,NA,NA,NA,NA,NA,NA,NA,NA,NA,NA,NA,NA,NA,NA,NA,NA,NA,NA,NA,NA,NA,NA,NA,NA,NA,NA,NA,NA,NA,NA,NA,NA,NA,NA,NA,NA,NA,NA,NA,NA,NA,216,18,Man,5,5,1,1,5,2,0,0,1,0,0,5,0,2
1139,NA,NA,NA,NA,NA,NA,NA,NA,NA,NA,NA,NA,NA,NA,NA,NA,NA,NA,NA,NA,NA,NA,NA,NA,NA,NA,NA,NA,NA,NA,NA,NA,NA,NA,NA,NA,NA,NA,NA,NA,NA,NA,NA,NA,NA,NA,NA,NA,NA,NA,NA,NA,NA,NA,NA,NA,NA,217,20,Man,5,3,0,3.5,5,3,0,0,4,1.732050808,3,1,3,4
1140,NA,NA,NA,NA,NA,NA,NA,NA,NA,NA,NA,NA,NA,NA,NA,NA,NA,NA,NA,NA,NA,NA,NA,NA,NA,NA,NA,NA,NA,NA,NA,NA,NA,NA,NA,NA,NA,NA,NA,NA,NA,NA,NA,NA,NA,NA,NA,NA,NA,NA,NA,NA,NA,NA,NA,NA,NA,221,18,Woman,3,2,0,1,1,0,1,3,1,0,5,0,1,1
1141,NA,NA,NA,NA,NA,NA,NA,NA,NA,NA,NA,NA,NA,NA,NA,NA,NA,NA,NA,NA,NA,NA,NA,NA,NA,NA,NA,NA,NA,NA,NA,NA,NA,NA,NA,NA,NA,NA,NA,NA,NA,NA,NA,NA,NA,NA,NA,NA,NA,NA,NA,NA,NA,NA,NA,NA,NA,223,18,Woman,2,3,1,3,2,1,0,0,0,0,4,0,2,4
1142,NA,NA,NA,NA,NA,NA,NA,NA,NA,NA,NA,NA,NA,NA,NA,NA,NA,NA,NA,NA,NA,NA,NA,NA,NA,NA,NA,NA,NA,NA,NA,NA,NA,NA,NA,NA,NA,NA,NA,NA,NA,NA,NA,NA,NA,NA,NA,NA,NA,NA,NA,NA,NA,NA,NA,NA,NA,224,18,Man,5,2,0,3,3,3,0,0,1,0,5,0,2,4
1143,NA,NA,NA,NA,NA,NA,NA,NA,NA,NA,NA,NA,NA,NA,NA,NA,NA,NA,NA,NA,NA,NA,NA,NA,NA,NA,NA,NA,NA,NA,NA,NA,NA,NA,NA,NA,NA,NA,NA,NA,NA,NA,NA,NA,NA,NA,NA,NA,NA,NA,NA,NA,NA,NA,NA,NA,NA,228,18,Woman,3,2,4,4.5,3,5,0,0,2,0,0,0,4,5
1144,NA,NA,NA,NA,NA,NA,NA,NA,NA,NA,NA,NA,NA,NA,NA,NA,NA,NA,NA,NA,NA,NA,NA,NA,NA,NA,NA,NA,NA,NA,NA,NA,NA,NA,NA,NA,NA,NA,NA,NA,NA,NA,NA,NA,NA,NA,NA,NA,NA,NA,NA,NA,NA,NA,NA,NA,NA,229,18,Man,4,2,3,2.5,5,1,2,0,3,0,4,0,2,3
1145,NA,NA,NA,NA,NA,NA,NA,NA,NA,NA,NA,NA,NA,NA,NA,NA,NA,NA,NA,NA,NA,NA,NA,NA,NA,NA,NA,NA,NA,NA,NA,NA,NA,NA,NA,NA,NA,NA,NA,NA,NA,NA,NA,NA,NA,NA,NA,NA,NA,NA,NA,NA,NA,NA,NA,NA,NA,230,18,Man,1,3,2,2,2,2,2,0,0,0,1,0,2,2
1146,NA,NA,NA,NA,NA,NA,NA,NA,NA,NA,NA,NA,NA,NA,NA,NA,NA,NA,NA,NA,NA,NA,NA,NA,NA,NA,NA,NA,NA,NA,NA,NA,NA,NA,NA,NA,NA,NA,NA,NA,NA,NA,NA,NA,NA,NA,NA,NA,NA,NA,NA,NA,NA,NA,NA,NA,NA,231,19,Man,4,4,3,2.5,4,4,4,4,4,4,4,4,3,2
1147,NA,NA,NA,NA,NA,NA,NA,NA,NA,NA,NA,NA,NA,NA,NA,NA,NA,NA,NA,NA,NA,NA,NA,NA,NA,NA,NA,NA,NA,NA,NA,NA,NA,NA,NA,NA,NA,NA,NA,NA,NA,NA,NA,NA,NA,NA,NA,NA,NA,NA,NA,NA,NA,NA,NA,NA,NA,235,19,Woman,5,5,0,2.5,4,3,0,0,2,2.449489743,3,2,1,4
1148,NA,NA,NA,NA,NA,NA,NA,NA,NA,NA,NA,NA,NA,NA,NA,NA,NA,NA,NA,NA,NA,NA,NA,NA,NA,NA,NA,NA,NA,NA,NA,NA,NA,NA,NA,NA,NA,NA,NA,NA,NA,NA,NA,NA,NA,NA,NA,NA,NA,NA,NA,NA,NA,NA,NA,NA,NA,238,18,Woman,4,3,1,0,3,3,0,0,4,0,3,0,0,0
1149,NA,NA,NA,NA,NA,NA,NA,NA,NA,NA,NA,NA,NA,NA,NA,NA,NA,NA,NA,NA,NA,NA,NA,NA,NA,NA,NA,NA,NA,NA,NA,NA,NA,NA,NA,NA,NA,NA,NA,NA,NA,NA,NA,NA,NA,NA,NA,NA,NA,NA,NA,NA,NA,NA,NA,NA,NA,245,18,Man,4,5,3,0.5,3,2,0,0,2,0,1,0,1,0
1150,NA,NA,NA,NA,NA,NA,NA,NA,NA,NA,NA,NA,NA,NA,NA,NA,NA,NA,NA,NA,NA,NA,NA,NA,NA,NA,NA,NA,NA,NA,NA,NA,NA,NA,NA,NA,NA,NA,NA,NA,NA,NA,NA,NA,NA,NA,NA,NA,NA,NA,NA,NA,NA,NA,NA,NA,NA,247,20,Woman,2,1,2,2,0,3,0,0,1,0,0,0,3,1
1151,NA,NA,NA,NA,NA,NA,NA,NA,NA,NA,NA,NA,NA,NA,NA,NA,NA,NA,NA,NA,NA,NA,NA,NA,NA,NA,NA,NA,NA,NA,NA,NA,NA,NA,NA,NA,NA,NA,NA,NA,NA,NA,NA,NA,NA,NA,NA,NA,NA,NA,NA,NA,NA,NA,NA,NA,NA,249,18,Woman,4,5,1,2,4,5,0,5,2,3,3,3,1,3
1152,NA,NA,NA,NA,NA,NA,NA,NA,NA,NA,NA,NA,NA,NA,NA,NA,NA,NA,NA,NA,NA,NA,NA,NA,NA,NA,NA,NA,NA,NA,NA,NA,NA,NA,NA,NA,NA,NA,NA,NA,NA,NA,NA,NA,NA,NA,NA,NA,NA,NA,NA,NA,NA,NA,NA,NA,NA,251,18,Woman,2,3,4,4,4,3,0,0,3,0,0,5,4,4
1153,NA,NA,NA,NA,NA,NA,NA,NA,NA,NA,NA,NA,NA,NA,NA,NA,NA,NA,NA,NA,NA,NA,NA,NA,NA,NA,NA,NA,NA,NA,NA,NA,NA,NA,NA,NA,NA,NA,NA,NA,NA,NA,NA,NA,NA,NA,NA,NA,NA,NA,NA,NA,NA,NA,NA,NA,NA,252,19,Woman,5,3,0,1,2,0,0,0,3,0,5,0,0,2
1154,NA,NA,NA,NA,NA,NA,NA,NA,NA,NA,NA,NA,NA,NA,NA,NA,NA,NA,NA,NA,NA,NA,NA,NA,NA,NA,NA,NA,NA,NA,NA,NA,NA,NA,NA,NA,NA,NA,NA,NA,NA,NA,NA,NA,NA,NA,NA,NA,NA,NA,NA,NA,NA,NA,NA,NA,NA,253,18,Man,0,0,0,0,1,0,0,0,3,0,0,3,0,0
1155,NA,NA,NA,NA,NA,NA,NA,NA,NA,NA,NA,NA,NA,NA,NA,NA,NA,NA,NA,NA,NA,NA,NA,NA,NA,NA,NA,NA,NA,NA,NA,NA,NA,NA,NA,NA,NA,NA,NA,NA,NA,NA,NA,NA,NA,NA,NA,NA,NA,NA,NA,NA,NA,NA,NA,NA,NA,256,18,Woman,5,4,0,0,1,3,0,0,3,2,2,2,0,0
1156,NA,NA,NA,NA,NA,NA,NA,NA,NA,NA,NA,NA,NA,NA,NA,NA,NA,NA,NA,NA,NA,NA,NA,NA,NA,NA,NA,NA,NA,NA,NA,NA,NA,NA,NA,NA,NA,NA,NA,NA,NA,NA,NA,NA,NA,NA,NA,NA,NA,NA,NA,NA,NA,NA,NA,NA,NA,257,18,Woman,1,0,0,0,0,0,0,0,2,0,0,3,0,0
1157,NA,NA,NA,NA,NA,NA,NA,NA,NA,NA,NA,NA,NA,NA,NA,NA,NA,NA,NA,NA,NA,NA,NA,NA,NA,NA,NA,NA,NA,NA,NA,NA,NA,NA,NA,NA,NA,NA,NA,NA,NA,NA,NA,NA,NA,NA,NA,NA,NA,NA,NA,NA,NA,NA,NA,NA,NA,259,22,Man,3,1,0,2.5,4,0,0,0,1,0,5,0,2,3
1158,NA,NA,NA,NA,NA,NA,NA,NA,NA,NA,NA,NA,NA,NA,NA,NA,NA,NA,NA,NA,NA,NA,NA,NA,NA,NA,NA,NA,NA,NA,NA,NA,NA,NA,NA,NA,NA,NA,NA,NA,NA,NA,NA,NA,NA,NA,NA,NA,NA,NA,NA,NA,NA,NA,NA,NA,NA,260,18,Woman,4,4,1,0,4,2,0,0,2,2.449489743,3,2,0,0
1159,NA,NA,NA,NA,NA,NA,NA,NA,NA,NA,NA,NA,NA,NA,NA,NA,NA,NA,NA,NA,NA,NA,NA,NA,NA,NA,NA,NA,NA,NA,NA,NA,NA,NA,NA,NA,NA,NA,NA,NA,NA,NA,NA,NA,NA,NA,NA,NA,NA,NA,NA,NA,NA,NA,NA,NA,NA,263,18,Woman,3,4,1,2,3,1,0,0,1,2.236067977,5,1,1,3
1160,NA,NA,NA,NA,NA,NA,NA,NA,NA,NA,NA,NA,NA,NA,NA,NA,NA,NA,NA,NA,NA,NA,NA,NA,NA,NA,NA,NA,NA,NA,NA,NA,NA,NA,NA,NA,NA,NA,NA,NA,NA,NA,NA,NA,NA,NA,NA,NA,NA,NA,NA,NA,NA,NA,NA,NA,NA,269,18,Woman,3,4,0,2,3,3,0,0,0,1,1,1,2,2
1161,NA,NA,NA,NA,NA,NA,NA,NA,NA,NA,NA,NA,NA,NA,NA,NA,NA,NA,NA,NA,NA,NA,NA,NA,NA,NA,NA,NA,NA,NA,NA,NA,NA,NA,NA,NA,NA,NA,NA,NA,NA,NA,NA,NA,NA,NA,NA,NA,NA,NA,NA,NA,NA,NA,NA,NA,NA,272,18,Woman,5,2,0,2,4,3,0,0,3,3.872983346,5,3,1,3
1162,NA,NA,NA,NA,NA,NA,NA,NA,NA,NA,NA,NA,NA,NA,NA,NA,NA,NA,NA,NA,NA,NA,NA,NA,NA,NA,NA,NA,NA,NA,NA,NA,NA,NA,NA,NA,NA,NA,NA,NA,NA,NA,NA,NA,NA,NA,NA,NA,NA,NA,NA,NA,NA,NA,NA,NA,NA,278,18,Woman,3,1,3,1.5,4,2,0,1,3,0,0,3,2,1
1163,NA,NA,NA,NA,NA,NA,NA,NA,NA,NA,NA,NA,NA,NA,NA,NA,NA,NA,NA,NA,NA,NA,NA,NA,NA,NA,NA,NA,NA,NA,NA,NA,NA,NA,NA,NA,NA,NA,NA,NA,NA,NA,NA,NA,NA,NA,NA,NA,NA,NA,NA,NA,NA,NA,NA,NA,NA,281,18,Woman,5,4,0,0.5,5,1,0,0,2,2.828427125,2,4,0,1
1164,NA,NA,NA,NA,NA,NA,NA,NA,NA,NA,NA,NA,NA,NA,NA,NA,NA,NA,NA,NA,NA,NA,NA,NA,NA,NA,NA,NA,NA,NA,NA,NA,NA,NA,NA,NA,NA,NA,NA,NA,NA,NA,NA,NA,NA,NA,NA,NA,NA,NA,NA,NA,NA,NA,NA,NA,NA,282,19,Woman,4,3,1,0,4,3,0,0,3,0,5,0,0,0
1165,NA,NA,NA,NA,NA,NA,NA,NA,NA,NA,NA,NA,NA,NA,NA,NA,NA,NA,NA,NA,NA,NA,NA,NA,NA,NA,NA,NA,NA,NA,NA,NA,NA,NA,NA,NA,NA,NA,NA,NA,NA,NA,NA,NA,NA,NA,NA,NA,NA,NA,NA,NA,NA,NA,NA,NA,NA,289,23,Man,4,3,1,2,3,4,0,0,1,0,5,0,1,3
1166,NA,NA,NA,NA,NA,NA,NA,NA,NA,NA,NA,NA,NA,NA,NA,NA,NA,NA,NA,NA,NA,NA,NA,NA,NA,NA,NA,NA,NA,NA,NA,NA,NA,NA,NA,NA,NA,NA,NA,NA,NA,NA,NA,NA,NA,NA,NA,NA,NA,NA,NA,NA,NA,NA,NA,NA,NA,293,19,Woman,3,4,0,1,4,2,0,0,2,2.449489743,2,3,0,2
1167,NA,NA,NA,NA,NA,NA,NA,NA,NA,NA,NA,NA,NA,NA,NA,NA,NA,NA,NA,NA,NA,NA,NA,NA,NA,NA,NA,NA,NA,NA,NA,NA,NA,NA,NA,NA,NA,NA,NA,NA,NA,NA,NA,NA,NA,NA,NA,NA,NA,NA,NA,NA,NA,NA,NA,NA,NA,294,18,Man,4,2,1,2.5,3,3,2,0,3,1.414213562,2,1,2,3
1168,NA,NA,NA,NA,NA,NA,NA,NA,NA,NA,NA,NA,NA,NA,NA,NA,NA,NA,NA,NA,NA,NA,NA,NA,NA,NA,NA,NA,NA,NA,NA,NA,NA,NA,NA,NA,NA,NA,NA,NA,NA,NA,NA,NA,NA,NA,NA,NA,NA,NA,NA,NA,NA,NA,NA,NA,NA,299,19,Man,3,2,0,1,2,2,0,0,0,0,0,5,1,1
1169,NA,NA,NA,NA,NA,NA,NA,NA,NA,NA,NA,NA,NA,NA,NA,NA,NA,NA,NA,NA,NA,NA,NA,NA,NA,NA,NA,NA,NA,NA,NA,NA,NA,NA,NA,NA,NA,NA,NA,NA,NA,NA,NA,NA,NA,NA,NA,NA,NA,NA,NA,NA,NA,NA,NA,NA,NA,300,19,Woman,4,3,1,3,3,2,0,0,1,0,5,0,2,4
1170,NA,NA,NA,NA,NA,NA,NA,NA,NA,NA,NA,NA,NA,NA,NA,NA,NA,NA,NA,NA,NA,NA,NA,NA,NA,NA,NA,NA,NA,NA,NA,NA,NA,NA,NA,NA,NA,NA,NA,NA,NA,NA,NA,NA,NA,NA,NA,NA,NA,NA,NA,NA,NA,NA,NA,NA,NA,303,18,Woman,5,2,0,0.5,5,3,0,0,1,0,5,0,0,1
1171,NA,NA,NA,NA,NA,NA,NA,NA,NA,NA,NA,NA,NA,NA,NA,NA,NA,NA,NA,NA,NA,NA,NA,NA,NA,NA,NA,NA,NA,NA,NA,NA,NA,NA,NA,NA,NA,NA,NA,NA,NA,NA,NA,NA,NA,NA,NA,NA,NA,NA,NA,NA,NA,NA,NA,NA,NA,304,19,Man,5,2,0,2,3,4,0,0,2,0,5,0,4,0
1172,NA,NA,NA,NA,NA,NA,NA,NA,NA,NA,NA,NA,NA,NA,NA,NA,NA,NA,NA,NA,NA,NA,NA,NA,NA,NA,NA,NA,NA,NA,NA,NA,NA,NA,NA,NA,NA,NA,NA,NA,NA,NA,NA,NA,NA,NA,NA,NA,NA,NA,NA,NA,NA,NA,NA,NA,NA,306,19,Man,4,3,1,2,3,4,0,0,2,2.236067977,5,1,2,2
1173,NA,NA,NA,NA,NA,NA,NA,NA,NA,NA,NA,NA,NA,NA,NA,NA,NA,NA,NA,NA,NA,NA,NA,NA,NA,NA,NA,NA,NA,NA,NA,NA,NA,NA,NA,NA,NA,NA,NA,NA,NA,NA,NA,NA,NA,NA,NA,NA,NA,NA,NA,NA,NA,NA,NA,NA,NA,308,18,Non-binary,1,2,0,1.5,2,0,2,0,1,0,0,1,3,0
1174,NA,NA,NA,NA,NA,NA,NA,NA,NA,NA,NA,NA,NA,NA,NA,NA,NA,NA,NA,NA,NA,NA,NA,NA,NA,NA,NA,NA,NA,NA,NA,NA,NA,NA,NA,NA,NA,NA,NA,NA,NA,NA,NA,NA,NA,NA,NA,NA,NA,NA,NA,NA,NA,NA,NA,NA,NA,309,19,Woman,3,4,0,0.5,3,2,3,0,0,0,0,5,1,0
1175,NA,NA,NA,NA,NA,NA,NA,NA,NA,NA,NA,NA,NA,NA,NA,NA,NA,NA,NA,NA,NA,NA,NA,NA,NA,NA,NA,NA,NA,NA,NA,NA,NA,NA,NA,NA,NA,NA,NA,NA,NA,NA,NA,NA,NA,NA,NA,NA,NA,NA,NA,NA,NA,NA,NA,NA,NA,314,19,Woman,3,1,0,0,3,1,0,0,1,0,0,0,0,0
1176,NA,NA,NA,NA,NA,NA,NA,NA,NA,NA,NA,NA,NA,NA,NA,NA,NA,NA,NA,NA,NA,NA,NA,NA,NA,NA,NA,NA,NA,NA,NA,NA,NA,NA,NA,NA,NA,NA,NA,NA,NA,NA,NA,NA,NA,NA,NA,NA,NA,NA,NA,NA,NA,NA,NA,NA,NA,315,19,Woman,4,2,0,2.5,3,0,0,0,1,1.732050808,1,3,2,3
1177,NA,NA,NA,NA,NA,NA,NA,NA,NA,NA,NA,NA,NA,NA,NA,NA,NA,NA,NA,NA,NA,NA,NA,NA,NA,NA,NA,NA,NA,NA,NA,NA,NA,NA,NA,NA,NA,NA,NA,NA,NA,NA,NA,NA,NA,NA,NA,NA,NA,NA,NA,NA,NA,NA,NA,NA,NA,316,19,Woman,3,4,2,4,4,2,1,0,4,0,5,0,3,5
1178,NA,NA,NA,NA,NA,NA,NA,NA,NA,NA,NA,NA,NA,NA,NA,NA,NA,NA,NA,NA,NA,NA,NA,NA,NA,NA,NA,NA,NA,NA,NA,NA,NA,NA,NA,NA,NA,NA,NA,NA,NA,NA,NA,NA,NA,NA,NA,NA,NA,NA,NA,NA,NA,NA,NA,NA,NA,320,25,Non-binary,1,2,0,2.5,1,0,0,0,1,0,5,0,2,3
1179,NA,NA,NA,NA,NA,NA,NA,NA,NA,NA,NA,NA,NA,NA,NA,NA,NA,NA,NA,NA,NA,NA,NA,NA,NA,NA,NA,NA,NA,NA,NA,NA,NA,NA,NA,NA,NA,NA,NA,NA,NA,NA,NA,NA,NA,NA,NA,NA,NA,NA,NA,NA,NA,NA,NA,NA,NA,321,48,Woman,4,3,3,2,2,2,0,0,1,3,3,3,1,3
1180,NA,NA,NA,NA,NA,NA,NA,NA,NA,NA,NA,NA,NA,NA,NA,NA,NA,NA,NA,NA,NA,NA,NA,NA,NA,NA,NA,NA,NA,NA,NA,NA,NA,NA,NA,NA,NA,NA,NA,NA,NA,NA,NA,NA,NA,NA,NA,NA,NA,NA,NA,NA,NA,NA,NA,NA,NA,322,38,Woman,2,0,0,5,1,0,0,0,1,0,0,3,5,5
1181,NA,NA,NA,NA,NA,NA,NA,NA,NA,NA,NA,NA,NA,NA,NA,NA,NA,NA,NA,NA,NA,NA,NA,NA,NA,NA,NA,NA,NA,NA,NA,NA,NA,NA,NA,NA,NA,NA,NA,NA,NA,NA,NA,NA,NA,NA,NA,NA,NA,NA,NA,NA,NA,NA,NA,NA,NA,325,19,Woman,5,5,1,1.5,5,3,0,3,2,2.449489743,2,3,1,2
1182,NA,NA,NA,NA,NA,NA,NA,NA,NA,NA,NA,NA,NA,NA,NA,NA,NA,NA,NA,NA,NA,NA,NA,NA,NA,NA,NA,NA,NA,NA,NA,NA,NA,NA,NA,NA,NA,NA,NA,NA,NA,NA,NA,NA,NA,NA,NA,NA,NA,NA,NA,NA,NA,NA,NA,NA,NA,329,19,Woman,5,5,0,0,5,5,0,0,0,0,5,0,0,0
1183,NA,NA,NA,NA,NA,NA,NA,NA,NA,NA,NA,NA,NA,NA,NA,NA,NA,NA,NA,NA,NA,NA,NA,NA,NA,NA,NA,NA,NA,NA,NA,NA,NA,NA,NA,NA,NA,NA,NA,NA,NA,NA,NA,NA,NA,NA,NA,NA,NA,NA,NA,NA,NA,NA,NA,NA,NA,331,18,Man,4,4,1,0,4,4,0,0,1,0,4,0,0,0
1184,NA,NA,NA,NA,NA,NA,NA,NA,NA,NA,NA,NA,NA,NA,NA,NA,NA,NA,NA,NA,NA,NA,NA,NA,NA,NA,NA,NA,NA,NA,NA,NA,NA,NA,NA,NA,NA,NA,NA,NA,NA,NA,NA,NA,NA,NA,NA,NA,NA,NA,NA,NA,NA,NA,NA,NA,NA,338,18,Woman,5,4,0,2,3,4,0,0,0,0,0,2,3,1
1185,NA,NA,NA,NA,NA,NA,NA,NA,NA,NA,NA,NA,NA,NA,NA,NA,NA,NA,NA,NA,NA,NA,NA,NA,NA,NA,NA,NA,NA,NA,NA,NA,NA,NA,NA,NA,NA,NA,NA,NA,NA,NA,NA,NA,NA,NA,NA,NA,NA,NA,NA,NA,NA,NA,NA,NA,NA,340,18,Woman,4,3,1,1,3,3,0,0,0,4.472135955,5,4,0,2
1186,NA,NA,NA,NA,NA,NA,NA,NA,NA,NA,NA,NA,NA,NA,NA,NA,NA,NA,NA,NA,NA,NA,NA,NA,NA,NA,NA,NA,NA,NA,NA,NA,NA,NA,NA,NA,NA,NA,NA,NA,NA,NA,NA,NA,NA,NA,NA,NA,NA,NA,NA,NA,NA,NA,NA,NA,NA,341,20,Woman,4,4,0,2.5,5,1,0,5,2,5,5,5,2,3
1187,NA,NA,NA,NA,NA,NA,NA,NA,NA,NA,NA,NA,NA,NA,NA,NA,NA,NA,NA,NA,NA,NA,NA,NA,NA,NA,NA,NA,NA,NA,NA,NA,NA,NA,NA,NA,NA,NA,NA,NA,NA,NA,NA,NA,NA,NA,NA,NA,NA,NA,NA,NA,NA,NA,NA,NA,NA,351,18,Woman,5,4,4,3.5,4,4,0,0,3,2,4,1,3,4
1188,NA,NA,NA,NA,NA,NA,NA,NA,NA,NA,NA,NA,NA,NA,NA,NA,NA,NA,NA,NA,NA,NA,NA,NA,NA,NA,NA,NA,NA,NA,NA,NA,NA,NA,NA,NA,NA,NA,NA,NA,NA,NA,NA,NA,NA,NA,NA,NA,NA,NA,NA,NA,NA,NA,NA,NA,NA,353,19,Woman,4,5,4,1,3,2,3,1,2,3,3,3,0,2
1189,NA,NA,NA,NA,NA,NA,NA,NA,NA,NA,NA,NA,NA,NA,NA,NA,NA,NA,NA,NA,NA,NA,NA,NA,NA,NA,NA,NA,NA,NA,NA,NA,NA,NA,NA,NA,NA,NA,NA,NA,NA,NA,NA,NA,NA,NA,NA,NA,NA,NA,NA,NA,NA,NA,NA,NA,NA,355,18,Woman,2,1,0,0.5,2,0,0,5,0,0,0,5,1,0
1190,NA,NA,NA,NA,NA,NA,NA,NA,NA,NA,NA,NA,NA,NA,NA,NA,NA,NA,NA,NA,NA,NA,NA,NA,NA,NA,NA,NA,NA,NA,NA,NA,NA,NA,NA,NA,NA,NA,NA,NA,NA,NA,NA,NA,NA,NA,NA,NA,NA,NA,NA,NA,NA,NA,NA,NA,NA,356,19,Man,3,3,1,0,2,4,0,0,0,2.449489743,3,2,0,0
1191,NA,NA,NA,NA,NA,NA,NA,NA,NA,NA,NA,NA,NA,NA,NA,NA,NA,NA,NA,NA,NA,NA,NA,NA,NA,NA,NA,NA,NA,NA,NA,NA,NA,NA,NA,NA,NA,NA,NA,NA,NA,NA,NA,NA,NA,NA,NA,NA,NA,NA,NA,NA,NA,NA,NA,NA,NA,366,20,Woman,4,3,4,3,3,3,0,0,5,0,0,5,2,4
1192,NA,NA,NA,NA,NA,NA,NA,NA,NA,NA,NA,NA,NA,NA,NA,NA,NA,NA,NA,NA,NA,NA,NA,NA,NA,NA,NA,NA,NA,NA,NA,NA,NA,NA,NA,NA,NA,NA,NA,NA,NA,NA,NA,NA,NA,NA,NA,NA,NA,NA,NA,NA,NA,NA,NA,NA,NA,367,20,Man,3,2,0,2,1,2,0,0,0,1,1,1,3,1
1193,NA,NA,NA,NA,NA,NA,NA,NA,NA,NA,NA,NA,NA,NA,NA,NA,NA,NA,NA,NA,NA,NA,NA,NA,NA,NA,NA,NA,NA,NA,NA,NA,NA,NA,NA,NA,NA,NA,NA,NA,NA,NA,NA,NA,NA,NA,NA,NA,NA,NA,NA,NA,NA,NA,NA,NA,NA,369,22,Woman,5,4,1,0.5,4,3,0,0,4,3.16227766,5,2,0,1
1194,NA,NA,NA,NA,NA,NA,NA,NA,NA,NA,NA,NA,NA,NA,NA,NA,NA,NA,NA,NA,NA,NA,NA,NA,NA,NA,NA,NA,NA,NA,NA,NA,NA,NA,NA,NA,NA,NA,NA,NA,NA,NA,NA,NA,NA,NA,NA,NA,NA,NA,NA,NA,NA,NA,NA,NA,NA,372,19,Woman,2,4,1,2.5,5,3,1,0,1,0,5,0,2,3
1195,NA,NA,NA,NA,NA,NA,NA,NA,NA,NA,NA,NA,NA,NA,NA,NA,NA,NA,NA,NA,NA,NA,NA,NA,NA,NA,NA,NA,NA,NA,NA,NA,NA,NA,NA,NA,NA,NA,NA,NA,NA,NA,NA,NA,NA,NA,NA,NA,NA,NA,NA,NA,NA,NA,NA,NA,NA,373,20,Woman,3,3,1,0.5,1,1,0,0,2,0,5,0,0,1
1196,NA,NA,NA,NA,NA,NA,NA,NA,NA,NA,NA,NA,NA,NA,NA,NA,NA,NA,NA,NA,NA,NA,NA,NA,NA,NA,NA,NA,NA,NA,NA,NA,NA,NA,NA,NA,NA,NA,NA,NA,NA,NA,NA,NA,NA,NA,NA,NA,NA,NA,NA,NA,NA,NA,NA,NA,NA,380,18,Man,3,4,2,1.5,5,4,1,0,3,3.16227766,5,2,2,1
1197,NA,NA,NA,NA,NA,NA,NA,NA,NA,NA,NA,NA,NA,NA,NA,NA,NA,NA,NA,NA,NA,NA,NA,NA,NA,NA,NA,NA,NA,NA,NA,NA,NA,NA,NA,NA,NA,NA,NA,NA,NA,NA,NA,NA,NA,NA,NA,NA,NA,NA,NA,NA,NA,NA,NA,NA,NA,384,19,Man,3,3,0,2.5,0,2,0,0,1,0,3,0,0,5
1198,NA,NA,NA,NA,NA,NA,NA,NA,NA,NA,NA,NA,NA,NA,NA,NA,NA,NA,NA,NA,NA,NA,NA,NA,NA,NA,NA,NA,NA,NA,NA,NA,NA,NA,NA,NA,NA,NA,NA,NA,NA,NA,NA,NA,NA,NA,NA,NA,NA,NA,NA,NA,NA,NA,NA,NA,NA,387,19,Man,3,3,2,0.5,5,4,0,2,3,2.828427125,2,4,0,1
1199,NA,NA,NA,NA,NA,NA,NA,NA,NA,NA,NA,NA,NA,NA,NA,NA,NA,NA,NA,NA,NA,NA,NA,NA,NA,NA,NA,NA,NA,NA,NA,NA,NA,NA,NA,NA,NA,NA,NA,NA,NA,NA,NA,NA,NA,NA,NA,NA,NA,NA,NA,NA,NA,NA,NA,NA,NA,393,21,Non-binary,0,0,0,0.5,0,0,0,0,1,0,0,0,0,1
1200,NA,NA,NA,NA,NA,NA,NA,NA,NA,NA,NA,NA,NA,NA,NA,NA,NA,NA,NA,NA,NA,NA,NA,NA,NA,NA,NA,NA,NA,NA,NA,NA,NA,NA,NA,NA,NA,NA,NA,NA,NA,NA,NA,NA,NA,NA,NA,NA,NA,NA,NA,NA,NA,NA,NA,NA,NA,394,18,Woman,2,4,0,1.5,4,3,1,0,0,0,0,5,3,0
1201,NA,NA,NA,NA,NA,NA,NA,NA,NA,NA,NA,NA,NA,NA,NA,NA,NA,NA,NA,NA,NA,NA,NA,NA,NA,NA,NA,NA,NA,NA,NA,NA,NA,NA,NA,NA,NA,NA,NA,NA,NA,NA,NA,NA,NA,NA,NA,NA,NA,NA,NA,NA,NA,NA,NA,NA,NA,395,18,Woman,4,3,2,2,5,2,0,0,3,4,4,4,1,3
1202,NA,NA,NA,NA,NA,NA,NA,NA,NA,NA,NA,NA,NA,NA,NA,NA,NA,NA,NA,NA,NA,NA,NA,NA,NA,NA,NA,NA,NA,NA,NA,NA,NA,NA,NA,NA,NA,NA,NA,NA,NA,NA,NA,NA,NA,NA,NA,NA,NA,NA,NA,NA,NA,NA,NA,NA,NA,401,21,Woman,4,2,3,3,5,2,0,0,0,3.16227766,5,2,5,1
1203,NA,NA,NA,NA,NA,NA,NA,NA,NA,NA,NA,NA,NA,NA,NA,NA,NA,NA,NA,NA,NA,NA,NA,NA,NA,NA,NA,NA,NA,NA,NA,NA,NA,NA,NA,NA,NA,NA,NA,NA,NA,NA,NA,NA,NA,NA,NA,NA,NA,NA,NA,NA,NA,NA,NA,NA,NA,406,19,Woman,5,3,1,2,5,3,0,0,0,0,5,0,2,2
1204,NA,NA,NA,NA,NA,NA,NA,NA,NA,NA,NA,NA,NA,NA,NA,NA,NA,NA,NA,NA,NA,NA,NA,NA,NA,NA,NA,NA,NA,NA,NA,NA,NA,NA,NA,NA,NA,NA,NA,NA,NA,NA,NA,NA,NA,NA,NA,NA,NA,NA,NA,NA,NA,NA,NA,NA,NA,409,18,Woman,3,4,3,1.5,3,3,1,0,2,2.449489743,3,2,1,2
1205,NA,NA,NA,NA,NA,NA,NA,NA,NA,NA,NA,NA,NA,NA,NA,NA,NA,NA,NA,NA,NA,NA,NA,NA,NA,NA,NA,NA,NA,NA,NA,NA,NA,NA,NA,NA,NA,NA,NA,NA,NA,NA,NA,NA,NA,NA,NA,NA,NA,NA,NA,NA,NA,NA,NA,NA,NA,415,19,Woman,2,0,0,0,2,0,1,0,1,2.828427125,2,4,0,0
1206,NA,NA,NA,NA,NA,NA,NA,NA,NA,NA,NA,NA,NA,NA,NA,NA,NA,NA,NA,NA,NA,NA,NA,NA,NA,NA,NA,NA,NA,NA,NA,NA,NA,NA,NA,NA,NA,NA,NA,NA,NA,NA,NA,NA,NA,NA,NA,NA,NA,NA,NA,NA,NA,NA,NA,NA,NA,417,19,Woman,2,1,3,0,1,0,0,0,0,0,5,0,0,0
1207,NA,NA,NA,NA,NA,NA,NA,NA,NA,NA,NA,NA,NA,NA,NA,NA,NA,NA,NA,NA,NA,NA,NA,NA,NA,NA,NA,NA,NA,NA,NA,NA,NA,NA,NA,NA,NA,NA,NA,NA,NA,NA,NA,NA,NA,NA,NA,NA,NA,NA,NA,NA,NA,NA,NA,NA,NA,418,23,Man,1,1,0,0,2,2,0,0,0,0,0,0,0,0
1208,NA,NA,NA,NA,NA,NA,NA,NA,NA,NA,NA,NA,NA,NA,NA,NA,NA,NA,NA,NA,NA,NA,NA,NA,NA,NA,NA,NA,NA,NA,NA,NA,NA,NA,NA,NA,NA,NA,NA,NA,NA,NA,NA,NA,NA,NA,NA,NA,NA,NA,NA,NA,NA,NA,NA,NA,NA,420,18,Woman,3,4,0,0,1,5,0,0,0,0,0,5,0,0
1209,NA,NA,NA,NA,NA,NA,NA,NA,NA,NA,NA,NA,NA,NA,NA,NA,NA,NA,NA,NA,NA,NA,NA,NA,NA,NA,NA,NA,NA,NA,NA,NA,NA,NA,NA,NA,NA,NA,NA,NA,NA,NA,NA,NA,NA,NA,NA,NA,NA,NA,NA,NA,NA,NA,NA,NA,NA,422,19,Man,1,0,0,0.5,0,1,0,0,1,0,5,0,0,1
1210,NA,NA,NA,NA,NA,NA,NA,NA,NA,NA,NA,NA,NA,NA,NA,NA,NA,NA,NA,NA,NA,NA,NA,NA,NA,NA,NA,NA,NA,NA,NA,NA,NA,NA,NA,NA,NA,NA,NA,NA,NA,NA,NA,NA,NA,NA,NA,NA,NA,NA,NA,NA,NA,NA,NA,NA,NA,424,34,Woman,4,3,3,3,5,2,0,0,3,0,5,0,4,2
1211,NA,NA,NA,NA,NA,NA,NA,NA,NA,NA,NA,NA,NA,NA,NA,NA,NA,NA,NA,NA,NA,NA,NA,NA,NA,NA,NA,NA,NA,NA,NA,NA,NA,NA,NA,NA,NA,NA,NA,NA,NA,NA,NA,NA,NA,NA,NA,NA,NA,NA,NA,NA,NA,NA,NA,NA,NA,425,21,Woman,5,5,0,3,5,5,0,0,0,0,5,0,4,2
1212,NA,NA,NA,NA,NA,NA,NA,NA,NA,NA,NA,NA,NA,NA,NA,NA,NA,NA,NA,NA,NA,NA,NA,NA,NA,NA,NA,NA,NA,NA,NA,NA,NA,NA,NA,NA,NA,NA,NA,NA,NA,NA,NA,NA,NA,NA,NA,NA,NA,NA,NA,NA,NA,NA,NA,NA,NA,426,18,Other/prefer not to say,5,0,5,4,5,4,0,0,0,0,5,0,4,4
1213,NA,NA,NA,NA,NA,NA,NA,NA,NA,NA,NA,NA,NA,NA,NA,NA,NA,NA,NA,NA,NA,NA,NA,NA,NA,NA,NA,NA,NA,NA,NA,NA,NA,NA,NA,NA,NA,NA,NA,NA,NA,NA,NA,NA,NA,NA,NA,NA,NA,NA,NA,NA,NA,NA,NA,NA,NA,431,19,Woman,3,5,1,1,4,1,0,0,1,0,4,0,2,0
1214,NA,NA,NA,NA,NA,NA,NA,NA,NA,NA,NA,NA,NA,NA,NA,NA,NA,NA,NA,NA,NA,NA,NA,NA,NA,NA,NA,NA,NA,NA,NA,NA,NA,NA,NA,NA,NA,NA,NA,NA,NA,NA,NA,NA,NA,NA,NA,NA,NA,NA,NA,NA,NA,NA,NA,NA,NA,433,19,Man,4,3,0,2,5,5,0,5,0,3,3,3,2,2
1215,NA,NA,NA,NA,NA,NA,NA,NA,NA,NA,NA,NA,NA,NA,NA,NA,NA,NA,NA,NA,NA,NA,NA,NA,NA,NA,NA,NA,NA,NA,NA,NA,NA,NA,NA,NA,NA,NA,NA,NA,NA,NA,NA,NA,NA,NA,NA,NA,NA,NA,NA,NA,NA,NA,NA,NA,NA,434,19,Woman,3,1,2,3,1,5,0,0,0,0,4,0,2,4
1216,NA,NA,NA,NA,NA,NA,NA,NA,NA,NA,NA,NA,NA,NA,NA,NA,NA,NA,NA,NA,NA,NA,NA,NA,NA,NA,NA,NA,NA,NA,NA,NA,NA,NA,NA,NA,NA,NA,NA,NA,NA,NA,NA,NA,NA,NA,NA,NA,NA,NA,NA,NA,NA,NA,NA,NA,NA,436,18,Man,4,4,1,0,2,4,0,0,3,2.828427125,4,2,0,0
1217,NA,NA,NA,NA,NA,NA,NA,NA,NA,NA,NA,NA,NA,NA,NA,NA,NA,NA,NA,NA,NA,NA,NA,NA,NA,NA,NA,NA,NA,NA,NA,NA,NA,NA,NA,NA,NA,NA,NA,NA,NA,NA,NA,NA,NA,NA,NA,NA,NA,NA,NA,NA,NA,NA,NA,NA,NA,437,21,Non-binary,4,5,0,3,3,0,0,0,0,0,0,5,2,4
1218,NA,NA,NA,NA,NA,NA,NA,NA,NA,NA,NA,NA,NA,NA,NA,NA,NA,NA,NA,NA,NA,NA,NA,NA,NA,NA,NA,NA,NA,NA,NA,NA,NA,NA,NA,NA,NA,NA,NA,NA,NA,NA,NA,NA,NA,NA,NA,NA,NA,NA,NA,NA,NA,NA,NA,NA,NA,438,20,Woman,5,4,0,1.5,3,2,0,0,2,0,0,5,1,2
1219,NA,NA,NA,NA,NA,NA,NA,NA,NA,NA,NA,NA,NA,NA,NA,NA,NA,NA,NA,NA,NA,NA,NA,NA,NA,NA,NA,NA,NA,NA,NA,NA,NA,NA,NA,NA,NA,NA,NA,NA,NA,NA,NA,NA,NA,NA,NA,NA,NA,NA,NA,NA,NA,NA,NA,NA,NA,440,21,Woman,5,4,0,1,4,5,0,4,0,0,4,0,0,2
1220,NA,NA,NA,NA,NA,NA,NA,NA,NA,NA,NA,NA,NA,NA,NA,NA,NA,NA,NA,NA,NA,NA,NA,NA,NA,NA,NA,NA,NA,NA,NA,NA,NA,NA,NA,NA,NA,NA,NA,NA,NA,NA,NA,NA,NA,NA,NA,NA,NA,NA,NA,NA,NA,NA,NA,NA,NA,442,19,Woman,3,3,3,3,4,3,4,4,4,3,3,3,3,3
1221,NA,NA,NA,NA,NA,NA,NA,NA,NA,NA,NA,NA,NA,NA,NA,NA,NA,NA,NA,NA,NA,NA,NA,NA,NA,NA,NA,NA,NA,NA,NA,NA,NA,NA,NA,NA,NA,NA,NA,NA,NA,NA,NA,NA,NA,NA,NA,NA,NA,NA,NA,NA,NA,NA,NA,NA,NA,443,19,Man,5,5,3,1.5,4,5,0,0,1,0,1,0,1,2
