Durationinseconds,age,gender,Q20_PageSubmit,Q1_1,Q2_1,Q3_1,Q4_1,Q5_1,Q6_1,Q7_1,Q8_1,Q9_1,Q10_1,Q11_1,Beliefquestions_1,Beliefquestions_2,Beliefquestions_3,Beliefquestions_4,Beliefquestions_5,Beliefquestions_6,Beliefquestions_7,Beliefquestions_8,past_life_experience,out_of_body_experience,spirit_world_experience,past_life_belief,out_of_body_belief,spirit_world_belief,Combined_anomalous_experience,CODE,age...34,gender.x,@1handlowersubj.x,@2handtogethersubj.x,@3mosquitosubj.x,@4TasteAverage.x,@5rigidsubj.x,@6immobilizationsubj.x,@7musicsubj.x,@8ballssubj.x,@9amnesiasubj.x,@10spaceGeoMean.x,@10spacebarsubj1.x,@10spacebarsubj2.x,@4Tastesweetsubj.x,@4Tastesoursubj.x,Q25_1,Q25_2,Q25_3,Q25_4,Q25_5,Q25_6,Q25_7,Q25_8,Q25_9,Q25_10,Q25_11,Q25_12,Q25_13,Q25_14,Q25_15,Q25_16,Q25_17,Q25_18,Q25_19,Q25_20,Q25_21,Q25_22,Q25_23,Q25_24,Q25_25,Q25_26,Q25_27,Q25_28,DEStime_PageSubmit,DES_score,DES_mean_centred,PCS,PCS_meancentred,DESxPCS
229,21,Woman,140.377,5,4,5,4,2,2,1,3,4,4,5,0,0,-1,-1,-1,1,2,1,4.666666667,2.666666667,3.4,0,-1,0.75,3.577777778,856,20,Woman,0,2,0,0.5,0,0,0,0,3,0,0,2,0,1,0,1,0,0,0,0,0,0,0,0,0,0,0,0,0,0,0,0,0,0,0,0,1,0,0,0,0,0,112.773,0.071428571,-2.545034844,0.55,-1.239148343,3.154
199,18,Woman,107.105,0,0,0,0,0,0,0,0,0,0,0,0,0,0,0,0,0,0,0,0,0,0,0,0,0,0,881,18,Woman,5,5,0,0,4,4,0,0,1,2,4,1,0,0,1,1,0,0,0,0,0,0,0,0,0,0,0,0,0,0,0,0,0,0,1,0,0,0,0,0,0,0,227.264,0.107142857,-2.509320558,2.1,0.310851657,-0.78
224,18,Man,121.115,0,0,0,0,0,0,0,0,0,0,0,-2,-2,-2,-2,-2,-2,-2,-2,0,0,0,-2,-2,-2,0,404,18,Man,1,2,1,1.5,1,5,0,0,1,0,4,0,0,3,0,1,0,0,0,0,0,0,0,0,0,0,0,0,0,0,0,1,0,0,5,0,1,0,0,0,0,0,366.25,0.285714286,-2.330749129,1.25,-0.539148343,1.257
151,19,Woman,82.229,0,0,0,2,1,0,0,0,0,0,0,-1,-2,-1,-2,-1,-2,-1,-1,0,1,0,-1.5,-1.5,-1.25,0.333333333,746,18,Woman,5,4,2,2,3,4,3,0,2,0,0,5,1,3,1,2,0,0,0,0,0,0,0,0,0,0,0,1,0,0,0,1,1,1,2,0,0,0,0,0,0,0,264.653,0.321428571,-2.295034844,2.5,0.710851657,-1.631
84,20,Woman,35.49,0,0,0,0,0,0,0,0,0,0,0,-2,0,-2,-2,1,1,0,-2,0,0,0,-1,-2,0,0,544,19,Woman,4,5,0,0.5,4,3,0,0,1,2.24,5,1,1,0,2,2,0,0,0,0,0,0,0,0,0,0,0,0,0,0,1,1,0,1,2,1,0,0,0,0,0,0,134.692,0.357142857,-2.259320558,1.974,0.184851657,-0.418
138,18,Woman,62.002,0,0,1,2,2,0,1,0,0,0,1,-1,-2,-1,-2,-1,-1,-1,-1,0.333333333,1.333333333,0.4,-1.5,-1.5,-1,0.688888889,109,18,Woman,4,4,1,2.5,5,2,0,0,2,1.732050808,3,1,3,2,3,3,0,0,0,0,0,0,0,1,0,0,0,1,0,0,2,0,1,0,0,0,0,0,0,0,0,0,303.201,0.392857143,-2.223606272,2.223205081,0.434056738,-0.965
214,19,Woman,99.039,0,0,0,2,0,0,1,1,1,0,0,-1,-2,-2,-2,-1,-1,-1,-1,0,0.666666667,0.6,-1.5,-2,-1,0.422222222,411,19,Woman,5,4,1,1.5,3,4,0,0,4,1.732050808,3,1,1,2,2,1,0,1,0,0,0,0,0,1,1,1,0,1,1,0,0,1,0,1,0,0,1,0,0,0,0,0,290.977,0.428571429,-2.187891986,2.423205081,0.634056738,-1.387
124,19,Woman,59.733,0,0,0,1,0,0,0,0,0,0,0,1,1,1,1,1,0,2,0,0,0.333333333,0,1,1,0.75,0.111111111,716,18,Woman,4,3,5,0,3,5,0,0,2,0,5,0,0,0,2,3,0,0,2,3,0,1,0,0,0,0,0,0,0,0,0,0,0,0,0,0,0,0,0,0,0,1,88.352,0.428571429,-2.187891986,2.2,0.410851657,-0.899
310,21,Man,141.5,0,0,0,3,0,0,0,0,0,0,3,-1,-1,-1,-1,0,0,1,0,0,1,0.6,-1,-1,0.25,0.533333333,560,20,Man,4,4,1,3,4,2,0,0,2,0,2,0,1,5,0,1,0,0,0,0,0,0,0,0,0,0,0,1,0,0,2,0,0,0,7,0,0,0,0,0,1,0,702.768,0.428571429,-2.187891986,2,0.210851657,-0.461
90,19,Woman,44.75,0,1,0,0,0,0,0,0,1,1,0,0,0,0,0,0,0,0,0,0.333333333,0,0.4,0,0,0,0.244444444,725,18,Woman,3,2,0,1,2,3,0,5,2,0,0,0,1,1,3,6,0,0,0,0,0,0,0,0,1,0,0,0,0,0,1,0,0,0,0,2,0,0,0,0,0,0,104.355,0.464285714,-2.152177701,1.8,0.010851657,-0.023
393,19,Woman,269.346,1,0,0,2,1,0,0,1,1,0,1,1,0,-1,-1,0,0,-1,-1,0.333333333,1,0.6,0.5,-1,-0.5,0.644444444,568,18,Woman,3,4,0,1,3,3,0,0,4,0,0,4,1,1,0,2,0,0,1,0,0,0,0,0,0,0,1,4,0,0,0,1,0,0,1,0,0,0,0,0,3,0,363.894,0.464285714,-2.152177701,1.8,0.010851657,-0.023
220,18,Woman,59.662,0,0,0,0,0,0,0,0,0,0,0,0,0,0,0,0,0,0,0,0,0,0,0,0,0,0,461,18,Woman,3,2,3,1.5,3,4,0,0,0,0,0,0,1,2,1,3,0,0,0,0,1,0,0,0,1,0,0,0,3,0,0,0,0,2,1,0,0,0,0,0,1,0,249.911,0.464285714,-2.152177701,1.65,-0.139148343,0.299
438,49,Man,195.303,0,0,0,0,0,0,0,0,0,0,2,-1,-1,0,-1,-2,-1,0,-1,0,0,0.4,-1,-0.5,-1,0.133333333,162,49,Man,2,0,2,0,1,2,0,0,0,0,0,0,0,0,1,3,0,0,0,0,0,0,2,0,0,1,0,1,0,0,0,0,1,1,1,0,2,0,0,0,0,0,399.827,0.464285714,-2.152177701,0.7,-1.089148343,2.344
328,44,Woman,177.434,0,0,2,0,0,0,2,0,1,0,0,-1,-1,-1,-1,0,1,0,0,0.666666667,0,0.6,-1,-1,0.25,0.422222222,565,43,Woman,5,4,3,1.5,5,5,1,0,1,0,3,0,2,1,2,1,0,0,0,0,1,0,0,0,0,0,0,1,1,0,1,1,2,2,1,0,1,0,0,0,0,0,418.048,0.5,-2.116463415,2.55,0.760851657,-1.61
96306,18,Woman,102.417,0,0,0,0,0,0,2,0,0,0,0,-1,0,-2,-2,0,0,-2,-2,0,0,0.4,-0.5,-2,-1,0.133333333,277,18,Woman,4,4,0,1.5,2,2,0,0,4,0,0,1,1,2,0,1,0,0,0,0,0,0,1,0,0,1,0,1,1,0,1,2,1,2,3,0,0,0,0,0,0,0,293.727,0.5,-2.116463415,1.75,-0.039148343,0.083
303,18,Woman,102.097,0,0,0,0,0,0,0,0,0,0,0,-1,-2,-2,-2,-1,-1,-1,0,0,0,0,-1.5,-2,-0.75,0,349,18,Woman,4,2,0,0,3,4,0,0,2,0,0,5,0,0,2,4,0,0,0,0,0,0,0,0,0,0,0,0,2,0,1,1,0,2,0,0,1,1,0,0,0,0,290.54,0.5,-2.116463415,1.5,-0.289148343,0.612
117,19,Woman,62.638,0,0,0,0,0,0,1,1,1,0,1,1,1,0,1,1,1,1,1,0,0,0.8,1,0.5,1,0.266666667,143,19,Woman,4,4,2,3.5,2,4,0,0,4,3.464101615,3,4,4,3,1,1,1,0,0,0,0,0,1,1,0,1,0,0,1,1,1,1,0,1,1,1,0,1,1,0,0,0,176.274,0.535714286,-2.080749129,2.696410162,0.907261819,-1.888
236,20,Woman,152.974,2,0,0,1,0,0,2,1,2,0,0,-1,-1,1,-1,-1,-1,0,1,0.666666667,0.333333333,1,-1,0,-0.25,0.666666667,696,19,Woman,4,3,2,4,4,4,0,0,1,0,1,0,4,4,0,1,1,0,0,0,0,0,0,0,0,1,0,0,1,1,1,1,0,2,2,1,1,1,0,0,1,0,258.477,0.535714286,-2.080749129,2.2,0.410851657,-0.855
174,18,Woman,82.608,1,1,0,0,0,0,0,0,0,0,0,1,1,-1,-1,-1,-1,0,0,0.666666667,0,0,1,-1,-0.5,0.222222222,310,18,Woman,4,4,3,2,4,3,0,0,3,0,0,3,1,3,1,1,0,0,0,0,0,1,0,1,0,0,0,1,2,1,1,1,1,1,0,1,1,1,0,1,0,0,409.41,0.571428571,-2.045034844,2.3,0.510851657,-1.045
87,26,Woman,36.268,0,0,0,0,0,0,0,0,0,0,0,1,1,1,1,1,1,1,-1,0,0,0,1,1,0.5,0,781,26,Woman,3,4,2,4.5,3,3,0,0,3,0,0,5,4,5,2,2,0,0,1,0,0,0,1,0,0,0,0,1,1,1,1,0,0,0,3,0,0,2,0,1,0,0,183.4,0.571428571,-2.045034844,2.25,0.460851657,-0.942
183,18,Woman,46.401,0,0,0,0,0,0,0,0,0,0,0,-2,-2,-1,-2,-1,-1,1,-2,0,0,0,-2,-1.5,-0.75,0,133,18,Woman,5,5,0,1,5,2,0,0,0,0,4,0,1,1,1,2,0,0,0,0,0,0,0,0,0,0,0,0,0,1,0,0,2,0,2,5,0,3,0,0,0,0,214.576,0.571428571,-2.045034844,1.8,0.010851657,-0.022
89,19,Woman,36.629,0,1,0,0,0,0,0,0,0,0,0,1,1,1,1,0,1,1,1,0.333333333,0,0,1,1,0.75,0.111111111,852,18,Woman,4,3,0,0,3,1,0,0,4,0,0,3,0,0,0,4,0,0,0,1,0,0,0,1,0,0,0,0,2,0,2,0,1,2,0,1,0,1,1,0,0,0,138.001,0.571428571,-2.045034844,1.5,-0.289148343,0.591
228,19,Woman,67.148,0,0,0,0,0,0,0,0,0,0,0,0,-1,-1,-2,0,0,0,1,0,0,0,-0.5,-1.5,0.25,0,370,19,Woman,3,3,1,0,3,1,1,0,0,0,0,0,0,0,0,2,1,0,0,0,0,0,0,1,0,0,0,0,1,1,1,1,1,0,4,1,1,1,0,0,0,0,314.411,0.571428571,-2.045034844,1.2,-0.589148343,1.205
261,24,Woman,140.597,0,0,0,0,0,0,5,2,0,0,3,2,2,0,-2,2,0,1,1,0,0,2,2,-1,1,0.666666667,598,23,Woman,3,4,2,4,3,4,0,0,2,2.45,2,3,3,5,1,2,0,0,1,1,0,1,0,1,0,0,0,2,1,0,0,0,0,0,2,0,0,3,2,0,0,0,491.137,0.607142857,-2.009320558,2.445,0.655851657,-1.318
192,19,Man,127.795,0,0,0,2,2,1,0,0,0,0,0,-2,-2,-2,-2,0,-1,-2,-2,0,1.666666667,0,-2,-2,-1.25,0.555555556,868,18,Man,4,4,2,3,4,1,0,0,1,0,0,0,4,2,4,2,0,0,0,0,0,0,0,1,0,0,0,1,1,1,1,1,0,3,2,0,0,0,0,0,0,0,249.712,0.607142857,-2.009320558,1.9,0.110851657,-0.223
252,18,Woman,115.219,0,0,0,0,0,0,0,0,0,0,0,-1,0,-1,-2,0,-1,-1,-1,0,0,0,-0.5,-1.5,-0.75,0,92,18,Woman,3,1,4,0,1,1,0,0,0,0,2,0,0,0,1,2,0,0,0,0,0,0,0,0,0,0,0,1,0,1,0,0,1,0,7,3,0,0,0,1,0,0,322.286,0.607142857,-2.009320558,1,-0.789148343,1.586
182,19,Woman,104.735,0,0,0,0,0,0,0,0,0,0,0,-2,-2,-2,-2,-2,-2,-2,-2,0,0,0,-2,-2,-2,0,519,18,Woman,5,2,1,1.5,4,3,0,5,0,0,4,0,2,1,0,3,0,0,2,0,0,0,0,0,0,0,0,1,10,0,0,0,0,0,2,0,0,0,0,0,0,0,223.46,0.642857143,-1.973606272,2.15,0.360851657,-0.712
439,19,Man,327.086,0,0,0,0,0,0,1,0,1,0,0,-2,-2,-2,-2,-2,-2,-2,-2,0,0,0.4,-2,-2,-2,0.133333333,240,19,Man,1,3,1,3,2,4,0,0,1,0,4,0,2,4,2,1,0,0,0,0,0,0,1,0,0,0,0,0,1,1,1,1,0,1,5,2,2,0,0,0,0,0,477.09,0.642857143,-1.973606272,1.5,-0.289148343,0.571
252,19,Man,153.671,0,0,0,0,0,0,0,0,0,0,0,-2,-2,-2,-2,-2,-2,-2,-2,0,0,0,-2,-2,-2,0,27,19,Man,2,1,0,0,3,0,0,0,0,0,0,5,0,0,3,3,0,0,0,1,0,0,0,0,1,0,0,1,0,0,3,0,1,1,1,2,1,0,0,0,0,0,1200.824,0.642857143,-1.973606272,0.6,-1.189148343,2.347
339,19,Woman,192.56,0,0,0,0,2,0,5,4,2,0,0,-1,-1,0,-2,2,0,1,2,0,0.666666667,2.2,-1,-1,1.25,0.955555556,536,18,Woman,5,4,2,1,3,4,0,0,1,1.41,2,1,0,2,3,4,1,0,1,1,0,0,2,1,0,0,0,0,1,0,0,0,0,1,0,0,1,2,1,0,0,0,365.701,0.678571429,-1.937891986,2.141,0.351851657,-0.682
318,18,Woman,179.811,0,1,2,1,1,0,0,0,0,0,0,-1,0,0,-2,-1,0,-1,-1,1,0.666666667,0,-0.5,-1,-0.75,0.555555556,72,18,Woman,3,2,0,0.5,2,0,0,0,2,0,5,0,0,1,2,3,0,0,0,0,0,0,2,1,0,1,0,0,1,0,1,0,2,1,0,0,2,1,1,1,0,0,229.481,0.678571429,-1.937891986,0.95,-0.839148343,1.626
169,18,Another,98.078,0,0,2,1,0,1,4,0,0,1,0,-2,-2,-2,-2,1,1,1,1,0.666666667,0.666666667,1,-2,-2,1,0.777777778,254,18,Non-binary,3,2,4,1,2,2,2,0,2,0,0,5,1,1,0,1,0,0,0,0,1,0,0,2,0,0,1,1,2,0,1,1,0,3,3,0,0,1,1,0,2,0,228.766,0.714285714,-1.902177701,1.8,0.010851657,-0.021
176,20,Woman,74.69,0,0,0,3,0,0,0,0,1,0,0,1,-1,-1,-1,-1,0,-1,-1,0,1,0.2,0,-1,-0.75,0.4,571,19,Woman,3,2,0,0,3,1,0,0,3,0,0,5,0,0,2,3,1,0,1,1,0,0,0,0,0,0,0,1,0,0,2,1,3,1,1,1,0,1,0,1,0,0,262.969,0.714285714,-1.902177701,1.2,-0.589148343,1.121
137,18,Woman,71.001,0,0,0,2,0,0,0,0,0,0,0,1,0,-1,1,-2,-1,-1,0,0,0.666666667,0,0.5,0,-1,0.222222222,4,18,Woman,3,3,0,1,3,5,0,5,0,0,0,5,0,2,2,2,0,0,0,0,0,2,1,1,0,0,0,2,2,0,0,0,1,2,4,0,0,2,0,0,0,0,241.126,0.75,-1.866463415,2,0.210851657,-0.394
224,20,Woman,96.682,0,0,0,1,0,0,2,0,1,0,0,1,1,1,0,1,0,2,2,0,0.333333333,0.6,1,0.5,1.25,0.311111111,872,19,Woman,5,5,3,3,3,4,0,0,4,1.73,3,1,4,2,2,3,0,0,1,0,0,0,0,1,0,0,0,2,1,0,3,3,1,1,1,0,1,2,0,0,0,0,296.904,0.785714286,-1.830749129,2.873,1.083851657,-1.984
209,18,Woman,91.304,0,0,0,0,0,0,1,0,0,0,0,1,0,1,0,0,1,1,0,0,0,0.2,0.5,0.5,0.5,0.066666667,97,18,Woman,4,3,1,2,5,3,2,0,1,0,5,0,3,1,3,7,0,0,0,0,0,0,0,0,0,0,0,0,1,0,1,1,1,2,1,0,0,4,1,0,0,0,246.338,0.785714286,-1.830749129,2.1,0.310851657,-0.569
127,20,Woman,63.937,0,0,0,0,0,0,0,0,0,0,0,-2,-2,-2,-2,-2,-2,-2,-2,0,0,0,-2,-2,-2,0,210,20,Woman,2,2,0,2.5,2,1,0,0,0,0,5,0,1,4,2,4,0,0,0,0,0,0,0,1,0,0,0,3,1,2,2,0,3,0,1,0,0,2,0,1,0,0,240.886,0.785714286,-1.830749129,0.95,-0.839148343,1.536
127,18,Prefer not to say,68.62,0,0,0,4,0,4,0,0,0,0,0,-2,-2,-2,-2,-2,-2,-2,-2,0,2.666666667,0,-2,-2,-2,0.888888889,358,19,Other/prefer not to say,4,4,4,0,5,2,0,0,0,5,5,5,0,0,1,3,0,0,1,1,1,0,0,1,0,0,1,0,1,1,0,1,2,4,2,1,0,0,0,1,1,0,155.935,0.821428571,-1.795034844,2.4,0.610851657,-1.097
146,27,Woman,72.547,3,0,0,4,0,0,5,1,0,0,5,0,0,1,1,0,0,2,2,1,1.333333333,2.2,0,1,1,1.511111111,668,26,Woman,5,5,0,1.5,4,3,0,0,3,0,0,0,3,0,3,3,0,0,1,0,1,0,0,1,1,0,0,2,2,0,1,2,3,0,2,0,0,0,0,0,0,1,174.517,0.821428571,-1.795034844,2.15,0.360851657,-0.648
177,19,Woman,91.501,0,1,1,4,1,0,0,0,0,0,1,-1,0,-2,-2,-1,-1,0,0,0.666666667,1.666666667,0.2,-0.5,-2,-0.5,0.844444445,831,19,Woman,5,4,1,0.5,4,3,0,0,2,1.41,1,2,0,1,2,3,0,0,2,0,0,1,0,2,0,0,0,3,3,0,0,1,0,1,0,1,0,2,0,0,2,0,197.568,0.821428571,-1.795034844,2.091,0.301851657,-0.542
175,19,Woman,109.3,1,0,0,0,0,0,0,0,0,0,0,0,1,0,-1,0,1,1,1,0.333333333,0,0,0.5,-0.5,0.75,0.111111111,620,18,Woman,3,1,0,2,3,2,0,0,3,2.24,1,5,2,2,0,4,0,0,0,0,0,0,1,1,0,0,0,1,1,0,1,0,0,2,7,1,1,3,0,0,0,0,407.78,0.821428571,-1.795034844,1.624,-0.165148343,0.296
150,19,Woman,87.489,0,0,0,3,3,1,0,0,0,0,0,0,-1,1,1,1,1,1,1,0,2.333333333,0,-0.5,1,1,0.777777778,871,18,Woman,4,1,1,2.5,1,2,0,0,0,0,0,5,2,3,1,2,0,0,0,1,0,0,0,1,1,3,3,1,1,1,1,0,1,1,0,2,2,1,0,0,0,0,228.186,0.821428571,-1.795034844,1.15,-0.639148343,1.147
299,19,Woman,93.494,0,0,0,3,0,1,0,0,0,0,0,1,0,1,-1,1,0,1,0,0,1.333333333,0,0.5,0,0.5,0.444444444,634,18,Woman,4,5,3,5,5,3,0,0,3,0,0,0,5,5,2,6,0,0,0,0,1,0,0,0,0,1,0,0,1,0,2,3,0,0,3,3,2,0,0,0,0,0,238.503,0.857142857,-1.759320558,2.8,1.010851657,-1.778
272,19,Woman,201.546,0,0,1,0,0,0,1,0,0,0,0,-1,0,-2,-2,1,1,1,0,0.333333333,0,0.2,-0.5,-2,0.75,0.177777778,84,19,Woman,4,4,1,2,2,3,0,0,2,0,3,0,2,2,3,3,1,0,0,0,0,0,1,1,0,0,0,1,2,1,0,0,0,1,4,0,1,4,1,0,0,0,261.296,0.857142857,-1.759320558,1.8,0.010851657,-0.019
224,19,Woman,101.072,0,0,0,1,3,0,1,4,1,0,4,0,0,0,-2,1,0,2,1,0,1.333333333,2,0,-1,1,1.111111111,65,19,Woman,5,2,2,0.5,2,3,0,0,3,0,5,0,0,1,2,2,1,0,0,0,1,0,0,1,0,1,0,1,3,1,2,0,1,2,1,1,1,1,1,1,0,0,217.263,0.857142857,-1.759320558,1.75,-0.039148343,0.069
174,20,Woman,81.607,0,0,0,0,0,0,0,0,0,0,0,-2,-2,-2,-2,0,-2,0,0,0,0,0,-2,-2,-0.5,0,649,19,Woman,2,2,3,0,3,3,0,0,1,1,1,1,0,0,2,6,2,1,1,0,0,0,0,1,0,0,0,0,2,1,1,1,1,2,0,0,1,1,0,0,0,1,403.854,0.857142857,-1.759320558,1.5,-0.289148343,0.509
338,18,Woman,185.831,0,0,0,2,0,0,0,0,0,0,0,1,-2,-2,-2,-2,0,-1,-2,0,0.666666667,0,-0.5,-2,-1.25,0.222222222,397,18,Woman,3,1,1,4,3,2,0,0,0,0,4,0,3,5,2,2,1,0,0,1,0,0,0,3,0,0,1,2,0,2,0,1,0,4,1,0,0,2,2,0,0,0,515.56,0.857142857,-1.759320558,1.4,-0.389148343,0.685
95,19,Woman,42.301,0,0,0,0,0,0,0,0,0,0,0,-2,-2,-1,-2,-1,-1,-1,-1,0,0,0,-2,-1.5,-1,0,790,18,Woman,5,5,0,1,4,4,0,0,1,0,0,3,1,1,3,6,0,0,1,0,0,0,1,0,0,0,0,1,1,0,1,0,0,1,3,0,2,4,1,0,0,0,199.058,0.892857143,-1.723606272,2,0.210851657,-0.363
194,19,Woman,110.48,4,5,3,0,0,0,3,3,0,3,2,1,1,-2,-2,0,-1,1,0,4,0,2.2,1,-2,0,2.066666667,186,19,Woman,4,4,1,2.5,3,3,0,0,0,0,4,0,1,4,1,3,0,0,0,0,0,0,1,0,0,0,0,0,4,0,0,1,0,1,7,0,3,4,0,0,0,0,659.524,0.892857143,-1.723606272,1.75,-0.039148343,0.067
137,19,Woman,54.216,0,0,0,1,0,0,0,0,0,0,0,0,0,0,0,0,0,0,0,0,0.333333333,0,0,0,0,0.111111111,900,19,Woman,4,1,2,0.5,4,2,0,0,4,0,5,0,0,1,8,3,0,0,1,0,0,0,1,1,0,1,1,1,1,0,0,0,1,2,2,0,1,1,1,0,0,0,218.383,0.928571429,-1.687891986,1.75,-0.039148343,0.066
210,18,Man,57.627,0,0,0,0,0,0,0,0,0,0,0,-1,1,0,0,0,1,-1,-1,0,0,0,0,0,-0.25,0,83,18,Man,5,5,0,0,4,3,1,0,0,0,5,0,0,0,2,1,0,0,0,0,0,0,3,7,0,0,0,0,2,0,1,0,0,0,4,0,3,2,1,0,0,0,189.162,0.928571429,-1.687891986,1.8,0.010851657,-0.018
186,18,Woman,51.53,0,1,0,0,0,0,0,0,0,0,0,1,1,-1,-1,-1,2,1,1,0.333333333,0,0,1,-1,0.75,0.111111111,59,18,Woman,3,4,2,2,5,4,0,0,1,0,5,0,1,3,0,4,0,0,4,0,0,0,1,1,1,0,0,1,2,1,1,0,1,1,1,5,1,1,0,0,1,0,246.52,0.964285714,-1.652177701,2.1,0.310851657,-0.514
278,20,Woman,120.357,2,4,0,1,0,0,0,0,0,0,0,-1,-1,-1,-1,-1,-2,0,-1,2,0.333333333,0,-1,-1,-1,0.777777778,515,19,Woman,2,3,0,5,3,0,0,0,0,5,5,5,5,5,1,2,0,0,0,0,0,0,0,0,0,1,0,2,2,1,2,5,4,2,0,2,3,0,0,0,0,0,256.344,0.964285714,-1.652177701,1.8,0.010851657,-0.018
284,19,Woman,105.836,0,0,0,0,0,0,2,3,0,0,0,-2,0,-2,-2,0,-2,0,-1,0,0,1,-1,-2,-0.75,0.333333333,733,18,Woman,4,2,1,2,3,4,0,0,0,0,4,0,2,2,0,3,0,0,1,1,0,0,2,1,0,1,0,2,2,2,1,1,1,1,3,2,2,0,0,0,1,0,357.275,0.964285714,-1.652177701,1.6,-0.189148343,0.313
435,18,Man,215.684,1,1,0,2,1,0,3,0,1,5,3,-1,-1,-1,-1,1,-1,1,0,0.666666667,1,2.4,-1,-1,0.25,1.355555556,203,18,Man,3,4,4,1.5,1,1,1,0,0,0,0,2,0,3,1,1,0,0,1,0,0,0,0,1,0,0,0,1,2,0,1,1,7,2,3,2,1,1,1,0,1,0,385.951,0.964285714,-1.652177701,1.55,-0.239148343,0.395
327,20,Woman,59.596,0,0,0,0,0,0,0,0,0,0,0,-2,-1,-2,-2,-2,-1,-1,-1,0,0,0,-1.5,-2,-1.25,0,705,19,Woman,4,4,0,0,2,0,0,0,1,3.46,4,3,0,0,2,2,0,0,0,0,0,0,0,0,0,0,0,0,1,0,0,1,4,2,5,1,6,1,1,0,1,0,245.855,0.964285714,-1.652177701,1.446,-0.343148343,0.567
241,18,Woman,126.933,0,0,0,2,1,0,3,2,2,1,0,-1,-1,-2,-2,0,1,0,0,0,1,1.6,-1,-2,0.25,0.866666667,268,18,Woman,1,2,0,0,2,1,0,0,0,1,1,1,0,0,2,3,0,0,1,0,0,0,2,1,0,1,0,0,3,1,1,2,1,5,0,2,0,1,1,0,0,0,522.696,0.964285714,-1.652177701,0.7,-1.089148343,1.799
188,20,Woman,99.104,0,0,0,5,5,4,4,0,0,0,0,-2,-2,1,-1,2,-2,-2,-1,0,4.666666667,0.8,-2,0,-0.75,1.822222222,903,19,Woman,0,0,0,0,0,0,0,0,0,0,0,0,0,0,1,4,0,0,0,0,0,0,0,0,0,1,0,7,1,0,0,0,1,1,9,1,0,1,0,0,0,0,244.898,0.964285714,-1.652177701,0,-1.789148343,2.956
115,18,Woman,43.116,2,1,3,0,0,0,0,0,0,0,0,0,0,-1,0,-2,-1,-1,-2,2,0,0,0,-0.5,-1.5,0.666666667,791,18,Woman,4,3,1,2,4,3,1,0,4,0,0,1,2,2,2,6,0,0,0,3,0,0,0,0,0,0,0,3,4,1,3,1,0,2,2,0,1,0,0,0,0,0,158.11,1,-1.616463415,2.2,0.410851657,-0.664
130,18,Woman,59.337,0,1,0,0,0,0,0,0,1,0,0,-1,-1,0,-1,0,-1,0,0,0.333333333,0,0.2,-1,-0.5,-0.25,0.177777778,204,18,Woman,4,5,2,1.5,4,4,2,0,2,0,0,1,1,2,1,3,0,0,1,0,0,0,0,2,0,0,0,3,2,3,3,2,0,1,4,1,1,1,0,1,0,0,273.701,1.035714286,-1.580749129,2.45,0.660851657,-1.045
164,19,Woman,84.922,0,0,0,2,4,0,0,0,0,0,0,-2,-2,-1,-1,0,-2,-2,-2,0,2,0,-2,-1,-1.5,0.666666667,327,19,Woman,5,4,0,0,5,3,0,0,0,0,5,0,0,0,1,2,0,0,1,0,0,0,1,0,0,1,0,1,2,0,0,1,0,2,9,3,1,1,0,2,0,1,256.332,1.035714286,-1.580749129,1.7,-0.089148343,0.141
137,21,Man,90.53,2,2,1,5,5,5,4,1,2,0,3,-1,-1,2,2,2,2,0,0,1.666666667,5,2,-1,2,1,2.888888889,517,20,Man,5,2,0,1.5,3,1,3,0,0,0,0,5,3,0,0,8,0,0,0,0,0,0,0,1,0,5,0,0,3,0,0,3,0,1,0,0,5,1,0,0,0,2,273.8,1.035714286,-1.580749129,1.55,-0.239148343,0.378
217,18,Another,81.962,0,0,0,2,2,0,0,0,0,0,0,1,0,1,0,0,0,0,1,0,1.333333333,0,0.5,0.5,0.25,0.444444444,390,18,Non-binary,3,4,1,0.5,2,1,0,0,3,0,5,0,0,1,3,4,0,0,0,0,0,0,3,2,0,0,0,0,0,0,2,2,1,3,7,0,0,1,1,0,0,0,258.583,1.035714286,-1.580749129,1.45,-0.339148343,0.536
139,19,Woman,82.063,0,0,2,3,2,0,4,1,0,1,3,1,2,1,0,2,2,2,2,0.666666667,1.666666667,1.8,1.5,0.5,2,1.377777778,895,18,Woman,4,3,2,2.5,5,4,0,0,3,0,0,0,2,3,1,4,0,0,0,0,2,0,0,3,0,3,4,1,0,1,0,0,1,4,1,0,2,0,0,0,0,3,216.578,1.071428571,-1.545034844,2.35,0.560851657,-0.867
205,18,Woman,73.99,0,1,0,0,0,0,2,0,0,0,1,0,1,0,-1,0,0,2,0,0.333333333,0,0.6,0.5,-0.5,0.5,0.311111111,129,18,Woman,2,0,2,0.5,0,3,3,0,1,0,5,0,0,1,1,3,0,0,1,3,0,0,0,0,0,3,1,0,4,0,3,0,1,5,4,0,0,0,1,0,0,0,215.65,1.071428571,-1.545034844,1.15,-0.639148343,0.988
303,20,Woman,218.1,0,0,0,2,0,0,0,0,0,0,1,0,0,0,-1,0,0,1,0,0,0.666666667,0.2,0,-0.5,0.25,0.288888889,243,20,Woman,2,2,0,0,4,1,0,0,1,2.449489743,2,3,0,0,2,3,2,0,1,0,0,0,0,0,0,0,0,1,4,0,1,0,1,1,1,1,4,5,2,1,0,0,413.696,1.071428571,-1.545034844,1.244948974,-0.544199368,0.841
246,20,Woman,141.232,3,2,1,2,0,0,1,0,0,0,0,0,0,-1,-2,0,0,0,0,2,0.666666667,0.2,0,-1.5,0,0.955555556,879,19,Woman,2,2,1,1,2,1,0,0,1,0,2,0,1,1,2,6,1,0,0,0,1,0,0,1,0,0,1,0,1,0,3,1,1,0,7,1,1,2,0,0,1,0,1345.269,1.071428571,-1.545034844,1,-0.789148343,1.219
210,31,Man,157.314,1,0,1,5,5,5,5,4,1,4,5,1,2,2,2,2,2,2,1,0.666666667,5,3.8,1.5,2,1.75,3.155555556,346,31,Man,2,4,1,3.5,3,3,0,3,0,1.414213562,2,1,4,3,1,3,0,0,0,0,0,0,0,0,0,1,0,0,0,0,5,3,1,1,2,8,3,1,0,0,2,0,430.883,1.107142857,-1.509320558,2.091421356,0.302273013,-0.456
178,19,Woman,107.157,2,1,0,2,2,0,3,0,0,0,0,0,1,0,0,1,1,0,1,1,1.333333333,0.6,0.5,0,0.75,0.977777778,506,18,Woman,3,3,1,0.5,4,4,0,0,3,0,0,5,0,1,1,4,0,0,1,0,0,0,3,1,1,3,2,1,1,1,1,0,2,4,0,1,2,1,0,0,0,1,229.988,1.107142857,-1.509320558,1.85,0.060851657,-0.092
317,18,Woman,76.763,0,0,0,1,1,0,0,0,0,0,0,-1,-1,-1,-2,-2,0,-1,-2,0,0.666666667,0,-1,-1.5,-1.25,0.222222222,53,18,Woman,4,2,0,0,1,1,0,0,2,0,3,0,0,0,1,3,0,0,0,0,0,0,0,0,0,1,1,0,2,0,2,0,1,2,8,5,1,2,1,1,0,0,183.5,1.107142857,-1.509320558,1,-0.789148343,1.191
366,19,Woman,172.519,0,2,0,1,0,3,3,0,0,0,0,1,0,-1,0,-2,-1,-1,-1,0.666666667,1.333333333,0.6,0.5,-0.5,-1.25,0.866666667,901,18,Woman,5,3,4,0.5,5,0,0,0,1,0,5,0,1,0,2,4,1,0,1,2,0,0,0,0,1,1,0,0,1,2,3,0,0,3,3,4,2,1,0,0,0,1,286.549,1.142857143,-1.473606272,1.85,0.060851657,-0.09
197,20,Woman,104.678,0,0,0,0,0,0,3,0,0,0,0,0,1,-1,-1,1,0,0,1,0,0,0.6,0.5,-1,0.5,0.2,430,20,Woman,4,3,1,3,4,3,0,0,1,0,0,5,2,4,1,3,1,0,0,0,0,0,0,1,0,1,0,1,6,1,2,3,0,2,3,3,1,2,1,0,0,0,219.395,1.142857143,-1.473606272,1.9,0.110851657,-0.163
347,58,Woman,201.892,0,0,0,2,1,0,4,0,4,1,4,-1,-2,1,0,-1,-1,1,1,0,1,2.6,-1.5,0.5,0,1.2,659,57,Woman,4,4,0,2.5,3,4,0,0,0,0,0,3,2,3,2,2,2,1,0,0,0,0,0,0,1,0,0,4,0,1,1,2,1,2,1,3,2,2,2,1,0,2,454.362,1.142857143,-1.473606272,1.75,-0.039148343,0.058
194,19,Woman,96.442,0,0,0,0,0,0,1,0,0,1,1,-1,1,1,-1,-1,-1,-1,-1,0,0,0.6,0,0,-1,0.2,687,18,Woman,3,1,0,2.5,3,3,0,0,2,0,0,4,3,2,2,3,2,0,0,0,0,0,1,1,0,2,2,3,2,0,1,2,2,2,1,0,2,1,2,0,0,1,180.962,1.142857143,-1.473606272,1.45,-0.339148343,0.5
132,18,Woman,68.854,0,0,3,2,1,1,3,0,0,1,3,0,1,1,1,1,1,1,1,1,1.333333333,1.4,0.5,1,1,1.244444444,552,18,Woman,4,5,3,0.5,4,4,0,0,3,2,1,4,1,0,1,3,2,1,0,0,0,0,0,0,3,1,2,1,2,2,3,2,1,3,1,1,1,2,1,0,0,0,242.379,1.178571429,-1.437891986,2.55,0.760851657,-1.094
138,20,Woman,75.074,0,0,1,0,0,0,0,0,1,0,0,0,-2,-2,-1,-2,1,0,-1,0.333333333,0,0.2,-1,-1.5,-0.5,0.177777778,691,20,Woman,4,4,0,2.5,4,2,0,0,3,0,0,5,3,2,4,4,0,0,0,0,0,0,0,3,0,0,0,1,1,0,5,0,0,4,0,0,3,5,0,3,1,0,182.403,1.214285714,-1.402177701,1.95,0.160851657,-0.226
173,29,Woman,81.623,0,3,3,4,4,5,4,0,0,0,4,2,0,1,1,2,2,2,2,2,4.333333333,1.6,1,1,2,2.644444444,775,28,Woman,4,3,2,0,5,3,0,0,0,0,0,0,0,0,1,5,0,0,0,0,0,0,0,0,0,1,1,1,2,0,1,2,2,3,6,3,0,2,0,0,3,1,243.392,1.214285714,-1.402177701,1.7,-0.089148343,0.125
193,18,Woman,78.974,0,0,0,0,0,0,3,1,1,0,0,0,0,1,-1,2,0,1,1,0,0,1,0,0,1,0.333333333,106,18,Woman,3,1,0,1.5,3,4,0,0,1,1.732050808,3,1,2,1,6,2,0,0,0,0,0,0,0,1,0,0,0,1,3,0,1,1,1,9,4,1,1,2,1,0,0,0,424.716,1.214285714,-1.402177701,1.523205081,-0.265943262,0.373
171,21,Woman,67.764,0,0,0,0,0,0,0,0,0,0,0,-1,-2,-1,-1,-1,-1,-1,-1,0,0,0,-1.5,-1,-1,0,470,20,Woman,1,3,2,0.5,3,2,0,0,1,0,4,0,1,0,1,3,0,0,0,0,0,0,1,2,0,0,0,2,2,2,3,3,5,3,0,0,2,4,1,0,0,0,254.791,1.214285714,-1.402177701,1.25,-0.539148343,0.756
294,26,Woman,163.155,0,0,0,2,0,0,5,2,0,0,3,1,1,0,0,2,1,2,0,0,0.666666667,2,1,0,1.25,0.888888889,697,25,Woman,5,2,0,2.5,3,2,0,0,3,0,5,0,4,1,1,6,0,0,1,3,0,0,0,1,0,0,0,4,1,1,2,3,4,1,1,0,2,2,0,2,0,0,432.325,1.25,-1.366463415,1.75,-0.039148343,0.053
200,20,Another,103.34,0,0,0,2,0,0,0,0,0,0,0,-2,-2,-2,-2,-2,-2,-2,-2,0,0.666666667,0,-2,-2,-2,0.222222222,201,19,Non-binary,3,1,3,3,0,0,0,0,3,4.472135955,5,4,3,3,1,2,1,0,1,0,1,0,0,1,1,0,2,0,1,0,2,0,2,1,8,4,1,1,0,0,4,1,354.416,1.25,-1.366463415,1.747213596,-0.041934747,0.057
169,19,Woman,64.598,0,0,0,0,0,0,0,0,0,0,0,-1,1,1,1,0,-1,-1,-1,0,0,0,0,1,-0.75,0,77,19,Woman,3,2,0,0.5,3,5,0,0,1,0,4,0,0,1,2,6,0,0,1,0,0,0,0,1,0,0,0,1,3,0,4,7,0,4,3,0,2,1,0,0,0,0,219.15,1.25,-1.366463415,1.45,-0.339148343,0.463
91,19,Woman,48.547,3,2,2,2,2,1,1,0,0,0,0,-1,-1,-1,-1,-1,-1,-1,-1,2.333333333,1.666666667,0.2,-1,-1,-1,1.4,802,18,Woman,4,4,0,0,4,1,0,0,0,0,0,0,0,0,0,4,0,0,0,1,0,0,0,0,1,1,1,1,1,1,8,1,0,7,0,0,0,6,1,1,0,0,199.284,1.25,-1.366463415,1.3,-0.489148343,0.668
157,19,Woman,70.646,4,3,2,5,4,4,5,3,3,3,5,2,2,2,1,2,2,1,1,3,4.333333333,3.8,2,1.5,1.5,3.711111111,124,19,Woman,5,4,4,4,5,5,3,0,4,3.16227766,5,2,4,4,2,7,1,1,0,0,7,0,6,1,0,0,0,3,1,0,1,0,1,0,1,1,1,0,0,0,1,1,154.026,1.285714286,-1.330749129,3.716227766,1.927079423,-2.564
242,20,Woman,160.477,0,1,0,0,0,0,3,4,4,4,4,0,0,1,1,1,2,2,2,0.333333333,0,3.8,0,1,1.75,1.377777778,318,20,Woman,0,4,3,4.5,4,3,0,0,1,3.872983346,3,5,5,4,3,4,0,0,0,0,0,0,0,1,0,0,0,0,2,1,2,0,1,7,7,1,1,1,1,1,3,0,392.476,1.285714286,-1.330749129,2.337298335,0.548149992,-0.729
175,19,Woman,86.949,0,0,1,0,0,0,0,0,0,0,0,-2,-1,-1,-2,-1,-1,-1,-2,0.333333333,0,0,-1.5,-1.5,-1.25,0.111111111,874,18,Woman,3,4,0,2,4,3,1,0,1,0,0,0,3,1,2,3,0,1,0,1,1,0,0,1,2,1,0,1,2,2,2,1,1,1,3,4,3,1,0,0,2,1,257.849,1.285714286,-1.330749129,1.8,0.010851657,-0.014
91,19,Woman,50.547,0,0,0,0,0,0,0,0,0,0,0,-2,-2,-2,-2,-2,-2,-2,-2,0,0,0,-2,-2,-2,0,33,19,Woman,3,3,1,1.5,1,0,0,0,4,1,1,1,1,2,1,7,3,0,3,0,0,0,3,0,0,1,0,2,2,2,0,0,1,3,3,1,1,2,0,0,1,0,150.733,1.285714286,-1.330749129,1.45,-0.339148343,0.451
127,20,Woman,46.942,0,0,0,0,0,0,4,0,3,0,1,-1,-2,-1,-1,1,1,0,-2,0,0,1.6,-1.5,-1,0,0.533333333,665,19,Woman,2,1,0,2,3,3,0,0,0,0,3,0,2,2,6,3,1,0,0,0,0,1,0,1,3,2,1,1,2,2,0,1,1,3,1,0,3,2,0,0,0,2,214.778,1.285714286,-1.330749129,1.1,-0.689148343,0.917
184,20,Woman,84.301,0,0,0,0,0,0,1,1,3,0,2,1,1,2,1,0,1,1,0,0,0,1.4,1,1.5,0.5,0.466666667,389,20,Woman,2,0,0,0,2,0,0,0,3,2.828427125,4,2,0,0,2,3,0,0,0,0,0,0,2,1,1,0,0,0,1,0,0,0,2,1,5,5,8,5,0,0,0,0,187.6,1.285714286,-1.330749129,0.982842713,-0.80630563,1.073
155,18,Woman,71.507,0,0,0,2,0,0,0,0,0,0,0,1,0,0,1,0,1,0,0,0,0.666666667,0,0.5,0.5,0.25,0.222222222,311,18,Woman,4,2,4,3.5,4,5,0,0,2,0,0,0,4,3,2,2,1,0,3,1,0,0,1,4,1,1,0,3,4,5,0,1,0,1,1,1,0,1,3,1,0,0,380.77,1.321428571,-1.295034844,2.45,0.660851657,-0.856
245,27,Woman,168,3,3,4,5,3,1,5,2,0,1,3,1,1,2,-1,0,0,1,0,3.333333333,3,2.2,1,0.5,0.25,2.844444444,123,27,Woman,4,4,0,1,3,2,0,0,3,0,0,3,0,2,2,3,1,0,1,0,1,0,0,0,1,0,2,3,1,1,0,1,3,1,7,3,4,2,0,0,0,0,283.002,1.321428571,-1.295034844,1.7,-0.089148343,0.115
108,19,Woman,56.871,0,1,2,0,0,0,1,0,0,0,1,1,0,-1,-2,2,2,2,1,1,0,0.4,0.5,-1.5,1.75,0.466666667,838,18,Woman,2,4,0,0,3,2,0,0,0,0,0,0,0,0,4,7,1,0,0,1,0,1,1,0,0,0,2,4,5,0,3,4,2,0,1,0,1,0,0,0,0,0,173.749,1.321428571,-1.295034844,1.1,-0.689148343,0.892
122,22,Woman,68.179,0,0,5,2,0,0,1,0,0,0,5,1,2,2,2,2,2,2,2,1.666666667,0.666666667,1.2,1.5,2,2,1.177777778,151,22,Woman,3,5,3,4,5,5,0,0,4,0,5,0,5,3,1,6,0,0,0,0,0,0,1,0,0,2,0,2,3,1,0,2,4,2,0,3,4,2,0,3,0,2,195.105,1.357142857,-1.259320558,2.9,1.110851657,-1.399
131,20,Woman,63.721,0,0,1,1,1,1,2,1,0,0,1,0,0,1,1,2,2,1,1,0.333333333,1,0.8,0,1,1.5,0.711111111,592,19,Woman,4,3,2,0,4,4,0,0,3,3.87,5,3,0,0,5,1,1,0,0,3,0,0,1,0,0,1,0,2,3,1,4,0,3,5,0,2,3,1,1,0,1,0,208.165,1.357142857,-1.259320558,2.387,0.597851657,-0.753
125,20,Woman,59.401,0,0,0,0,0,1,0,0,0,0,0,0,0,1,1,-2,1,1,0,0,0.333333333,0,0,1,0,0.111111111,715,19,Woman,5,3,1,2.5,4,3,0,0,2,0,0,5,3,2,2,8,2,0,2,0,0,1,0,0,0,1,0,4,3,0,3,1,1,2,4,2,2,0,0,0,0,0,238.02,1.357142857,-1.259320558,2.05,0.260851657,-0.328
161,19,Woman,96.137,2,0,1,2,0,0,4,0,0,0,4,0,1,-1,-1,-1,-1,1,1,1,0.666666667,1.6,0.5,-1,0,1.088888889,884,18,Woman,2,2,4,4.5,1,4,0,0,1,0,5,0,5,4,0,3,2,1,0,1,0,0,1,2,2,0,0,2,6,3,4,1,2,2,1,2,2,1,0,0,0,0,296.134,1.357142857,-1.259320558,1.85,0.060851657,-0.077
143,18,Another,60.757,0,0,0,1,0,1,0,0,0,0,0,-2,-1,-1,-1,-2,-2,-2,-1,0,0.666666667,0,-1.5,-1,-1.75,0.222222222,359,18,Other/prefer not to say,4,4,0,0,1,1,0,0,1,0,5,0,0,0,3,3,0,0,0,0,1,0,5,0,1,0,1,0,7,0,0,2,0,3,1,0,1,4,2,0,4,0,207.3,1.357142857,-1.259320558,1.1,-0.689148343,0.868
168,19,Man,67.043,0,0,1,0,0,0,1,0,0,0,1,-1,-1,0,-2,-1,-1,-1,-1,0.333333333,0,0.4,-1,-1,-1,0.244444444,624,18,Man,2,3,0,0.5,1,0,0,0,0,2.45,2,3,1,0,2,4,0,0,0,0,0,0,0,1,0,1,0,2,3,2,1,1,0,4,7,2,4,4,0,0,0,0,236.594,1.357142857,-1.259320558,0.895,-0.894148343,1.126
162,20,Man,70.958,0,0,0,0,0,0,0,0,0,0,0,0,-2,-2,-2,0,-2,0,0,0,0,0,-1,-2,-0.5,0,784,19,Man,5,3,2,3.5,1,3,2,0,0,3,3,3,4,3,0,1,0,0,0,0,0,0,0,0,0,0,0,0,1,0,8,7,2,0,9,8,3,0,0,0,0,0,287.78,1.392857143,-1.223606272,2.25,0.460851657,-0.564
171,19,Woman,79.378,0,0,0,2,1,0,0,0,0,0,0,-1,-2,1,-2,-1,0,-2,-1,0,1,0,-1.5,-0.5,-1,0.333333333,710,18,Woman,4,4,2,3.5,4,3,0,0,2,0,5,0,3,4,2,3,0,0,0,0,0,0,2,1,0,1,0,3,4,0,2,4,1,4,1,4,2,2,3,0,0,0,174.746,1.392857143,-1.223606272,2.25,0.460851657,-0.564
78,29,Another,41.12,0,0,0,2,0,0,0,0,0,0,0,-2,-2,-2,-2,-2,-2,-2,-2,0,0.666666667,0,-2,-2,-2,0.222222222,706,28,Non-binary,3,3,2,3,4,2,0,2,3,0,5,0,3,3,0,3,0,0,2,0,0,0,0,1,1,4,3,2,3,0,1,0,0,0,8,2,1,2,2,3,0,1,132.235,1.392857143,-1.223606272,2.2,0.410851657,-0.503
174,20,Woman,110.802,0,0,0,3,1,0,3,3,4,2,3,1,1,0,0,1,1,1,1,0,1.333333333,3,1,0,1,1.444444444,627,19,Woman,5,3,0,0,5,3,0,0,3,2.45,3,2,0,0,3,4,0,0,0,0,1,0,2,2,0,0,0,3,4,0,2,4,1,7,3,0,0,0,2,0,0,1,232.17,1.392857143,-1.223606272,2.145,0.355851657,-0.435
98,20,Woman,47.555,0,0,0,5,4,4,0,0,0,0,0,-2,-2,-2,-2,-2,-2,-2,-2,0,4.333333333,0,-2,-2,-2,1.444444444,324,20,Woman,4,3,0,1.5,3,3,0,0,2,0,0,5,2,1,0,3,0,0,0,0,0,0,0,0,0,2,1,8,1,0,0,0,0,3,10,1,4,6,0,0,0,0,146.333,1.392857143,-1.223606272,1.65,-0.139148343,0.17
224,44,Woman,137.068,3,2,4,5,5,5,5,4,2,1,3,0,-1,0,0,1,0,1,0,3,5,3,-0.5,0,0.5,3.666666667,156,44,Woman,5,4,5,1.5,5,5,2,0,0,0,0,5,1,2,3,4,0,0,0,2,0,0,0,0,0,2,0,5,1,2,0,1,8,0,9,1,1,0,0,0,1,0,274.006,1.428571429,-1.187891986,2.75,0.960851657,-1.141
198,18,Woman,90.095,1,1,0,3,3,3,2,1,1,1,2,-1,-1,1,1,2,2,2,1,0.666666667,3,1.4,-1,1,1.75,1.688888889,270,18,Woman,4,5,2,2,4,3,2,0,3,1.414213562,2,1,2,2,1,3,0,0,0,1,4,0,1,0,0,0,0,5,1,1,4,4,6,2,1,1,4,0,1,0,0,0,338.89,1.428571429,-1.187891986,2.641421356,0.852273013,-1.012
431,19,Woman,173.064,0,0,0,1,0,0,2,2,0,3,1,-1,2,1,-1,0,-1,0,0,0,0.333333333,1.6,0.5,0,-0.25,0.644444444,144,19,Woman,3,4,3,2.5,4,3,0,0,2,0,0,4,2,3,1,4,0,0,1,0,1,1,2,0,0,2,0,0,4,1,3,6,1,1,4,2,4,1,0,1,0,0,409.13,1.428571429,-1.187891986,2.15,0.360851657,-0.429
570,19,Woman,183.297,0,1,0,3,2,1,0,0,0,0,0,-1,-1,-1,-2,-2,-1,-2,-1,0.333333333,2,0,-1,-1.5,-1.5,0.777777778,616,18,Woman,5,4,2,0.5,3,2,1,0,3,0,3,0,1,0,4,6,0,0,1,0,1,0,0,0,0,0,0,1,8,1,1,9,0,1,0,0,3,1,2,0,0,1,572.301,1.428571429,-1.187891986,2.05,0.260851657,-0.31
110,19,Woman,44.983,0,0,0,0,0,0,0,0,0,0,0,-2,0,-2,-2,0,1,1,1,0,0,0,-1,-2,0.75,0,619,18,Woman,5,4,0,0,1,3,0,0,0,0,5,0,0,0,3,7,0,0,0,0,0,0,0,3,0,2,0,2,2,1,0,1,1,3,2,2,3,3,2,3,0,0,234.455,1.428571429,-1.187891986,1.3,-0.489148343,0.581
227,18,Woman,105.093,0,0,0,1,2,1,3,0,0,0,2,1,0,1,1,2,-2,1,1,0,1.333333333,1,0.5,1,0.5,0.777777778,218,18,Woman,4,2,0,0,3,4,0,0,0,0,5,0,0,0,4,3,1,0,0,0,1,0,0,0,1,0,2,1,1,3,2,4,3,3,5,2,1,1,0,0,0,2,175.145,1.428571429,-1.187891986,1.3,-0.489148343,0.581
190,19,Man,72.301,0,0,0,0,0,0,0,0,0,0,0,-2,-2,-2,-2,-2,-2,-2,-2,0,0,0,-2,-2,-2,0,758,18,Man,3,4,0,0,1,0,0,0,1,0,0,1,0,0,1,5,0,1,1,2,3,0,0,1,0,3,1,1,2,1,0,1,2,4,2,1,1,2,2,3,0,0,296.735,1.428571429,-1.187891986,0.9,-0.889148343,1.056
181,23,Woman,93.04,0,0,0,1,2,0,4,4,4,3,5,1,2,1,1,1,1,2,1,0,1,4,1.5,1,1.25,1.666666667,906,22,Woman,4,3,1,4,1,3,0,0,4,0,5,0,4,4,2,3,1,0,0,0,0,0,0,1,1,2,0,6,5,1,1,1,0,3,1,4,2,3,2,0,1,1,266.698,1.464285714,-1.152177701,2,0.210851657,-0.243
181,23,Woman,93.04,0,0,0,1,2,0,4,4,4,3,5,1,2,1,1,1,1,2,1,0,1,4,1.5,1,1.25,1.666666667,427,23,Woman,4,1,0,4.5,3,2,0,0,1,0,1,0,4,5,2,3,1,0,0,0,0,0,0,1,1,2,0,6,5,1,1,1,0,3,1,4,2,3,2,0,1,1,266.698,1.464285714,-1.152177701,1.55,-0.239148343,0.276
282,20,Woman,183.502,0,0,0,2,2,0,0,0,0,0,0,-2,-2,0,-1,-2,-2,-2,-2,0,1.333333333,0,-2,-0.5,-2,0.444444444,447,19,Woman,4,3,1,0,3,3,1,0,1,0,3,0,0,0,3,4,1,0,0,0,0,0,3,0,1,1,0,1,1,1,3,2,1,3,2,8,6,0,0,0,0,0,288.849,1.464285714,-1.152177701,1.6,-0.189148343,0.218
271,19,Man,161.087,1,2,1,3,2,3,1,0,0,3,3,-1,-2,0,0,-1,-2,-2,0,1.333333333,2.666666667,1.4,-1.5,0,-1.25,1.8,132,19,Man,4,4,0,0,2,1,0,0,0,0,0,2,0,0,0,3,1,0,0,1,0,0,0,3,1,1,0,0,2,0,0,2,1,1,10,3,2,10,0,0,0,0,399.604,1.464285714,-1.152177701,1.1,-0.689148343,0.794
181,18,Woman,90.239,0,0,1,0,0,0,0,0,0,0,0,1,1,-1,1,1,1,0,1,0.333333333,0,0,1,0,0.75,0.111111111,283,18,Woman,4,4,3,2,4,3,1,0,0,0,5,0,1,3,2,4,1,0,2,2,0,0,0,3,0,0,1,3,3,2,2,2,0,5,6,0,0,2,1,1,0,0,269.973,1.5,-1.116463415,2.1,0.310851657,-0.347
79,20,Woman,42.326,1,2,0,1,0,0,1,0,0,0,0,1,0,1,1,1,1,0,0,1,0.333333333,0.2,0.5,1,0.5,0.511111111,709,20,Woman,4,3,0,0.5,1,0,0,0,1,2.45,2,3,1,0,2,3,2,0,1,1,0,0,1,1,2,1,2,3,2,1,2,3,1,1,3,4,2,1,1,0,1,1,108.971,1.5,-1.116463415,1.195,-0.594148343,0.663
149,19,Woman,91.659,0,0,0,2,1,0,2,0,0,3,3,1,1,1,2,1,0,2,1,0,1,1.6,1,1.5,1,0.866666667,5,19,Woman,2,3,0,0,3,2,0,0,0,0,0,5,0,0,3,7,1,0,0,1,3,0,0,2,1,2,1,1,7,0,0,0,0,1,8,1,3,0,0,0,0,0,189.147,1.5,-1.116463415,1,-0.789148343,0.881
203,57,Woman,112.514,0,0,0,0,2,0,0,0,0,0,4,2,1,2,1,1,2,2,2,0,0.666666667,0.8,1.5,1.5,1.75,0.488888889,566,56,Woman,3,1,0,0,0,0,0,0,0,0,0,0,0,0,3,8,0,0,0,0,2,0,0,0,0,0,1,1,1,0,8,0,5,2,0,7,1,3,0,0,0,0,317.982,1.5,-1.116463415,0.4,-1.389148343,1.551
173,20,Woman,94.63,0,0,0,2,0,0,1,0,0,0,0,0,0,0,-1,0,1,0,0,0,0.666666667,0.2,0,-0.5,0.25,0.288888889,756,19,Woman,1,1,0,0,1,1,0,0,0,0,0,0,0,0,0,3,0,0,0,0,3,0,0,0,5,6,6,0,0,1,2,2,3,1,0,2,5,1,0,0,1,1,310.905,1.5,-1.116463415,0.4,-1.389148343,1.551
94,20,Man,56.744,0,0,0,0,0,0,0,0,0,0,0,-2,-2,-2,-2,-2,-2,-2,-2,0,0,0,-2,-2,-2,0,882,20,Man,4,2,2,4.5,5,4,0,0,0,0,0,5,4,5,2,6,0,0,0,0,0,0,0,0,0,0,0,2,1,0,8,9,0,9,1,0,0,1,0,0,0,4,233.887,1.535714286,-1.080749129,2.15,0.360851657,-0.39
136,19,Man,61.014,0,0,0,2,1,1,0,0,0,0,1,-1,-1,-1,-1,0,0,0,-1,0,1.333333333,0.2,-1,-1,-0.25,0.511111111,638,18,Man,2,3,4,2,2,1,0,0,0,1.41,2,1,2,2,4,6,1,2,0,0,1,0,1,3,1,2,3,0,3,1,2,2,1,4,1,1,2,2,0,0,0,0,168.478,1.535714286,-1.080749129,1.541,-0.248148343,0.268
324,19,Man,135.228,0,0,0,0,0,0,0,0,0,0,3,0,-2,-1,-2,2,-2,1,0,0,0,0.6,-1,-1.5,0.25,0.2,498,18,Man,1,2,0,2.5,0,1,0,0,1,0,5,0,2,3,1,3,1,0,1,0,0,0,0,0,0,1,0,1,2,0,6,2,10,0,8,3,2,1,1,0,0,0,302.326,1.535714286,-1.080749129,0.75,-1.039148343,1.123
164,20,Woman,92.064,0,0,0,0,0,0,0,0,0,0,0,-2,-2,-2,-2,-2,-2,-2,-2,0,0,0,-2,-2,-2,0,591,18,Woman,4,4,1,2,4,2,0,0,2,3.87,3,5,1,3,1,1,1,0,2,0,0,0,3,0,3,1,1,1,1,0,5,4,3,0,7,7,1,1,1,0,0,0,321.3,1.571428571,-1.045034844,2.287,0.497851657,-0.52
265,19,Woman,47.77,0,0,0,2,2,1,1,0,2,1,0,0,-1,0,-1,-1,-2,-1,-1,0,1.666666667,0.8,-0.5,-0.5,-1.25,0.822222222,814,18,Woman,4,3,1,1.5,5,3,1,0,1,2,2,2,2,1,1,4,0,0,3,0,2,0,0,1,0,3,1,1,2,0,4,3,1,1,5,4,3,1,1,1,1,1,139.749,1.571428571,-1.045034844,2.15,0.360851657,-0.377
484,19,Another,202.132,0,0,0,0,0,0,1,0,0,0,0,1,0,0,1,0,0,1,0,0,0,0.2,0.5,0.5,0.25,0.066666667,241,19,Non-binary,5,2,1,1.5,5,4,0,0,3,0,5,0,2,1,2,3,2,0,0,1,0,0,2,2,0,0,0,1,3,2,2,1,0,6,9,4,0,1,0,0,3,0,470.801,1.571428571,-1.045034844,2.15,0.360851657,-0.377
141,18,Woman,73.633,5,5,2,2,1,1,0,0,0,0,0,1,-1,-1,1,0,1,-1,-1,4,1.333333333,0,0,0,-0.25,1.777777778,830,18,Woman,3,1,1,1.5,4,3,0,0,4,0,0,5,2,1,2,4,1,0,1,1,2,1,1,1,1,2,0,3,2,2,2,3,3,3,1,1,1,2,1,1,2,0,214.853,1.571428571,-1.045034844,1.75,-0.039148343,0.041
196,18,Woman,109.812,2,2,1,2,1,0,4,4,4,2,3,1,1,1,0,2,2,2,2,1.666666667,1,3.4,1,0.5,2,2.022222222,490,18,Woman,4,1,0,0.5,1,0,0,0,0,0,5,0,1,0,4,5,1,1,1,0,0,0,0,2,0,0,0,4,3,1,1,3,2,5,4,2,2,2,1,0,0,0,215.581,1.571428571,-1.045034844,0.65,-1.139148343,1.19
394,21,Woman,187.174,0,0,0,2,1,1,3,1,1,1,2,0,0,0,0,1,0,1,1,0,1.333333333,1.6,0,0,0.75,0.977777778,742,20,Woman,4,4,1,2.5,2,4,0,0,3,2.24,5,1,2,3,6,7,0,0,2,0,1,0,4,0,1,3,1,1,4,0,2,2,3,0,0,1,0,3,0,2,0,2,1031.383,1.607142857,-1.009320558,2.274,0.484851657,-0.489
90,18,Woman,23.788,0,0,0,0,0,0,0,0,0,0,0,-1,-2,0,0,-2,0,-1,-2,0,0,0,-1.5,0,-1.25,0,857,18,Woman,4,4,2,3,2,2,0,0,3,0,5,0,3,3,0,6,0,0,2,0,0,0,0,1,4,3,2,1,3,1,3,4,1,2,2,5,2,1,0,0,2,0,180.358,1.607142857,-1.009320558,2,0.210851657,-0.213
221,18,Woman,93.701,0,0,0,2,0,0,0,0,0,0,0,0,-1,0,0,-1,-1,-1,-1,0,0.666666667,0,-0.5,0,-1,0.222222222,197,18,Woman,4,2,3,2.5,1,3,0,0,2,1,1,1,2,3,0,7,0,0,1,0,0,0,2,1,0,1,0,0,1,1,3,4,2,5,10,2,1,3,0,0,0,1,354.571,1.607142857,-1.009320558,1.85,0.060851657,-0.061
176,19,Woman,74.341,1,1,0,1,0,0,0,0,0,0,1,0,0,-1,-1,0,0,0,0,0.666666667,0.333333333,0.2,0,-1,0,0.4,682,18,Woman,3,2,2,2,3,3,0,0,1,0,5,0,1,3,2,6,0,0,1,2,0,1,1,3,0,0,1,4,2,1,3,2,1,4,1,2,0,6,1,1,0,0,176.73,1.607142857,-1.009320558,1.6,-0.189148343,0.191
203,18,Woman,120.894,3,0,4,0,0,0,1,0,0,0,0,1,2,-1,1,0,-1,1,1,2.333333333,0,0.2,1.5,0,0.25,0.844444444,232,18,Woman,1,2,4,0,1,2,0,0,0,0,5,0,0,0,0,8,0,0,2,2,0,1,0,3,0,0,0,3,2,3,3,4,0,2,0,2,2,5,2,0,1,0,365.846,1.607142857,-1.009320558,1,-0.789148343,0.797
209,19,Woman,93.062,0,0,0,3,1,2,2,0,0,1,0,-1,1,0,0,-1,-1,-2,-2,0,2,0.6,0,0,-1.5,0.866666667,190,19,Woman,5,4,3,1.5,3,3,1,0,3,0,4,0,2,1,8,3,3,0,0,0,1,0,1,0,1,1,1,1,1,1,2,3,2,7,1,2,1,1,0,0,5,0,258.7,1.642857143,-0.973606272,2.35,0.560851657,-0.546
123,18,Woman,70.848,1,0,1,0,0,0,1,1,0,0,0,0,1,1,-1,0,0,0,1,0.666666667,0,0.4,0.5,0,0.25,0.355555556,127,18,Woman,2,2,0,0.5,2,2,0,0,4,1.732050808,3,1,1,0,3,5,1,1,1,0,0,2,0,3,0,1,1,0,7,1,1,1,1,3,5,1,3,1,0,0,3,1,199.587,1.642857143,-0.973606272,1.423205081,-0.365943262,0.356
126,19,Another,69.682,0,0,1,1,1,1,2,1,1,1,2,0,0,1,2,2,1,2,2,0.333333333,1,1.4,0,1.5,1.75,0.911111111,250,19,Non-binary,5,1,0,0,0,0,0,0,3,0,5,0,0,0,1,3,0,0,0,0,0,0,3,1,0,1,1,0,3,3,2,0,3,4,6,1,3,5,2,0,0,4,246.511,1.642857143,-0.973606272,0.9,-0.889148343,0.866
271,19,Woman,157.301,1,1,0,2,1,0,0,0,1,0,1,1,-1,-1,0,-1,-1,-1,-1,0.666666667,1,0.4,0,-0.5,-1,0.688888889,416,19,Woman,4,5,1,0,3,2,0,0,0,1.414213562,2,1,0,0,5,3,0,0,1,0,0,0,0,3,0,2,2,1,3,1,7,6,1,1,1,3,3,3,1,0,0,0,314.775,1.678571429,-0.937891986,1.641421356,-0.147726987,0.139
282,19,Woman,103.104,0,0,0,0,0,0,0,0,0,0,0,0,0,-1,-1,0,0,1,1,0,0,0,0,-1,0.5,0,363,19,Woman,2,2,0,3,3,1,0,0,2,2.828427125,4,2,4,2,6,4,0,1,2,1,0,0,2,4,1,1,0,1,2,3,2,0,2,7,1,0,2,2,2,1,0,0,415.351,1.678571429,-0.937891986,1.582842713,-0.20630563,0.193
369,20,Woman,325.548,0,0,0,0,0,0,0,0,0,0,0,-2,-2,-2,-2,-2,-1,0,-2,0,0,0,-2,-2,-1.25,0,795,19,Woman,3,3,1,3,3,2,0,0,0,0,0,5,5,1,10,8,2,1,4,7,1,0,0,0,0,0,0,0,0,0,3,3,0,0,0,0,7,0,1,0,0,0,376.628,1.678571429,-0.937891986,1.5,-0.289148343,0.271
191,19,Woman,97.346,0,0,0,0,0,0,0,0,0,0,5,-2,-2,-2,-2,2,-2,2,2,0,0,1,-2,-2,1,0.333333333,439,19,Woman,3,3,2,0.5,1,0,0,5,0,0,5,0,1,0,4,3,6,0,0,0,0,0,0,1,2,1,0,0,2,1,6,1,2,4,1,3,1,3,1,0,5,0,335.544,1.678571429,-0.937891986,1.45,-0.339148343,0.318
157,22,Another,78.936,0,0,0,4,2,2,4,2,2,3,5,-1,-1,0,0,0,1,1,1,0,2.666666667,3.2,-1,0,0.75,1.955555556,365,22,Non-binary,4,3,0,1.5,3,1,0,0,0,0,5,0,1,2,1,3,0,0,0,0,1,0,5,2,2,4,9,0,2,1,0,0,2,3,0,1,4,4,0,0,1,2,190.588,1.678571429,-0.937891986,1.25,-0.539148343,0.506
182,18,Woman,114.771,0,0,0,1,0,1,0,0,0,0,0,1,0,1,1,-1,0,0,0,0,0.666666667,0,0.5,1,-0.25,0.222222222,347,18,Woman,4,4,2,0,5,0,0,0,2,2.449489743,3,2,0,0,0,3,1,0,1,1,0,0,2,1,3,1,4,0,2,1,1,1,2,1,10,6,5,1,1,0,0,0,373.661,1.714285714,-0.902177701,1.944948974,0.155800632,-0.141
685,19,Woman,435.566,0,1,2,3,0,3,1,0,0,0,2,1,1,2,0,1,2,1,1,1,2,0.6,1,1,1.25,1.2,504,18,Woman,5,4,1,0.5,4,2,0,0,3,2,4,1,1,0,1,3,1,0,0,0,2,0,3,1,4,3,5,1,4,1,0,1,2,4,3,5,0,2,0,2,0,1,232.067,1.75,-0.866463415,2.15,0.360851657,-0.313
189,18,Woman,116.009,0,0,3,5,3,0,4,0,0,1,0,1,2,-1,-2,1,0,1,1,1,2.666666667,1,1.5,-1.5,0.75,1.555555556,239,18,Woman,5,3,0,1.5,4,0,0,0,4,2,4,1,1,2,6,8,2,0,1,1,0,0,1,2,2,0,0,1,2,0,3,2,0,7,2,0,1,5,3,0,0,0,290.743,1.75,-0.866463415,1.95,0.160851657,-0.139
171,18,Woman,90.027,1,2,0,1,0,0,0,0,0,0,1,-1,-1,-2,-1,-2,-2,0,-2,1,0.333333333,0.2,-1,-1.5,-1.5,0.511111111,374,18,Woman,5,3,0,1.5,4,3,0,0,3,0,0,3,0,3,3,6,2,0,1,1,0,0,1,1,1,1,0,2,4,1,0,2,3,6,1,2,2,4,3,2,0,0,266.951,1.75,-0.866463415,1.95,0.160851657,-0.139
195,19,Woman,69.591,0,0,0,0,0,0,0,0,0,0,0,0,0,0,-2,-1,1,1,0,0,0,0,0,-1,0.25,0,873,18,Woman,4,1,3,2,2,2,1,0,3,2.45,3,2,1,3,4,7,3,0,0,0,0,0,1,0,1,1,0,0,3,2,2,0,3,6,0,3,5,7,1,0,0,0,185.942,1.75,-0.866463415,2.045,0.255851657,-0.222
191032,18,Woman,107.449,0,0,0,4,3,1,0,0,0,0,1,1,0,1,1,1,0,1,1,0,2.666666667,0.2,0.5,1,0.75,0.955555556,344,18,Woman,4,4,1,3,3,2,0,0,2,0,0,5,1,5,2,7,1,1,1,0,1,0,0,2,0,0,0,0,3,1,2,1,2,3,6,4,3,4,4,1,0,0,279.95,1.75,-0.866463415,1.9,0.110851657,-0.096
280,19,Man,117.421,0,2,1,0,0,0,3,3,3,0,5,-1,1,-1,1,-1,1,2,-2,1,0,2.8,0,0,0,1.266666667,313,19,Man,5,3,1,4,5,4,0,0,0,0,0,2,3,5,1,4,0,0,1,0,0,0,1,2,0,0,0,4,6,1,6,3,0,1,7,1,3,6,1,2,0,0,254.734,1.785714286,-0.830749129,2.2,0.410851657,-0.341
212,22,Woman,106.205,0,0,0,0,1,0,0,0,0,0,0,0,0,1,0,2,1,2,2,0,0.333333333,0,0,0.5,1.75,0.111111111,788,21,Woman,4,2,1,0,4,4,0,0,4,0,5,0,0,0,1,6,0,0,0,2,1,0,0,0,1,3,0,1,4,1,1,0,1,1,1,9,9,4,4,0,0,0,323.895,1.785714286,-0.830749129,1.9,0.110851657,-0.092
168,20,Woman,99.06,0,0,0,3,3,0,0,0,0,0,3,-2,-2,-2,-2,0,-2,-2,-2,0,2,0.6,-2,-2,-1.5,0.866666667,648,19,Woman,3,5,0,3,0,1,0,0,1,2.83,4,2,3,3,1,8,0,0,0,0,0,0,0,4,0,1,0,1,4,3,1,0,1,6,8,0,4,6,1,0,1,0,273.9,1.785714286,-0.830749129,1.583,-0.206148343,0.171
191,20,Woman,100.37,0,0,0,1,0,0,0,0,0,0,0,-2,-2,-2,-2,-2,-2,-2,-2,0,0.333333333,0,-2,-2,-2,0.111111111,135,20,Woman,2,2,0,0.5,1,1,0,0,1,2,1,4,0,1,1,6,1,0,0,0,0,0,1,1,4,0,0,1,2,1,0,1,6,4,8,4,1,1,2,1,4,0,281.49,1.785714286,-0.830749129,0.95,-0.839148343,0.697
309,18,Woman,133.066,0,0,1,4,4,3,2,0,0,0,0,1,2,0,-1,1,1,1,0,0.333333333,3.666666667,0.4,1.5,-0.5,0.75,1.466666667,28,18,Woman,5,4,2,2.5,4,3,0,0,2,3.16227766,5,2,2,3,0,3,0,0,1,2,1,0,1,1,0,1,1,3,3,2,1,1,4,1,8,5,4,4,1,1,2,0,499.414,1.821428571,-0.795034844,2.566227766,0.777079423,-0.618
299,19,Woman,176.803,1,1,1,2,1,1,0,0,0,0,0,-1,-2,-1,-2,-2,1,-1,-1,1,1.333333333,0,-1.5,-1.5,-0.75,0.777777778,722,18,Woman,4,3,1,1.5,4,4,0,0,2,4.47,4,5,1,2,7,3,2,1,3,1,0,0,1,2,0,1,0,0,3,3,4,2,3,3,0,1,5,3,2,1,0,0,288.625,1.821428571,-0.795034844,2.397,0.607851657,-0.483
160,20,Woman,76.704,0,0,0,0,0,0,2,0,1,0,0,0,1,1,-1,1,2,1,1,0,0,0.6,0.5,0,1.25,0.2,693,19,Woman,3,4,1,0,5,3,0,0,3,2,4,1,0,0,7,4,1,0,0,1,0,0,2,4,1,5,0,0,1,1,6,6,0,3,1,3,3,2,0,0,0,0,320.609,1.821428571,-0.795034844,2.1,0.310851657,-0.247
381,18,Woman,244.359,0,0,0,1,1,1,1,0,0,0,0,-1,-2,-1,-2,-2,1,1,1,0,1,0.2,-1.5,-1.5,0.25,0.4,188,18,Woman,2,5,1,3,0,0,0,0,1,0,0,1,2,4,6,4,1,0,0,0,1,0,1,1,2,1,1,3,1,1,2,4,2,2,2,6,3,2,2,2,1,0,1378.595,1.821428571,-0.795034844,1.2,-0.589148343,0.468
512,18,Woman,186.65,0,0,0,3,2,0,3,0,0,0,0,0,1,0,-2,0,1,2,0,0,1.666666667,0.6,0.5,-1,0.75,0.755555556,343,18,Woman,3,2,0,0.5,1,3,0,0,0,0,0,5,1,0,4,6,0,0,0,1,1,0,4,2,1,5,2,1,2,1,1,1,1,7,3,3,0,1,1,1,0,2,347.805,1.821428571,-0.795034844,0.95,-0.839148343,0.667
184,19,Woman,128.348,0,0,1,2,1,0,1,0,0,0,3,1,1,1,1,1,1,1,1,0.333333333,1,0.8,1,1,1,0.711111111,861,19,Woman,3,0,0,1,2,1,0,0,1,0,2,0,2,0,0,5,2,0,1,0,0,0,0,0,0,1,1,0,4,2,3,2,4,6,5,1,4,6,1,0,3,0,255.692,1.821428571,-0.795034844,0.8,-0.989148343,0.786
300,19,Woman,128.888,0,0,0,0,0,0,0,0,0,0,0,-2,-2,-2,-2,-2,-2,-2,-2,0,0,0,-2,-2,-2,0,287,19,Woman,1,1,0,0,1,0,0,0,1,0,5,0,0,0,0,3,0,0,3,1,1,0,0,1,0,0,1,4,3,0,1,1,6,4,2,1,2,3,4,2,8,0,320.228,1.821428571,-0.795034844,0.4,-1.389148343,1.104
151,19,Woman,75.121,0,0,1,2,0,0,1,0,0,0,0,1,1,0,0,1,0,1,2,0.333333333,0.666666667,0.2,1,0,1,0.4,813,18,Woman,3,4,4,2,4,3,0,0,1,3,3,3,2,2,0,3,0,0,1,0,1,1,1,2,1,3,3,1,2,2,4,3,1,4,7,2,0,5,4,1,0,0,310.779,1.857142857,-0.759320558,2.4,0.610851657,-0.464
264,20,Woman,167.907,1,1,0,3,2,0,1,0,2,0,1,-1,-1,-1,-1,1,0,1,-1,0.666666667,1.666666667,0.8,-1,-1,0.25,1.044444445,572,19,Woman,2,3,2,3.5,3,2,0,0,3,3,3,3,3,4,2,3,1,1,1,1,0,0,5,0,1,1,0,2,3,2,5,2,1,3,5,2,4,3,1,3,0,0,492.098,1.857142857,-0.759320558,2.15,0.360851657,-0.274
649,18,Man,81.201,1,1,1,5,5,2,5,5,0,5,5,1,2,2,1,2,2,2,2,1,4,4,1.5,1.5,2,3,402,18,Man,3,3,3,1.5,2,3,1,0,1,2,1,4,2,1,1,4,0,0,0,0,0,0,1,0,0,5,2,3,6,1,8,1,1,1,9,1,3,3,1,0,1,0,247.485,1.857142857,-0.759320558,1.95,0.160851657,-0.122
199,23,Woman,104.018,1,0,1,4,4,2,2,0,0,0,0,1,1,1,-1,1,1,1,-1,0.666666667,3.333333333,0.4,1,0,0.5,1.466666667,908,23,Woman,5,2,0,0.5,5,0,0,0,0,0,5,0,1,0,1,8,0,0,0,1,1,0,4,3,0,2,1,3,1,1,3,1,2,4,0,2,7,4,1,0,1,2,306.997,1.892857143,-0.723606272,1.25,-0.539148343,0.39
112,19,Woman,60.609,0,0,1,2,0,0,0,0,0,0,0,0,0,0,0,1,0,1,1,0.333333333,0.666666667,0,0,0,0.75,0.333333333,140,19,Woman,4,3,2,3.5,0,0,0,0,0,0,3,0,3,4,2,3,0,1,0,0,0,0,1,1,1,2,1,2,3,2,2,6,2,4,3,1,4,6,1,0,2,3,158.252,1.892857143,-0.723606272,1.25,-0.539148343,0.39
171,19,Woman,30.656,2,1,2,2,1,2,2,3,2,3,2,0,-1,1,-1,1,-1,1,-1,1.666666667,1.666666667,2.4,-0.5,0,0,1.911111111,711,18,Woman,4,3,3,4,5,3,3,1,5,0,0,2,3,5,4,3,1,0,1,0,1,0,1,5,0,2,0,2,5,2,5,3,1,2,4,3,0,1,0,0,8,0,163.867,1.928571429,-0.687891986,3.1,1.310851657,-0.902
244,22,Man,106.121,1,1,0,0,0,0,0,0,0,2,0,-1,-1,-1,0,0,0,1,1,0.666666667,0,0.4,-1,-0.5,0.5,0.355555556,797,21,Man,4,4,3,4.5,5,4,1,0,2,0,2,0,5,4,1,2,1,0,0,1,0,0,1,2,0,3,0,4,4,2,4,6,0,6,6,3,4,3,1,0,0,0,555.399,1.928571429,-0.687891986,2.75,0.960851657,-0.661
269,18,Woman,161.75,3,1,3,2,4,0,2,0,0,0,0,1,1,1,1,-1,-1,1,0,2.333333333,2,0.4,1,1,-0.25,1.577777778,271,18,Woman,4,4,0,3.5,3,2,0,0,0,0,0,0,2,5,0,3,0,0,2,2,0,0,1,1,2,5,2,2,2,2,4,3,0,0,5,8,8,0,0,2,0,0,379.91,1.928571429,-0.687891986,1.65,-0.139148343,0.096
172,20,Woman,117.989,0,0,0,0,0,0,0,0,0,0,0,0,0,-1,-1,1,0,1,0,0,0,0,0,-1,0.5,0,215,20,Woman,4,4,0,0,3,0,0,0,4,0,5,0,0,0,3,8,1,0,2,0,0,0,1,0,0,0,0,2,3,2,4,0,0,1,5,3,2,8,5,4,0,0,184.558,1.928571429,-0.687891986,1.5,-0.289148343,0.199
192,19,Woman,86.907,0,0,0,2,2,0,0,0,3,0,5,2,0,1,2,1,-1,2,0,0,1.333333333,1.6,1,1.5,0.5,0.977777778,583,18,Woman,3,4,0,2,3,2,0,2,1,0,4,0,4,0,9,6,0,0,0,0,0,0,0,8,0,0,4,0,6,0,0,0,0,0,8,5,0,7,1,0,1,0,250.37,1.964285714,-0.652177701,1.7,-0.089148343,0.058
513,18,Man,47.779,0,0,0,0,0,0,0,0,0,0,3,0,1,0,0,2,-1,1,1,0,0,0.6,0.5,0,0.75,0.2,777,18,Man,2,1,0,0.5,4,3,0,0,4,0,0,0,1,0,2,4,0,0,0,0,0,5,3,3,3,1,4,1,2,2,1,3,1,3,2,2,2,3,4,2,1,1,81.783,1.964285714,-0.652177701,1.45,-0.339148343,0.221
166,20,Woman,67.005,0,0,0,0,0,0,1,0,0,0,0,1,1,0,0,1,0,0,0,0,0,0.2,1,0,0.25,0.066666667,594,19,Woman,4,2,0,1.5,3,2,0,0,0,1.41,2,1,1,2,7,7,0,0,0,1,0,0,2,0,0,2,0,1,4,0,1,1,2,3,7,2,7,6,1,0,0,1,361.465,1.964285714,-0.652177701,1.391,-0.398148343,0.26
130,19,Woman,72.074,0,0,0,1,0,0,0,0,0,0,0,-2,-2,-2,-2,-2,-1,-2,-2,0,0.333333333,0,-2,-2,-1.75,0.111111111,839,18,Woman,1,1,2,3,0,2,0,0,2,0,5,0,3,3,4,7,1,1,1,0,0,1,2,2,1,0,0,0,1,1,0,0,1,6,6,6,1,8,5,0,0,0,256.372,1.964285714,-0.652177701,1.1,-0.689148343,0.449
95,19,Woman,33.7,1,2,0,1,0,0,0,0,0,0,0,-2,1,-1,-2,-1,-1,-2,-2,1,0.333333333,0,-0.5,-1.5,-1.5,0.444444444,479,18,Woman,4,1,0,1.5,2,2,0,0,0,0,4,0,3,0,4,7,1,0,0,0,0,0,0,1,2,2,0,1,6,2,2,0,1,6,8,5,3,2,1,1,0,0,209.98,1.964285714,-0.652177701,1.05,-0.739148343,0.482
140,20,Woman,80.836,1,0,1,2,0,0,1,0,0,1,0,0,1,1,-1,1,0,1,1,0.666666667,0.666666667,0.4,0.5,0,0.75,0.577777778,741,20,Woman,4,5,2,2.5,3,4,0,0,1,2,4,1,1,4,4,8,2,0,1,2,0,0,0,1,2,0,0,3,2,3,3,0,1,4,7,4,5,1,0,0,2,1,144.365,2,-0.616463415,2.35,0.560851657,-0.346
145,21,Man,58.219,0,0,0,0,0,0,0,0,0,0,0,0,0,0,0,0,0,0,0,0,0,0,0,0,0,0,815,20,Man,5,5,0,1,5,0,0,0,2,2,2,2,0,2,0,4,0,0,0,0,0,0,0,0,0,0,0,10,1,3,8,3,10,1,10,0,5,0,1,0,0,0,330.473,2,-0.616463415,2,0.210851657,-0.13
147,20,Woman,68.057,0,0,0,3,3,3,0,0,0,0,0,-2,-2,-2,-1,-2,-2,-2,-2,0,3,0,-2,-1.5,-2,1,850,19,Woman,2,1,3,0,3,3,0,0,3,0,0,2,0,0,1,8,2,0,0,0,0,0,1,0,0,3,0,5,3,1,2,3,1,2,4,6,3,6,2,0,0,3,303.122,2,-0.616463415,1.5,-0.289148343,0.178
319,19,Woman,167.303,0,0,0,3,1,0,5,0,0,5,5,-2,-2,1,-2,2,-2,-2,1,0,1.333333333,3,-2,-0.5,-0.25,1.444444444,421,19,Woman,3,2,1,0.5,4,2,0,0,0,0,0,5,1,0,0,2,1,0,1,0,0,0,0,4,0,0,0,3,4,3,1,1,6,2,2,8,8,3,2,4,1,0,733.922,2,-0.616463415,1.25,-0.539148343,0.332
166,22,Man,77.437,3,4,5,2,0,2,2,1,0,0,0,-1,0,0,-1,0,1,0,-1,4,1.333333333,0.6,-0.5,-0.5,0,1.977777778,890,21,Man,4,5,1,1,5,4,0,0,2,3.16,2,5,1,1,3,1,0,1,0,1,5,0,7,1,0,1,2,1,1,1,3,1,7,7,7,1,1,0,0,2,1,2,257.335,2.035714286,-0.580749129,2.516,0.726851657,-0.422
914,22,Woman,623.225,4,3,1,4,0,2,0,0,0,0,2,1,-1,1,1,1,0,1,1,2.666666667,2,0.4,0,1,0.75,1.688888889,653,21,Woman,5,4,0,2.5,0,0,5,0,2,0,5,0,2,3,3,6,0,0,0,2,2,0,1,2,0,1,1,1,3,4,2,1,3,2,10,3,1,3,2,1,1,2,285.414,2.035714286,-0.580749129,1.85,0.060851657,-0.035
124,19,Man,53.814,0,0,0,0,0,0,0,0,0,0,0,0,-1,-2,-2,-2,-2,-2,-2,0,0,0,-0.5,-2,-2,0,345,19,Man,2,3,0,0,4,5,0,0,3,0,5,0,0,0,0,3,1,0,0,3,0,0,2,7,0,0,0,2,1,2,4,3,4,4,0,8,7,1,4,1,0,0,288.003,2.035714286,-0.580749129,1.7,-0.089148343,0.052
89,19,Man,46.097,5,5,0,5,0,0,0,0,0,1,0,0,0,1,1,-1,-2,1,0,3.333333333,1.666666667,0.2,0,1,-0.5,1.733333333,680,18,Man,5,4,3,1,3,2,0,3,2,1,1,1,0,2,1,4,0,0,3,4,2,0,1,1,1,0,2,5,3,4,6,2,3,6,4,2,3,1,0,0,0,0,160.159,2.071428571,-0.545034844,2.4,0.610851657,-0.333
111,19,Woman,51.144,0,0,1,3,0,0,0,0,0,0,0,0,-2,-1,-1,-1,0,1,0,0.333333333,1,0,-1,-1,0,0.444444444,209,19,Woman,2,4,0,1,2,0,0,0,0,0,5,0,1,1,0,3,0,0,0,0,0,0,1,2,3,5,2,1,8,1,3,0,0,3,5,5,0,5,2,0,7,2,260.51,2.071428571,-0.545034844,0.9,-0.889148343,0.485
174,19,Man,78.782,0,0,0,0,0,0,0,0,0,0,0,1,-2,-1,-2,1,-2,-2,-2,0,0,0,-0.5,-1.5,-1.25,0,617,18,Man,1,1,0,2,0,0,0,0,0,0,2,0,2,2,7,6,0,0,0,0,0,2,2,1,1,0,0,4,4,3,5,2,1,6,0,3,4,6,1,0,0,0,337.375,2.071428571,-0.545034844,0.4,-1.389148343,0.757
135,20,Man,60.1,2,2,3,4,1,3,3,3,3,2,1,1,2,1,1,2,1,1,1,2.333333333,2.666666667,2.4,1.5,1,1.25,2.466666667,760,19,Man,4,3,5,3.5,4,3,2,0,4,0,1,0,3,4,2,7,1,0,0,0,0,1,1,7,2,1,1,0,1,0,7,3,2,3,7,3,7,1,1,1,0,0,235.126,2.107142857,-0.509320558,2.85,1.060851657,-0.54
362,19,Woman,198.327,2,0,1,2,3,1,4,0,0,0,0,0,1,0,-1,-2,-1,0,-1,1,2,0.8,0.5,-0.5,-1,1.266666667,234,19,Woman,5,4,3,2.5,4,2,0,0,1,0,0,5,2,3,3,4,2,0,1,0,0,1,0,2,7,2,3,1,7,3,1,1,3,4,1,4,1,3,1,0,1,3,361.004,2.107142857,-0.509320558,2.15,0.360851657,-0.184
209,27,Man,134.846,0,0,0,0,0,0,0,0,0,0,1,-1,-1,-1,-1,-1,0,-1,-1,0,0,0.2,-1,-1,-0.75,0.066666667,836,27,Man,4,3,2,4,2,2,0,0,0,0,0,0,4,4,7,7,2,1,0,0,0,0,4,0,0,0,0,0,3,0,5,0,6,6,1,4,7,5,1,0,0,0,243.811,2.107142857,-0.509320558,1.7,-0.089148343,0.045
113,19,Woman,55.905,3,3,1,2,1,1,3,0,0,1,0,1,1,-1,-1,-1,-1,-1,1,2.333333333,1.333333333,0.8,1,-1,-0.5,1.488888889,824,18,Woman,4,3,1,1.5,3,1,2,0,1,0,0,1,1,2,7,8,3,1,1,1,1,0,1,2,1,1,1,2,2,1,3,3,2,3,3,2,2,2,3,1,1,1,559.143,2.107142857,-0.509320558,1.65,-0.139148343,0.071
149,18,Woman,106.254,0,0,0,0,0,0,0,0,0,0,0,-1,-1,-1,-1,-1,-1,-1,-1,0,0,0,-1,-1,-1,0,107,18,Woman,5,2,0,0,3,2,0,0,0,1.732050808,3,1,0,0,5,7,2,0,0,0,2,0,0,0,0,1,0,1,8,0,4,3,1,6,8,6,2,3,0,0,0,0,488.2,2.107142857,-0.509320558,1.373205081,-0.415943262,0.212
187,19,Woman,96.477,5,4,2,5,0,5,4,0,0,0,3,1,2,-1,-1,0,-2,0,-1,3.666666667,3.333333333,1.4,1.5,-1,-0.75,2.8,896,18,Woman,5,4,4,0.5,3,5,0,0,3,0,2,0,1,0,8,6,1,1,0,0,2,1,1,1,3,2,2,0,7,1,0,1,5,3,4,7,0,2,0,1,1,0,244.192,2.142857143,-0.473606272,2.45,0.660851657,-0.313
170,19,Woman,72.948,0,0,0,3,0,0,1,0,0,0,2,1,1,0,2,1,1,1,1,0,1,0.6,1,1,1,0.533333333,586,18,Woman,3,4,2,3.5,5,3,0,0,1,2.24,5,1,4,3,3,4,0,2,1,0,1,1,3,0,4,5,6,2,3,4,3,2,3,0,4,7,1,0,1,0,0,0,201.24,2.142857143,-0.473606272,2.374,0.584851657,-0.277
116,18,Woman,54.186,0,2,1,3,0,0,0,0,0,0,0,1,1,-1,0,2,2,1,1,1,1,0,1,-0.5,1.5,0.666666667,225,18,Woman,5,2,2,0,4,2,1,0,1,2,1,4,0,0,0,7,0,0,0,1,1,0,2,3,0,4,1,8,8,6,1,1,3,1,3,4,0,3,0,0,2,1,215.044,2.142857143,-0.473606272,1.9,0.110851657,-0.053
173,18,Woman,91.614,0,0,0,2,1,3,1,1,0,1,0,0,1,1,-1,1,2,1,0,0,2,0.6,0.5,0,1,0.866666667,354,18,Woman,4,3,1,0.5,4,2,0,0,3,0,0,3,1,0,7,6,3,0,1,0,0,0,4,0,2,2,3,0,1,2,0,3,4,0,3,7,7,4,0,0,1,0,245.258,2.142857143,-0.473606272,1.75,-0.039148343,0.019
144,19,Woman,76.73,0,0,0,2,2,0,3,1,0,0,0,-1,-2,-2,-1,-1,0,0,1,0,1.333333333,0.8,-1.5,-1.5,0,0.711111111,472,18,Woman,2,3,1,1.5,4,3,0,0,2,0,0,3,1,2,4,6,2,1,4,3,0,0,0,2,3,0,4,5,4,2,2,0,3,5,6,2,1,1,0,0,0,0,306.916,2.142857143,-0.473606272,1.65,-0.139148343,0.066
144,18,Man,60.148,0,0,0,3,0,0,0,0,0,0,0,0,0,0,0,0,1,1,1,0,1,0,0,0,0.75,0.333333333,70,18,Other/prefer not to say,5,3,3,2.5,0,0,0,0,2,0,5,0,0,5,3,7,0,0,1,0,0,0,1,4,0,0,0,0,2,7,0,1,0,5,10,3,3,7,4,2,0,0,186.09,2.142857143,-0.473606272,1.55,-0.239148343,0.113
156,18,Woman,82.029,2,2,0,2,3,0,1,0,0,0,0,1,1,1,0,1,1,2,1,1.333333333,1.666666667,0.2,1,0.5,1.25,1.066666667,382,18,Woman,1,3,0,1,2,1,0,0,2,2,2,2,1,1,4,7,2,1,1,0,0,0,4,3,5,2,1,0,2,4,5,2,3,5,1,7,1,0,1,0,0,0,159.229,2.178571429,-0.437891986,1.2,-0.589148343,0.258
212,19,Woman,130.72,0,0,0,3,0,0,0,0,0,0,0,-1,0,-1,-2,0,0,1,-1,0,1,0,-0.5,-1.5,0,0.333333333,189,19,Woman,3,5,2,2,5,4,0,0,3,2.236067977,5,1,2,2,1,8,2,0,0,1,0,0,0,2,1,4,0,1,7,3,8,2,0,4,5,3,3,1,1,3,1,1,830.032,2.214285714,-0.402177701,2.623606798,0.834458455,-0.336
123,21,Woman,51.601,1,1,1,1,1,1,1,1,1,1,1,0,0,-1,-2,0,0,1,1,1,1,1,0,-1.5,0.5,1,639,20,Woman,4,5,4,0.5,5,3,0,0,2,0,0,5,0,1,4,8,0,0,3,2,0,1,0,3,5,5,1,1,1,1,3,0,4,3,5,4,4,1,0,0,3,0,230.597,2.214285714,-0.402177701,2.35,0.560851657,-0.226
167,21,Woman,80.82,0,0,0,2,0,1,1,0,0,0,0,0,0,1,0,-1,0,1,0,0,1,0.2,0,0.5,0,0.4,532,20,Woman,3,4,1,1.5,5,2,0,0,2,0,0,1,1,2,5,4,1,0,1,0,1,0,4,0,2,2,1,2,2,0,2,6,1,2,4,8,4,3,2,4,1,0,287.085,2.214285714,-0.402177701,1.85,0.060851657,-0.024
211,19,Woman,104.087,0,0,0,2,0,2,0,0,0,0,0,-2,-2,-2,-2,-2,-2,-2,-2,0,1.333333333,0,-2,-2,-2,0.444444444,507,18,Woman,4,4,1,0,3,3,0,0,0,0,5,0,0,0,1,1,0,0,0,0,1,0,1,2,2,1,2,2,6,3,1,4,8,2,6,6,3,3,1,2,3,1,179.372,2.214285714,-0.402177701,1.5,-0.289148343,0.116
222,18,Woman,126.96,3,2,0,4,0,0,0,0,0,0,2,1,2,0,0,1,2,1,0,1.666666667,1.333333333,0.4,1.5,0,1,1.133333333,88,18,Woman,5,1,5,0,3,0,0,0,0,0,0,5,0,0,3,5,0,0,0,0,0,0,6,0,1,0,0,7,9,7,7,0,3,8,0,0,0,3,3,0,0,0,260.811,2.214285714,-0.402177701,1.4,-0.389148343,0.157
222,18,Woman,103.883,3,2,1,0,1,2,3,0,0,0,0,1,0,0,0,0,-1,1,2,2,1,0.6,0.5,0,0.5,1.2,689,18,Woman,5,3,1,1.5,4,0,0,0,0,0,0,4,2,1,6,7,0,0,5,1,2,0,0,1,0,1,1,3,5,1,2,6,3,7,0,2,5,1,3,1,0,0,510.6,2.25,-0.366463415,1.45,-0.339148343,0.124
500,19,Woman,398.292,0,0,0,3,2,2,1,0,0,4,1,-1,1,-1,-1,-1,0,0,0,0,2.333333333,1.2,0,-1,-0.25,1.177777778,481,18,Woman,2,1,0,2.5,4,2,1,0,0,0,1,0,1,4,2,3,2,0,1,0,3,0,0,4,1,0,1,4,5,4,2,6,1,6,8,1,4,3,2,0,0,0,224.374,2.25,-0.366463415,1.25,-0.539148343,0.198
149,19,Another,96.78,0,0,0,4,5,5,5,1,0,1,0,0,0,1,2,2,2,0,1,0,4.666666667,1.4,0,1.5,1.25,2.022222222,736,19,Non-binary,3,5,0,3,4,1,0,2,3,0,0,1,4,2,1,4,0,0,3,0,0,3,3,4,2,1,3,5,3,4,2,1,7,4,2,4,3,1,0,0,0,4,239.42,2.285714286,-0.330749129,2.1,0.310851657,-0.103
50,18,Woman,23.011,0,2,1,3,1,2,1,0,0,0,0,-2,-2,-2,-2,-2,-2,-2,-2,1,2,0.2,-2,-2,-2,1.066666667,480,18,Woman,4,3,0,3.5,2,2,1,0,1,0,0,5,3,4,0,7,0,0,0,1,1,2,1,2,4,3,2,4,7,0,0,0,2,1,4,2,4,3,3,3,5,3,78.7,2.285714286,-0.330749129,1.65,-0.139148343,0.046
225,18,Woman,122.601,1,1,0,0,0,0,0,0,0,0,0,0,1,-2,-2,-1,0,1,0,0.666666667,0,0,0.5,-2,0,0.222222222,738,18,Woman,4,4,0,0,2,1,0,0,5,0,3,0,0,0,3,6,1,0,2,1,0,0,2,1,0,0,1,5,4,1,5,3,0,3,1,5,9,3,2,1,3,2,272.803,2.285714286,-0.330749129,1.6,-0.189148343,0.063
146,18,Woman,79.327,3,2,3,3,2,0,3,1,1,0,4,0,1,-1,0,1,1,2,1,2.666666667,1.666666667,1.8,0.5,-0.5,1.25,2.044444445,62,18,Woman,5,4,2,3,4,5,0,5,3,0,0,4,2,4,6,4,2,1,3,3,0,0,0,5,1,1,0,3,5,3,6,2,1,3,6,1,4,2,1,1,0,1,156.641,2.321428571,-0.295034844,3.1,1.310851657,-0.387
122,20,Woman,67.571,2,0,3,4,3,4,4,3,3,3,2,1,0,0,1,1,1,1,1,1.666666667,3.666666667,3,0.5,0.5,1,2.777777778,633,19,Woman,5,5,3,0.5,5,4,1,0,3,0,4,0,1,0,2,4,1,0,4,4,6,0,3,1,0,0,0,0,3,0,3,1,8,3,8,1,5,3,2,2,1,0,253.788,2.321428571,-0.295034844,2.65,0.860851657,-0.254
100,22,Woman,47.925,0,0,0,2,1,0,3,0,1,0,1,-1,-1,0,0,1,2,1,0,0,1,1,-1,0,1,0.666666667,672,21,Woman,2,3,4,2,2,3,0,0,2,3.87,3,5,1,3,3,4,1,0,3,1,1,0,1,3,1,2,0,3,3,4,2,3,2,4,5,4,3,5,3,2,1,1,140.731,2.321428571,-0.295034844,2.187,0.397851657,-0.117
300,19,Man,152.866,2,3,0,0,0,0,3,3,0,3,2,-2,0,-2,-2,0,-1,1,0,1.666666667,0,2.2,-1,-2,0,1.288888889,880,18,Man,3,4,2,1,4,4,1,0,2,0,0,3,1,1,2,4,0,0,1,1,6,2,0,0,1,1,2,3,2,2,0,4,0,4,9,0,8,4,4,2,3,0,402.924,2.321428571,-0.295034844,2.1,0.310851657,-0.092
173,18,Woman,99.443,1,0,0,3,3,3,2,1,2,0,0,-1,1,1,1,2,1,1,2,0.333333333,3,1,0,1,1.5,1.444444444,43,18,Woman,4,3,0,3,3,1,0,0,1,3.464101615,4,3,2,4,4,7,1,0,3,0,0,1,0,6,3,1,0,3,5,0,3,1,2,2,7,3,6,4,3,0,0,0,210.802,2.321428571,-0.295034844,1.846410162,0.057261819,-0.017
113,19,Woman,50.907,1,0,1,0,0,0,3,3,3,0,0,0,1,1,-1,-2,0,-2,0,0.666666667,0,1.8,0.5,0,-1,0.822222222,557,18,Woman,4,2,0,1,3,2,0,0,5,0,0,0,1,1,8,8,4,0,4,2,0,0,2,1,1,1,0,4,5,6,3,0,2,1,2,5,1,2,2,0,1,0,462.331,2.321428571,-0.295034844,1.7,-0.089148343,0.026
592,18,Woman,194.863,1,0,3,1,1,3,1,0,0,0,1,0,-1,0,-2,1,-1,2,1,1.333333333,1.666666667,0.4,-0.5,-1,0.75,1.133333333,134,18,Woman,4,4,0,3,1,0,0,0,0,0,0,0,4,2,3,7,3,0,0,1,0,0,0,0,0,0,0,5,4,6,2,7,3,6,9,1,1,6,0,0,0,1,823.768,2.321428571,-0.295034844,1.2,-0.589148343,0.174
280,18,Woman,137.026,3,5,0,1,0,0,3,0,0,1,1,-1,0,-1,-1,1,0,0,1,2.666666667,0.333333333,1,-0.5,-1,0.5,1.333333333,222,18,Woman,5,5,2,2.5,2,1,4,0,3,3.16227766,5,2,0,5,1,6,0,0,0,0,0,0,0,1,1,5,0,4,7,1,1,4,1,9,9,3,4,5,1,1,2,0,246.699,2.357142857,-0.259320558,2.766227766,0.977079423,-0.253
112,21,Woman,62.689,1,0,0,2,0,2,0,0,0,0,0,-1,-2,-2,-1,0,-2,-2,-2,0.333333333,1.333333333,0,-1.5,-1.5,-1.5,0.555555555,497,20,Woman,3,5,2,2,4,4,0,0,3,2,1,4,3,1,2,4,0,0,1,1,2,0,1,3,0,3,0,4,4,3,5,2,5,4,7,6,6,1,0,2,0,0,162.171,2.357142857,-0.259320558,2.5,0.710851657,-0.184
157,19,Woman,76.505,1,0,1,4,3,4,5,2,2,1,3,-1,-1,1,0,1,2,2,1,0.666666667,3.666666667,2.6,-1,0.5,1.5,2.311111111,525,18,Woman,4,4,2,3.5,2,3,0,0,4,0,5,0,3,4,2,4,0,0,2,2,3,0,2,1,1,3,0,3,4,1,1,5,3,4,6,7,5,2,0,0,4,1,171.457,2.357142857,-0.259320558,2.25,0.460851657,-0.12
210,18,Woman,114.718,3,1,0,4,0,1,0,1,3,0,0,2,2,0,0,2,1,2,2,1.333333333,1.666666667,0.8,2,0,1.75,1.266666667,678,18,Woman,5,0,4,0.5,5,5,0,0,5,0,0,1,1,0,1,7,1,0,3,0,0,0,0,0,1,4,1,6,8,0,2,8,0,5,9,1,1,8,1,0,0,0,224.674,2.392857143,-0.223606272,2.45,0.660851657,-0.148
142,19,Man,68.135,3,1,0,0,0,0,3,0,0,4,0,1,1,-2,-2,-2,1,-2,-2,1.333333333,0,1.4,1,-2,-1.25,0.911111111,516,18,Man,5,5,0,2,3,5,0,0,3,0,0,0,1,3,8,6,0,0,0,0,0,0,0,3,0,0,0,3,4,2,3,4,3,7,8,0,4,6,4,0,0,2,191.461,2.392857143,-0.223606272,2.3,0.510851657,-0.114
338,18,Woman,148.139,1,1,0,2,2,0,2,0,0,0,1,1,0,-1,1,2,-1,1,2,0.666666667,1.333333333,0.6,0.5,0,1,0.866666667,261,18,Woman,3,2,4,4,1,0,3,3,1,0,0,0,3,5,4,8,1,0,3,0,0,0,2,4,0,0,0,1,5,4,6,9,3,6,0,1,4,4,1,0,1,0,318.322,2.392857143,-0.223606272,2.1,0.310851657,-0.07
238,19,Woman,125.546,0,0,0,0,1,0,4,5,0,5,5,-1,-1,2,2,2,2,2,2,0,0.333333333,3.8,-1,2,2,1.377777778,894,18,Woman,3,2,1,2.5,4,2,0,0,3,0,0,0,3,2,4,3,4,1,1,0,0,1,1,2,3,3,1,1,5,4,1,4,1,0,9,3,4,4,1,2,4,0,378.158,2.392857143,-0.223606272,1.75,-0.039148343,0.009
183,19,Woman,88.279,1,0,3,2,5,3,0,0,0,3,2,-1,1,1,0,2,0,1,1,1.333333333,3.333333333,1,0,0.5,1,1.888888889,866,18,Woman,5,4,3,1.5,3,4,0,0,5,0,0,1,1,2,4,3,1,0,0,1,0,0,0,2,1,1,0,8,4,6,2,4,7,1,10,3,3,1,0,4,1,1,227.8,2.428571429,-0.187891986,2.55,0.760851657,-0.143
125,19,Woman,53.681,0,0,2,3,3,0,0,0,0,0,0,-2,-1,-1,-1,-1,0,0,-2,0.666666667,2,0,-1.5,-1,-0.75,0.888888889,810,18,Woman,4,2,0,0,3,3,0,0,4,0,0,5,0,0,4,8,1,0,0,1,3,3,1,0,7,1,0,4,8,3,1,2,0,1,2,2,3,4,2,2,3,2,113.109,2.428571429,-0.187891986,1.6,-0.189148343,0.036
1608,19,Woman,808.413,3,1,1,3,0,1,0,0,0,0,0,1,2,-2,-2,-2,-1,1,1,1.666666667,1.333333333,0,1.5,-2,-0.25,1,68,19,Woman,4,1,1,1.5,1,1,0,0,1,0,0,5,1,2,3,4,1,2,6,1,0,0,0,2,1,1,1,3,3,2,4,5,3,2,9,3,2,2,2,2,4,0,257.801,2.428571429,-0.187891986,1.05,-0.739148343,0.139
201,20,Woman,128.607,0,0,0,3,1,0,0,0,1,0,0,-2,-2,-2,-2,-2,-2,-2,-2,0,1.333333333,0.2,-2,-2,-2,0.511111111,835,19,Woman,2,2,2,2.5,2,1,0,0,0,0,3,0,3,2,2,7,1,1,0,0,2,1,0,4,5,5,6,3,6,2,1,3,2,2,1,3,2,3,3,1,1,2,222.308,2.464285714,-0.152177701,1.15,-0.639148343,0.097
203,18,Man,82.129,0,0,0,2,2,1,0,0,0,0,1,-1,-1,-2,-2,-2,-1,-1,-2,0,1.666666667,0.2,-1,-2,-1.5,0.622222222,825,18,Man,2,1,0,0,0,0,0,0,0,0,5,0,0,0,4,3,1,1,1,0,2,0,2,3,1,1,1,1,6,5,3,5,4,3,1,4,3,3,2,0,5,4,207.38,2.464285714,-0.152177701,0.3,-1.489148343,0.227
150,19,Woman,80.373,0,0,1,1,0,0,1,0,0,0,1,0,1,1,1,0,1,1,1,0.333333333,0.333333333,0.4,0.5,1,0.75,0.355555555,48,19,Woman,2,1,4,4,1,3,0,0,0,0,1,0,4,4,1,6,0,1,0,0,0,2,1,3,1,1,1,1,8,6,7,1,3,6,0,1,5,8,6,1,0,0,300.904,2.5,-0.116463415,1.5,-0.289148343,0.034
138,19,Woman,50.047,1,0,1,3,1,3,1,0,0,0,0,0,0,1,2,0,-1,1,0,0.666666667,2.333333333,0.2,0,1.5,0,1.066666667,527,18,Woman,5,5,4,4.5,4,5,2,0,0,0,5,0,5,4,4,4,1,0,0,0,5,3,1,0,6,1,1,6,6,4,2,3,2,6,1,3,2,4,3,0,1,2,214.081,2.535714286,-0.080749129,2.95,1.160851657,-0.094
342,18,Woman,88.314,0,0,1,2,0,0,0,0,0,0,0,1,0,1,1,1,2,1,0,0.333333333,0.666666667,0,0.5,1,1,0.333333333,136,18,Woman,4,3,1,2.5,4,4,0,0,2,0,5,0,2,3,1,6,1,0,0,0,0,0,0,1,0,1,1,7,4,7,7,4,0,6,9,7,4,2,1,0,0,2,442.133,2.535714286,-0.080749129,2.05,0.260851657,-0.021
224,19,Woman,82.627,3,2,1,1,1,1,3,0,1,1,3,1,0,-1,-1,0,-1,1,0,2,1,1.6,0.5,-1,0,1.533333333,679,18,Woman,4,3,1,2,3,3,0,0,1,0,0,4,2,2,4,6,1,1,5,1,0,1,0,4,0,0,0,5,6,4,1,1,3,6,1,3,3,6,4,2,2,1,255.181,2.535714286,-0.080749129,1.7,-0.089148343,0.007
135,18,Woman,53.706,0,0,0,3,2,0,0,0,1,0,0,1,1,0,0,-1,0,0,1,0,1.666666667,0.2,1,0,0,0.622222222,193,18,Woman,2,1,3,3,3,0,0,0,2,2.828427125,4,2,3,3,0,3,1,0,1,1,1,0,0,2,0,4,4,3,7,4,0,3,2,7,6,5,1,6,2,0,8,0,153.402,2.535714286,-0.080749129,1.682842713,-0.10630563,0.009
153,18,Woman,78.249,1,2,0,2,2,0,5,2,4,0,0,1,0,1,1,0,2,1,1,1,1.333333333,2.2,0.5,1,1,1.511111111,100,18,Woman,3,4,0,0.5,2,3,0,0,1,0,5,0,0,1,4,5,0,0,0,0,1,0,7,1,3,6,1,0,3,4,7,7,6,6,0,0,2,1,0,0,0,7,263.88,2.535714286,-0.080749129,1.35,-0.439148343,0.035
142,19,Another,74.565,0,1,1,4,1,2,3,1,0,0,4,0,1,1,-2,2,-2,2,1,0.666666667,2.333333333,1.6,0.5,-0.5,0.75,1.533333333,803,19,Non-binary,5,4,0,0,3,0,0,0,0,0,3,0,0,0,4,8,2,0,0,1,3,2,4,4,1,3,3,0,4,2,3,1,3,4,1,2,0,8,5,0,1,2,171.992,2.535714286,-0.080749129,1.2,-0.589148343,0.048
212,21,Woman,105.584,1,1,0,2,2,1,1,0,0,0,0,-2,0,-2,-2,-1,-1,-2,-2,0.666666667,1.666666667,0.2,-1,-2,-1.5,0.844444445,537,20,Woman,2,1,0,0.5,0,0,0,0,3,0,0,0,0,1,2,5,0,0,0,1,0,1,1,1,0,3,0,2,8,2,3,6,4,2,3,7,4,6,3,1,2,4,240.455,2.535714286,-0.080749129,0.65,-1.139148343,0.092
225,20,Woman,146.233,1,0,1,4,2,4,0,0,0,0,0,-2,-2,-2,-2,-1,-2,-2,-2,0.666666667,3.333333333,0,-2,-2,-1.75,1.333333333,641,19,Woman,5,5,3,4.5,5,4,3,0,0,0,0,0,5,4,4,6,3,1,2,1,1,2,4,0,0,1,0,2,6,1,5,6,1,8,7,0,1,7,3,0,0,0,275.959,2.571428571,-0.045034844,2.95,1.160851657,-0.052
111,18,Woman,50.492,2,2,3,2,2,2,1,4,4,4,3,1,1,1,0,-1,1,2,0,2.333333333,2,3.2,1,0.5,0.5,2.511111111,86,18,Woman,3,4,2,2,4,4,0,0,3,2,2,2,2,2,0,4,1,0,1,2,3,3,2,6,1,2,1,2,8,2,4,3,1,2,2,4,2,3,2,1,9,2,1638.09,2.607142857,-0.009320558,2.4,0.610851657,-0.006
251,19,Woman,139.928,0,0,1,1,0,0,2,3,0,1,4,0,-1,0,1,1,0,2,1,0.333333333,0.333333333,2,-0.5,0.5,1,0.888888889,35,19,Woman,4,4,1,0.5,4,5,0,0,0,0,0,0,0,1,7,4,1,0,1,0,0,0,1,3,1,1,0,0,4,0,8,1,9,6,0,8,1,2,4,4,7,0,286.752,2.607142857,-0.009320558,1.85,0.060851657,-0.001
200,20,Woman,118.057,1,1,0,4,0,0,1,0,0,1,1,1,0,1,-1,0,1,1,2,0.666666667,1.333333333,0.6,0.5,0,1,0.866666667,581,20,Woman,3,1,3,2,4,4,0,0,1,0,4,0,3,1,2,8,2,0,0,1,0,0,2,3,1,5,0,5,2,0,3,1,4,5,6,2,7,5,2,1,6,0,362.149,2.607142857,-0.009320558,1.8,0.010851657,0
232,20,Woman,149.889,0,1,0,2,2,1,1,1,1,0,2,-1,0,0,-1,0,1,1,0,0.333333333,1.666666667,1,-0.5,-0.5,0.5,1,149,20,Woman,3,1,2,1,4,2,0,0,0,2,2,2,1,1,1,6,1,1,2,1,1,0,2,1,6,6,6,1,4,1,1,2,5,2,2,6,2,5,3,2,2,1,313.583,2.607142857,-0.009320558,1.5,-0.289148343,0.003
391,18,Woman,208.151,1,0,2,3,0,2,1,1,0,0,3,-1,0,-1,0,0,0,0,0,1,1.666666667,1,-0.5,-0.5,0,1.222222222,237,18,Woman,5,4,3,2.5,3,4,1,1,3,3,3,3,2,3,4,2,2,0,1,0,2,0,0,2,0,8,1,5,2,0,1,1,6,8,6,1,4,6,3,0,9,0,1124.139,2.642857143,0.026393728,2.95,1.160851657,0.031
619,18,Woman,442.096,4,4,3,5,2,4,3,1,1,0,0,1,1,-1,-1,-1,0,-1,-1,3.666666667,3.666666667,1,1,-1,-0.75,2.777777778,333,18,Woman,5,5,1,2,4,5,0,0,0,0,5,0,2,2,7,7,1,1,4,0,1,0,3,2,2,1,1,1,8,4,7,2,6,6,1,3,4,1,0,0,1,0,1078.088,2.642857143,0.026393728,2.2,0.410851657,0.011
159,19,Woman,77.427,0,0,2,3,1,0,0,0,0,2,4,-1,-2,-2,-1,2,-2,0,-2,0.666666667,1.333333333,1.2,-1.5,-1.5,-0.5,1.066666667,192,19,Woman,5,4,0,1,3,2,0,0,4,0,5,0,1,1,2,8,0,0,1,0,0,2,0,8,0,0,0,4,2,0,4,3,5,8,6,5,9,7,0,0,0,0,456.687,2.642857143,0.026393728,1.9,0.110851657,0.003
100,19,Woman,45.546,0,0,2,1,0,0,1,0,1,0,1,0,0,-1,0,0,-1,1,1,0.666666667,0.333333333,0.6,0,-0.5,0.25,0.533333333,539,19,Woman,4,3,1,2,2,0,0,0,3,2,1,4,2,2,7,3,0,0,1,1,2,0,1,1,1,0,0,2,5,5,6,5,2,5,10,6,3,3,2,3,0,0,208.464,2.642857143,0.026393728,1.7,-0.089148343,-0.002
99,18,Woman,45.02,0,0,0,0,0,0,1,0,0,0,0,-2,-2,-2,-2,2,-2,-2,1,0,0,0.2,-2,-2,-0.25,0.066666667,187,18,Woman,4,1,0,3.5,3,4,0,0,0,0,5,0,4,3,7,4,3,0,0,0,0,1,0,1,0,0,0,0,1,0,8,1,0,7,10,8,6,8,8,0,1,0,176.568,2.642857143,0.026393728,1.55,-0.239148343,-0.006
470,19,Woman,402.616,0,0,0,2,1,1,1,0,0,2,0,-2,-2,-1,-1,-1,-1,-1,-1,0,1.333333333,0.6,-2,-1,-1,0.644444444,540,18,Woman,2,3,0,0,3,2,0,0,1,1.73,1,3,0,0,4,4,2,1,3,4,1,1,1,2,1,2,1,2,4,4,2,3,2,2,6,3,3,4,2,5,4,1,346.708,2.642857143,0.026393728,1.273,-0.516148343,-0.014
102,18,Woman,44.777,0,0,0,1,0,0,1,0,0,0,0,-2,-2,-2,-2,0,-2,0,0,0,0.333333333,0.2,-2,-2,-0.5,0.177777778,429,18,Woman,4,2,1,0,2,3,0,0,0,0,5,0,0,0,6,10,3,0,3,2,0,0,3,6,0,0,0,0,6,2,8,0,0,8,3,5,2,0,7,0,0,0,181.797,2.642857143,0.026393728,1.2,-0.589148343,-0.016
500,18,Man,250.31,0,0,0,2,0,1,0,0,0,0,0,2,-2,-1,-2,-2,-2,-2,-2,0,1,0,0,-1.5,-2,0.333333333,279,18,Man,0,0,0,1,1,1,0,0,3,0,5,0,0,2,2,5,3,0,0,1,0,0,1,1,1,1,0,5,3,2,3,7,4,5,1,1,8,10,6,2,2,0,573.198,2.642857143,0.026393728,0.6,-1.189148343,-0.031
156,20,Woman,95.479,0,2,2,1,5,4,5,5,5,2,3,1,0,2,1,2,2,2,2,1.333333333,3.333333333,4,0.5,1.5,2,2.888888889,267,20,Woman,0,0,1,0,0,0,0,0,0,0,5,0,0,0,5,6,0,0,1,1,0,0,2,1,0,3,1,3,4,2,6,6,4,5,3,5,3,4,4,1,4,0,276.724,2.642857143,0.026393728,0.1,-1.689148343,-0.045
136,19,Woman,58.07,1,2,4,1,0,0,0,0,0,0,2,1,0,1,-1,0,1,1,1,2.333333333,0.333333333,0.4,0.5,0,0.75,1.022222222,486,18,Woman,5,3,3,1.5,3,4,0,0,2,4.47,5,4,1,2,7,6,2,0,3,1,0,0,2,5,0,2,4,1,7,0,8,2,1,6,6,3,3,4,2,0,0,0,182.643,2.678571429,0.062108014,2.597,0.807851657,0.05
127,19,Woman,64.671,0,3,0,4,0,2,2,0,0,0,1,1,1,0,-1,-1,0,2,2,1,2,0.6,1,-0.5,0.75,1.2,538,18,Woman,4,3,2,1,5,5,0,0,0,2.24,5,1,1,1,7,4,0,0,2,0,4,1,2,5,1,5,4,4,3,2,5,1,6,3,1,7,0,4,1,0,0,3,336.931,2.678571429,0.062108014,2.224,0.434851657,0.027
135,18,Woman,60.969,0,0,0,0,0,0,0,0,0,0,0,-1,0,-2,0,0,0,0,-2,0,0,0,-0.5,-1,-0.5,0,183,18,Woman,4,2,0,0,1,4,0,5,2,0,5,0,0,0,6,2,0,0,0,0,0,0,0,1,1,2,2,6,8,2,7,6,2,9,8,2,3,4,0,0,3,1,216.701,2.678571429,0.062108014,1.8,0.010851657,0.001
169,18,Woman,59.601,2,2,3,5,3,5,4,2,1,1,3,0,0,0,0,0,1,1,1,2.333333333,4.333333333,2.2,0,0,0.75,2.955555555,173,18,Woman,3,2,0,0,3,1,0,0,0,0,0,2,0,0,1,4,3,0,0,0,9,0,1,0,5,3,6,4,4,1,3,4,9,6,1,4,3,1,1,1,0,1,313.589,2.678571429,0.062108014,0.9,-0.889148343,-0.055
85,19,Woman,36.543,2,2,2,0,0,0,1,0,0,0,1,-1,-1,-2,-2,-2,-2,2,2,2,0,0.4,-1,-2,0,0.8,503,18,Woman,4,1,0,3,4,3,0,0,4,4.47,5,4,3,3,2,4,3,3,2,5,1,1,3,3,3,3,6,4,2,2,2,3,3,4,4,4,2,1,1,1,1,3,78.145,2.714285714,0.097822299,2.347,0.557851657,0.055
176,20,Woman,94.813,0,0,0,3,0,0,0,0,0,0,0,1,0,0,-1,1,1,1,1,0,1,0,0.5,-0.5,1,0.333333333,455,19,Woman,4,3,2,4,5,2,0,0,1,0,0,3,4,4,5,4,6,0,6,0,0,0,2,1,2,3,2,0,4,2,3,5,1,1,9,6,2,5,5,2,0,0,344.495,2.714285714,0.097822299,2.1,0.310851657,0.03
582,20,Woman,117.95,0,0,0,2,1,0,4,2,0,0,3,1,0,1,0,2,1,2,2,0,1,1.8,0.5,0.5,1.75,0.933333333,108,20,Woman,3,4,0,0,3,1,0,0,0,0,0,0,0,0,6,8,1,0,1,0,0,0,2,1,1,0,0,3,9,6,3,7,4,3,8,2,1,7,1,2,0,0,279.282,2.714285714,0.097822299,1.1,-0.689148343,-0.067
128,18,Man,70.482,1,1,0,3,1,0,0,0,0,0,0,1,1,-1,-2,1,1,-1,-1,0.666666667,1.333333333,0,1,-1.5,0,0.666666667,383,18,Man,5,4,1,3.5,5,3,2,0,2,1.732050808,3,1,3,4,3,7,2,0,1,0,2,0,1,4,6,1,0,2,2,1,2,6,9,6,3,1,5,2,3,7,0,1,230.964,2.75,0.133536585,2.723205081,0.934056738,0.125
360,19,Woman,145.423,0,0,0,2,0,0,0,0,1,0,2,-1,0,-1,-2,-2,-2,1,1,0,0.666666667,0.6,-0.5,-1.5,-0.5,0.422222222,785,19,Woman,2,3,4,0.5,2,1,0,0,4,1.73,3,1,1,0,1,7,0,0,10,0,1,0,0,2,6,7,0,4,2,4,7,2,0,10,0,4,4,5,1,0,0,0,611.203,2.75,0.133536585,1.823,0.033851657,0.005
126,20,Another,63.585,0,0,0,4,2,3,0,0,0,0,0,-2,-2,-2,-2,0,-2,-2,-2,0,3,0,-2,-2,-1.5,1,630,19,Woman,5,5,0,2,1,0,0,0,3,0,0,0,1,3,6,4,1,0,0,1,1,1,0,2,0,2,2,0,3,2,2,3,2,3,7,7,9,8,4,2,3,2,149.78,2.75,0.133536585,1.6,-0.189148343,-0.025
200,19,Woman,106.694,0,0,0,2,5,0,1,0,2,0,0,-1,1,-2,-2,0,1,1,1,0,2.333333333,0.6,0,-2,0.75,0.977777778,154,19,Woman,3,3,2,2,2,2,0,0,0,0,5,0,2,2,5,2,3,1,4,3,2,2,2,4,0,0,0,0,4,2,4,0,3,2,6,6,4,3,5,4,3,3,157.128,2.75,0.133536585,1.4,-0.389148343,-0.052
151,20,Woman,64.786,0,1,3,4,0,1,1,0,0,1,1,1,0,0,0,-1,-1,0,0,1.333333333,1.666666667,0.6,0.5,0,-0.5,1.2,601,19,Woman,2,2,0,1.5,2,3,0,0,3,1.41,1,2,2,1,1,8,2,3,2,1,4,1,7,2,7,2,4,1,5,3,0,0,3,5,0,1,0,5,5,0,2,4,357.766,2.785714286,0.169250871,1.491,-0.298148343,-0.05
116,19,Woman,55.766,0,0,0,0,0,0,2,0,0,0,0,1,0,0,0,0,1,1,1,0,0,0.4,0.5,0,0.75,0.133333333,328,19,Woman,4,2,0,2,3,2,0,0,0,0,5,0,3,1,6,7,1,1,4,3,4,0,5,7,1,0,2,3,2,4,2,2,3,1,1,2,1,2,2,5,4,3,120.598,2.785714286,0.169250871,1.3,-0.489148343,-0.083
173,22,Woman,80.248,1,0,0,3,1,3,2,1,0,0,0,1,0,0,-1,2,-2,1,0,0.333333333,2.333333333,0.6,0.5,-0.5,0.25,1.088888889,714,21,Woman,0,0,0,0,1,0,0,0,2,2,2,2,0,0,4,9,1,0,2,0,1,0,1,1,4,1,1,5,7,1,1,0,1,7,1,8,5,10,5,1,0,1,834.353,2.785714286,0.169250871,0.5,-1.289148343,-0.218
144,19,Woman,62.39,5,0,2,4,4,4,4,4,4,4,4,2,2,2,0,2,2,2,2,2.333333333,4,4,2,1,2,3.444444444,39,19,Woman,4,5,0,4,5,4,1,0,4,1,1,1,5,3,8,8,6,0,1,5,4,0,4,0,0,3,0,7,8,1,1,4,0,9,1,1,2,2,0,1,2,1,176.467,2.821428571,0.204965156,2.8,1.010851657,0.207
173,21,Woman,102.02,3,0,0,3,0,5,0,0,0,0,0,1,0,0,0,1,1,1,1,1,2.666666667,0,0.5,0,1,1.222222222,547,20,Woman,5,3,3,5,2,4,1,0,3,0,5,0,5,5,5,7,1,1,1,3,2,0,0,2,0,5,6,5,8,2,6,4,1,1,2,2,2,8,4,1,0,0,268.572,2.821428571,0.204965156,2.6,0.810851657,0.166
225,18,Woman,85.385,1,1,5,0,0,0,3,2,1,4,2,1,0,2,0,1,1,2,2,2.333333333,0,2.4,0.5,1,1.5,1.577777778,432,18,Woman,3,4,2,4.5,3,3,0,0,2,0,5,0,5,4,1,6,1,2,3,3,0,0,0,3,0,1,0,4,4,3,4,5,5,7,4,3,4,7,5,3,1,0,195.149,2.821428571,0.204965156,2.15,0.360851657,0.074
225,19,Man,123.466,4,0,0,3,3,0,4,0,0,0,0,0,0,0,0,1,0,1,0,1.333333333,2,0.8,0,0,0.5,1.377777778,765,18,Man,3,3,1,0,4,3,0,0,2,0,2,0,0,0,6,0,3,1,1,3,3,0,1,3,1,3,2,5,1,2,9,4,2,8,3,2,0,3,6,3,1,3,270.852,2.821428571,0.204965156,1.6,-0.189148343,-0.039
223,19,Woman,147.362,3,1,1,4,4,3,5,3,2,3,1,2,2,0,1,2,0,1,1,1.666666667,3.666666667,2.8,2,0.5,1,2.711111111,692,18,Woman,5,4,0,2.5,4,4,0,0,1,2.24,1,5,2,3,1,4,1,0,1,0,3,0,2,0,6,7,5,3,8,2,1,6,2,4,4,5,3,2,0,1,2,8,311.996,2.892857143,0.276393728,2.274,0.484851657,0.134
123,20,Woman,47.949,0,0,1,0,1,0,0,0,0,0,1,-1,0,-1,-1,0,1,1,-1,0.333333333,0.333333333,0.2,-0.5,-1,0.25,0.288888889,445,19,Woman,3,4,0,1,4,3,0,0,3,2.45,2,3,1,1,3,8,4,1,2,2,0,2,2,2,1,3,2,1,3,1,3,1,2,1,6,6,7,4,3,2,8,1,185.512,2.892857143,0.276393728,2.045,0.255851657,0.071
133,18,Woman,64.548,2,1,0,1,1,1,2,1,2,1,0,-1,1,1,-2,1,-2,1,1,1,1,1.2,0,-0.5,0.25,1.066666667,128,18,Woman,4,2,1,2,4,1,0,0,2,0,3,0,3,1,3,6,1,0,3,0,0,4,7,3,1,2,4,2,6,6,1,2,3,1,0,6,2,8,1,2,6,1,175.679,2.892857143,0.276393728,1.6,-0.189148343,-0.052
239,19,Prefer not to say,168.981,0,0,0,4,1,3,1,0,0,0,0,0,0,0,1,0,0,0,0,0,2.666666667,0.2,0,0.5,0,0.955555556,806,18,Non-binary,0,4,0,0,1,0,0,0,2,0,2,0,0,0,1,1,1,1,1,2,6,0,3,5,1,9,7,2,3,8,7,1,1,1,1,0,1,8,4,1,4,1,562.327,2.892857143,0.276393728,0.7,-1.089148343,-0.301
145,18,Woman,68.524,0,0,0,3,0,0,0,0,0,0,0,1,2,-2,1,-2,-2,-2,1,0,1,0,1.5,-0.5,-1.25,0.333333333,177,18,Woman,0,0,2,1.5,3,5,0,0,0,2.236067977,1,5,3,0,8,4,5,0,1,0,3,1,2,4,6,8,6,0,1,0,4,1,3,2,5,4,2,7,1,0,0,4,157.334,2.928571429,0.312108014,1.373606798,-0.415541545,-0.13
200,18,Woman,91.224,0,0,0,0,0,0,0,0,0,2,0,-1,-2,-1,-2,0,-2,1,2,0,0,0.4,-1.5,-1.5,0.25,0.133333333,200,18,Woman,3,4,0,0.5,1,1,0,0,1,0,5,0,1,0,1,3,2,0,3,4,0,0,2,1,0,2,3,2,4,0,6,7,0,6,9,9,1,6,2,1,6,2,176.712,2.928571429,0.312108014,1.05,-0.739148343,-0.231
433,18,Woman,173.399,1,1,3,2,0,0,2,0,0,1,0,1,0,-1,-2,0,0,-1,-1,1.666666667,0.666666667,0.6,0.5,-1.5,-0.5,0.977777778,403,18,Woman,3,1,4,2.5,0,2,4,5,0,0,0,4,3,2,4,6,2,1,1,0,1,0,4,5,0,4,2,4,3,1,7,6,8,6,9,3,1,1,2,0,1,1,277.475,2.964285714,0.347822299,2.15,0.360851657,0.126
515,18,Woman,351,0,1,0,1,0,1,2,0,0,0,0,-1,-1,-2,0,1,-1,1,1,0.333333333,0.666666667,0.4,-1,-1,0.5,0.466666667,23,18,Woman,3,3,1,1.5,3,2,0,0,3,2.236067977,1,5,1,2,1,3,1,3,4,0,0,1,4,5,1,1,1,2,7,3,3,4,2,7,8,3,4,5,4,5,0,1,513.341,2.964285714,0.347822299,1.873606798,0.084458455,0.029
134,19,Man,65.919,0,0,0,1,1,0,3,0,0,0,2,0,1,-1,-2,1,2,2,-1,0,0.666666667,1,0.5,-1.5,1,0.555555556,435,19,Man,4,3,0,1,3,2,0,0,1,0,2,0,1,1,4,8,3,0,2,3,0,0,0,0,5,3,2,0,7,2,0,0,1,5,3,9,8,7,1,0,4,6,284.602,2.964285714,0.347822299,1.4,-0.389148343,-0.135
161,18,Woman,100.541,3,1,2,4,1,3,4,1,3,2,2,1,1,0,2,1,2,2,-1,2,2.666666667,2.4,1,1,1,2.355555556,248,18,Woman,3,3,4,5,5,2,0,0,4,1.732050808,3,1,5,5,2,7,1,0,0,2,3,0,0,4,0,2,1,7,6,6,5,7,7,7,4,0,2,6,1,1,3,0,222.502,3,0.383536585,2.773205081,0.984056738,0.377
129,19,Woman,55.108,0,0,0,3,2,1,0,0,0,0,0,-2,-1,-2,-1,-2,0,-1,-2,0,2,0,-1.5,-1.5,-1.25,0.666666667,636,18,Woman,2,4,2,3.5,3,4,2,3,2,1.73,3,1,4,3,5,8,1,0,0,2,0,2,2,4,0,8,8,4,2,4,7,4,2,3,3,4,6,2,2,0,0,1,298.603,3,0.383536585,2.723,0.933851657,0.358
135,18,Woman,79.392,0,1,1,3,2,3,4,3,0,3,5,0,0,1,1,1,-1,2,2,0.666666667,2.666666667,3,0,1,1,2.111111111,91,18,Woman,5,4,1,2,5,4,0,0,2,2,1,4,2,2,4,6,1,0,1,0,2,0,2,2,2,2,2,1,3,2,4,8,1,8,8,9,4,3,3,4,1,1,347.486,3,0.383536585,2.5,0.710851657,0.273
247,20,Woman,120.389,0,0,2,3,0,0,3,0,0,0,4,0,1,0,0,1,0,2,0,0.666666667,1,1.4,0.5,0,0.75,1.022222222,262,20,Woman,4,2,0,2.5,3,5,5,0,0,0,5,0,3,2,6,8,2,0,1,0,0,0,0,2,0,3,3,3,2,3,6,6,7,7,6,6,7,3,2,1,0,0,280.834,3,0.383536585,2.15,0.360851657,0.138
92,19,Woman,46.84,2,1,1,0,0,0,2,0,0,0,1,1,1,1,-1,1,1,1,1,1.333333333,0,0.6,1,0,1,0.644444444,574,19,Woman,4,3,4,0,5,1,0,0,2,0,0,1,0,0,7,7,3,1,1,3,1,0,0,2,2,3,1,3,4,4,6,6,3,7,4,2,6,2,1,1,1,3,130.589,3,0.383536585,1.9,0.110851657,0.043
154,22,Woman,77.389,0,0,3,3,0,0,4,0,0,0,4,0,0,-2,-2,0,0,1,1,1,1,1.6,0,-2,0.5,1.2,612,21,Woman,2,2,3,0.5,2,2,1,0,1,2.45,2,3,0,1,7,8,0,0,0,0,0,0,5,7,6,6,4,6,6,0,4,7,3,1,10,1,1,0,0,0,2,0,255.66,3,0.383536585,1.595,-0.194148343,-0.074
138,19,Woman,58.508,2,2,3,4,3,3,2,2,2,2,3,1,1,1,0,0,1,0,0,2.333333333,3.333333333,2.2,1,0.5,0.25,2.622222222,555,18,Woman,4,4,1,2,4,4,0,0,3,0,0,4,2,2,6,3,2,1,1,0,1,0,1,1,2,2,1,2,8,1,4,2,2,6,7,7,7,6,4,1,6,1,237.04,3.035714286,0.419250871,2.2,0.410851657,0.172
139,18,Woman,75.086,0,0,1,4,2,1,3,0,0,1,0,0,1,1,1,2,1,2,1,0.333333333,2.333333333,0.8,0.5,1,1.5,1.155555555,330,18,Woman,3,3,1,1.5,3,4,0,0,1,0,0,0,2,1,5,6,3,1,1,2,3,1,0,4,2,2,2,2,5,3,3,1,4,4,7,7,7,4,3,0,1,2,285.488,3.035714286,0.419250871,1.65,-0.139148343,-0.058
143,19,Man,68.66,0,1,0,2,1,0,0,0,0,0,0,0,-1,-1,-1,1,-2,-2,-2,0.333333333,1,0,-0.5,-1,-1.25,0.444444444,569,19,Man,4,4,0,0,3,2,0,0,3,0,0,0,0,0,7,8,3,0,0,0,0,0,0,2,1,3,6,4,5,1,3,6,8,7,10,3,2,2,0,0,0,6,209.008,3.107142857,0.490679442,1.6,-0.189148343,-0.093
171,19,Woman,102.147,0,0,3,2,0,2,5,2,1,0,3,1,1,0,-1,-2,2,2,2,1,1.333333333,2.2,1,-0.5,1,1.511111111,71,19,Woman,4,5,1,1,2,3,0,0,1,0,4,0,1,1,2,6,0,0,1,1,1,0,0,2,1,3,1,7,7,3,5,5,8,4,5,6,4,3,1,3,5,4,270.598,3.142857143,0.526393728,1.7,-0.089148343,-0.047
302,24,Woman,246.703,1,1,4,5,2,1,1,1,1,0,0,2,2,1,0,2,2,2,2,2,2.666666667,0.6,2,0.5,2,1.755555556,195,24,Woman,2,4,3,1.5,1,3,0,0,1,0,5,0,2,1,1,8,0,0,3,1,0,3,7,1,2,4,2,4,6,4,1,0,3,4,10,7,7,4,2,0,0,4,321.179,3.142857143,0.526393728,1.55,-0.239148343,-0.126
125,18,Woman,70.901,0,0,1,4,1,2,0,0,0,0,0,0,-1,-1,1,0,-1,-2,0,0.333333333,2.333333333,0,-0.5,0,-0.75,0.888888889,181,18,Woman,4,3,1,0,3,2,2,0,1,0,5,0,0,0,3,8,0,0,1,0,7,1,2,3,4,3,5,3,5,6,2,2,0,4,4,8,3,6,1,1,2,4,280.997,3.142857143,0.526393728,1.6,-0.189148343,-0.1
84,25,Man,38.702,0,0,0,0,0,0,0,0,0,0,0,-2,-2,-2,-2,-2,-2,-2,-2,0,0,0,-2,-2,-2,0,524,24,Man,2,0,0,0,1,0,1,0,4,0,0,0,0,0,3,5,0,0,1,0,0,0,0,5,5,0,0,4,6,9,3,4,3,5,5,5,5,5,5,5,0,5,216.665,3.142857143,0.526393728,0.8,-0.989148343,-0.521
144,19,Woman,67.249,2,4,5,5,4,3,2,4,3,3,5,1,1,1,-1,1,2,1,1,3.666666667,4,3.4,1,0,1.25,3.688888889,799,18,Woman,5,4,5,4,3,4,1,0,1,3.16,5,2,3,5,5,3,2,0,3,1,0,0,1,2,2,1,2,4,3,5,8,7,8,6,10,3,5,5,2,0,0,1,299.47,3.178571429,0.562108014,3.016,1.226851657,0.69
114,18,Woman,50.441,2,0,2,4,0,0,0,0,0,0,2,1,2,-1,-1,-1,1,0,0,1.333333333,1.333333333,0.4,1.5,-1,0,1.022222222,326,18,Woman,5,3,4,2.5,3,0,0,0,3,2,4,1,2,3,1,9,0,0,1,0,0,1,0,6,4,1,2,1,7,5,9,8,3,8,4,6,6,1,3,3,0,0,186.92,3.178571429,0.562108014,2.25,0.460851657,0.259
134,18,Woman,72.418,0,0,0,2,3,2,3,2,1,0,0,1,1,1,1,2,2,1,1,0,2.333333333,1.2,1,1,1.5,1.177777778,220,18,Woman,1,3,0,1,4,1,0,0,0,0,5,0,2,0,4,7,2,2,5,0,0,0,0,1,0,1,0,4,4,1,8,7,6,5,9,6,3,6,4,2,2,0,182.54,3.178571429,0.562108014,1,-0.789148343,-0.444
173,19,Woman,85.919,5,5,5,5,5,5,5,5,5,4,5,2,1,2,1,2,2,2,2,5,5,4.8,1.5,1.5,2,4.933333333,391,19,Woman,2,0,0,0,0,0,0,0,0,0,0,0,0,0,3,9,2,0,1,5,5,1,2,4,1,2,4,0,5,2,0,1,9,3,9,2,10,1,6,1,0,1,333.447,3.178571429,0.562108014,0.2,-1.589148343,-0.893
291,19,Woman,186.966,2,2,0,3,0,2,5,5,0,0,5,2,2,1,2,2,2,2,2,1.333333333,1.666666667,3,2,1.5,2,2,651,18,Woman,4,4,1,4,4,4,1,0,1,0,0,5,3,5,2,4,0,0,1,0,1,1,2,0,7,0,7,8,7,4,8,2,2,7,9,6,5,2,3,2,0,0,222.768,3.214285714,0.597822299,2.3,0.510851657,0.305
125,18,Woman,60.466,4,2,4,4,1,2,0,0,0,0,0,1,2,-1,-2,1,0,-2,-1,3.333333333,2.333333333,0,1.5,-1.5,-0.5,1.888888889,111,18,Woman,5,5,0,1.5,5,2,0,0,0,0,0,5,2,1,1,4,1,0,5,1,2,1,0,4,4,6,4,5,4,3,7,8,2,6,1,2,1,2,3,4,6,3,250.318,3.214285714,0.597822299,1.85,0.060851657,0.036
98,19,Woman,41.992,0,0,0,0,0,0,0,0,0,0,0,-1,-1,-1,-1,0,0,0,0,0,0,0,-1,-1,0,0,348,19,Woman,4,3,0,1.5,5,3,0,0,0,0,0,5,2,1,2,8,5,0,2,0,0,0,0,7,0,4,6,9,6,0,0,5,9,8,9,0,0,8,0,0,2,0,161.027,3.214285714,0.597822299,1.65,-0.139148343,-0.083
120,19,Woman,72.855,0,2,0,4,3,3,4,0,0,0,0,1,1,1,1,2,1,1,2,0.666666667,3.333333333,0.8,1,1,1.5,1.6,18,19,Woman,4,3,2,1.5,4,4,0,0,2,5,5,5,1,2,6,4,2,1,1,0,6,0,0,1,5,4,2,6,4,1,5,3,3,4,5,6,6,6,1,1,6,2,279.735,3.25,0.633536585,2.55,0.760851657,0.482
119,21,Woman,46.111,0,0,0,1,1,0,0,0,0,0,0,-1,-1,0,-1,-1,0,-2,-2,0,0.666666667,0,-1,-0.5,-1.25,0.222222222,628,20,Woman,4,5,0,2,4,5,0,0,1,2,1,4,1,3,7,8,4,0,0,0,1,0,0,2,3,7,6,4,8,4,0,1,2,9,2,8,6,3,1,0,0,5,153.609,3.25,0.633536585,2.3,0.510851657,0.324
187,19,Woman,101.4,2,1,2,1,1,0,1,0,0,0,2,0,0,1,1,1,1,2,2,1.666666667,0.666666667,0.6,0,1,1.5,0.977777778,511,18,Woman,4,5,3,2.5,4,1,0,0,0,0,5,0,2,3,6,8,4,1,1,0,0,1,5,5,0,1,0,2,5,1,4,7,1,9,10,9,4,3,2,1,1,0,192.573,3.25,0.633536585,1.95,0.160851657,0.102
136,18,Woman,61.101,0,0,0,2,0,1,0,0,0,0,0,1,0,2,2,2,2,2,1,0,1,0,0.5,2,1.75,0.333333333,723,18,Woman,4,4,0,3,3,1,0,0,4,0,0,0,3,3,8,0,0,0,3,3,0,0,2,1,3,6,2,3,2,4,5,2,7,4,9,7,6,4,1,3,4,2,273.912,3.25,0.633536585,1.9,0.110851657,0.07
128,18,Woman,66.779,0,0,1,2,1,2,0,0,2,3,1,1,2,1,-2,-1,1,1,2,0.333333333,1.666666667,1.2,1.5,-0.5,0.75,1.066666667,61,18,Woman,4,5,1,3.5,5,4,1,0,3,2.236067977,5,1,4,3,7,9,2,0,6,0,0,0,0,3,2,0,0,5,5,2,8,4,5,7,4,8,6,3,0,3,3,0,291.534,3.285714286,0.669250871,2.873606798,1.084458455,0.726
84,19,Woman,32.895,1,2,2,3,3,3,1,0,0,0,0,0,1,-1,-1,-2,1,1,1,1.666666667,3,0.2,0.5,-1,0.25,1.622222222,767,18,Woman,4,3,2,2.5,5,4,0,2,1,1.41,2,1,2,3,5,7,4,0,1,0,3,0,3,3,1,3,2,2,3,2,6,6,2,6,6,4,3,7,6,6,1,0,181.54,3.285714286,0.669250871,2.491,0.701851657,0.47
131,19,Woman,72.603,3,3,0,4,4,0,3,2,1,0,0,1,0,1,-1,1,1,-1,1,2,2.666666667,1.2,0.5,0,0.5,1.955555556,805,18,Woman,2,5,0,1,0,4,0,0,0,0,5,0,0,2,2,3,1,0,3,0,0,0,0,4,1,8,5,2,8,4,6,3,1,5,9,4,7,7,3,0,3,4,219.75,3.321428571,0.704965156,1.2,-0.589148343,-0.415
188,19,Woman,79.99,0,0,0,0,0,0,0,0,0,0,0,-2,-2,-2,-2,-2,-2,-2,-2,0,0,0,-2,-2,-2,0,448,18,Woman,0,0,0,0,0,0,0,0,0,0,0,0,0,0,0,7,0,0,0,0,0,0,0,7,8,7,1,2,6,0,6,9,8,8,10,10,3,0,0,0,0,1,517.675,3.321428571,0.704965156,0,-1.789148343,-1.261
144,21,Woman,57.548,0,0,0,1,0,0,0,0,0,0,0,-1,0,1,-1,1,-1,1,1,0,0.333333333,0,-0.5,0,0.5,0.111111111,883,20,Woman,3,5,1,0,0,1,0,0,0,0,4,0,0,0,1,7,0,0,0,7,0,2,1,1,7,2,2,1,3,8,8,8,4,8,1,9,8,3,1,0,0,2,212.626,3.357142857,0.740679442,1,-0.789148343,-0.585
179,18,Woman,114.3,3,2,0,4,2,3,0,0,0,0,0,1,1,-1,1,-1,1,-1,-2,1.666666667,3,0,1,0,-0.75,1.555555556,113,18,Woman,5,3,3,3,4,2,1,0,2,1.414213562,2,1,4,2,3,7,0,0,0,0,3,0,2,1,2,7,6,2,8,2,6,10,1,9,9,1,1,5,0,0,8,2,184.549,3.392857143,0.776393728,2.441421356,0.652273013,0.506
42,20,Woman,16.024,1,2,1,0,1,0,1,0,1,0,1,-1,-1,-1,-2,-2,-1,-2,-2,1.333333333,0.333333333,0.6,-1,-1.5,-1.75,0.755555555,849,19,Woman,4,4,2,2.5,2,3,1,0,1,0,5,0,2,3,7,5,4,2,4,2,4,5,5,4,3,4,5,2,1,0,4,2,2,3,4,4,3,3,3,3,4,3,38.2,3.392857143,0.776393728,1.95,0.160851657,0.125
295,19,Another,132.484,0,0,0,4,3,0,4,5,5,3,3,-1,-1,1,-1,1,0,1,1,0,2.333333333,4,-1,0,0.75,2.111111111,295,19,Non-binary,4,5,0,2.5,1,2,0,0,0,0,5,0,1,4,2,6,2,0,0,0,3,0,1,7,9,2,9,8,3,3,7,6,5,5,1,2,3,6,1,0,1,3,215.703,3.392857143,0.776393728,1.45,-0.339148343,-0.263
151,20,Woman,79.424,0,0,0,2,2,0,0,1,2,0,4,-1,0,0,-1,0,1,1,-1,0,1.333333333,1.4,-0.5,-0.5,0.25,0.911111111,647,19,Woman,1,3,1,4,3,4,2,0,0,2,2,2,4,4,5,8,1,1,1,1,0,0,0,4,1,1,0,3,5,2,6,9,3,3,5,9,6,6,6,5,1,4,478.574,3.428571429,0.812108014,2,0.210851657,0.171
336,19,Woman,215.05,2,2,3,5,5,3,3,3,2,3,3,0,0,1,0,1,1,0,0,2.333333333,4.333333333,2.8,0,0.5,0.5,3.155555555,549,18,Woman,4,5,1,0,4,3,0,0,1,0,0,4,0,0,5,6,3,2,1,4,4,0,2,3,4,1,2,3,5,3,6,5,5,4,5,5,4,6,4,2,1,1,270.883,3.428571429,0.812108014,1.8,0.010851657,0.009
184,19,Woman,91.497,3,1,0,4,2,1,3,2,1,2,0,-1,-1,-2,-1,-1,-2,-1,-1,1.333333333,2.333333333,1.6,-1,-1.5,-1.25,1.755555555,489,18,Woman,3,2,1,3,4,3,1,0,3,2.83,4,2,3,3,7,6,2,0,0,0,1,0,3,0,10,10,8,1,2,1,3,5,5,6,3,6,6,1,0,0,7,4,213.066,3.464285714,0.847822299,2.283,0.493851657,0.419
151,18,Woman,92.145,4,4,3,4,3,3,4,5,4,4,4,2,1,0,1,2,1,2,2,3.666666667,3.333333333,4.2,1.5,0.5,1.75,3.733333333,52,18,Woman,5,4,1,1,5,4,0,0,2,0,5,0,0,2,8,6,2,2,3,0,0,0,3,3,1,5,1,6,6,5,8,6,6,7,4,5,5,1,1,0,1,2,370.104,3.464285714,0.847822299,2.2,0.410851657,0.348
188,18,Woman,123.553,3,2,2,4,0,0,5,3,3,0,5,0,1,1,0,2,1,2,2,2.333333333,1.333333333,3.2,0.5,0.5,1.75,2.288888889,388,18,Woman,3,5,2,2.5,5,0,0,0,0,3.464101615,3,4,3,2,3,7,2,0,2,2,2,0,1,6,3,6,3,9,7,5,5,6,4,8,2,4,3,3,3,1,0,0,475.316,3.464285714,0.847822299,2.096410162,0.307261819,0.261
192,19,Woman,96.909,0,0,0,1,1,0,2,0,0,1,0,0,1,-1,0,0,1,1,0,0,0.666666667,0.6,0.5,-0.5,0.5,0.422222222,508,19,Woman,4,3,1,0.5,4,2,0,0,1,0,0,5,0,1,6,7,5,2,3,5,3,0,3,2,1,3,1,2,6,5,2,6,4,7,2,4,5,5,5,2,1,1,518.152,3.5,0.883536585,1.55,-0.239148343,-0.211
154,18,Woman,77.9,0,0,1,3,2,0,0,0,0,0,1,0,-1,1,0,0,-1,1,1,0.333333333,1.666666667,0.2,-0.5,0.5,0.25,0.733333333,2,18,Woman,5,4,2,1.5,4,5,0,0,3,0,0,3,2,1,4,8,1,0,1,1,0,1,0,6,7,1,2,6,8,1,8,7,5,3,6,3,5,5,3,1,7,0,240.515,3.571428571,0.954965156,2.45,0.660851657,0.631
261,18,Woman,134.173,0,0,0,2,2,2,2,0,0,0,0,1,1,0,0,1,2,1,1,0,2,0.4,1,0,1.25,0.8,292,18,Woman,5,4,3,1,5,4,0,0,1,0,5,0,1,1,4,7,2,0,5,3,0,0,1,4,0,0,0,2,6,4,7,8,4,6,10,4,5,9,5,1,0,3,418.524,3.571428571,0.954965156,2.3,0.510851657,0.488
163,22,Woman,102.673,0,0,0,5,2,2,3,2,2,0,5,1,1,2,1,2,2,2,2,0,3,2.4,1,1.5,2,1.8,718,21,Woman,4,2,1,0,3,3,0,0,1,0,5,0,0,0,8,8,1,1,0,3,3,0,5,1,9,6,6,10,5,3,6,2,0,1,10,4,0,1,1,0,0,6,303.421,3.571428571,0.954965156,1.4,-0.389148343,-0.372
283,19,Another,62.001,0,0,0,2,2,2,0,0,0,0,0,1,0,0,0,1,0,1,1,0,2,0,0.5,0,0.75,0.666666667,707,18,Non-binary,2,3,2,2.5,1,1,0,0,0,0,4,0,2,3,7,7,7,4,1,0,3,1,1,1,4,7,5,0,8,7,7,5,3,6,0,5,0,6,4,0,0,1,159.265,3.571428571,0.954965156,1.15,-0.639148343,-0.61
204,19,Woman,104.276,3,1,1,3,2,1,4,1,0,4,1,1,0,-1,-1,2,1,2,1,1.666666667,2,2,0.5,-1,1.5,1.888888889,265,19,Woman,4,5,1,1.5,3,3,0,0,2,3.16227766,5,2,2,1,6,8,1,0,0,2,0,1,3,7,2,3,0,1,9,7,6,8,8,5,3,2,6,7,3,0,2,1,461.683,3.607142857,0.990679442,2.266227766,0.477079423,0.473
174,20,Woman,109.162,0,2,0,2,2,0,2,0,0,0,0,-2,-2,-2,-2,-2,-2,-2,-2,0.666666667,1.333333333,0.4,-2,-2,-2,0.8,855,20,Woman,5,5,0,0,5,1,0,0,2,0,0,0,0,0,4,6,2,0,0,0,0,0,5,4,5,7,2,2,9,3,1,3,3,9,9,9,3,7,6,1,1,0,324.731,3.607142857,0.990679442,1.8,0.010851657,0.011
189,21,Man,113.406,2,2,3,5,4,3,3,0,0,0,4,1,1,1,2,2,1,1,1,2.333333333,4,1.4,1,1.5,1.25,2.577777778,695,21,Man,2,4,1,1.5,2,1,0,0,3,0,5,0,0,3,2,3,0,0,0,0,0,1,3,1,2,0,1,4,5,0,4,4,8,8,10,10,10,7,10,3,5,0,404.296,3.607142857,0.990679442,1.45,-0.339148343,-0.336
103,20,Woman,51.574,2,2,2,1,0,0,1,0,0,1,0,1,2,1,0,0,0,2,2,2,0.333333333,0.4,1.5,0.5,1,0.911111111,590,20,Woman,5,4,1,1,5,5,5,0,3,1,1,1,1,1,8,5,1,0,0,0,3,1,7,1,3,4,3,1,5,2,6,10,4,6,10,10,7,1,2,0,0,2,206,3.642857143,1.026393728,3,1.210851657,1.243
557,20,Woman,465.154,0,0,0,3,3,0,3,0,0,5,5,-2,-2,1,0,2,1,2,2,0,2,2.6,-2,0.5,1.75,1.533333333,766,19,Woman,5,5,0,1,5,3,0,0,4,0,0,5,2,0,2,8,1,0,2,0,0,6,2,3,2,0,0,9,3,1,9,8,2,7,7,3,4,8,4,3,7,1,604.155,3.642857143,1.026393728,2.3,0.510851657,0.524
159,18,Woman,81.155,0,3,1,3,4,1,3,3,0,0,3,1,1,2,2,2,2,2,2,1.333333333,2.666666667,1.8,1,2,2,1.933333333,667,18,Non-binary,4,4,3,1,4,5,0,0,1,0,0,4,0,2,8,7,2,0,1,3,1,0,6,6,1,4,1,0,9,3,10,8,3,6,10,3,0,2,2,1,0,6,157.843,3.678571429,1.062108014,2.2,0.410851657,0.436
232,19,Woman,133.197,1,4,1,4,0,2,3,0,0,0,0,1,1,-1,1,1,1,0,1,2,2,0.6,1,0,0.75,1.533333333,196,19,Woman,5,4,1,1,5,0,0,0,0,0,5,0,1,1,6,8,0,0,6,1,0,1,3,1,1,5,1,6,7,4,10,8,2,1,10,8,6,5,1,1,1,0,363.501,3.678571429,1.062108014,1.6,-0.189148343,-0.201
177,18,Woman,65.845,4,4,3,4,0,0,5,0,0,4,3,1,0,2,-2,1,1,1,2,3.666666667,1.333333333,2.4,0.5,0,1.25,2.466666667,296,18,Woman,5,5,4,0.5,3,5,2,0,0,2.449489743,3,2,0,1,6,8,0,0,5,6,0,0,0,0,0,3,0,8,9,9,9,9,0,0,2,1,2,9,9,8,1,0,530.234,3.714285714,1.097822299,2.694948974,0.905800632,0.994
98,18,Woman,46.212,2,0,0,3,0,0,2,0,0,0,0,0,1,1,1,1,0,0,1,0.666666667,1,0.4,0.5,1,0.5,0.688888889,772,18,Woman,4,3,0,1.5,2,1,0,0,2,0,0,5,1,2,5,5,1,1,1,1,3,4,4,4,4,4,2,5,2,6,4,4,1,5,5,3,6,3,5,6,5,5,27.164,3.714285714,1.097822299,1.35,-0.439148343,-0.482
215,20,Woman,102.649,0,0,0,2,1,2,0,0,0,0,0,0,0,-1,0,-1,-1,-1,-2,0,1.666666667,0,0,-0.5,-1.25,0.555555556,564,19,Woman,1,0,0,0,0,0,3,0,2,0,5,0,0,0,2,7,0,0,1,0,3,1,7,2,7,5,7,0,3,3,6,9,5,9,3,3,4,4,3,3,1,6,419.675,3.714285714,1.097822299,0.6,-1.189148343,-1.305
227,18,Woman,132.409,0,0,1,5,5,5,4,0,0,0,3,-1,-1,2,2,-1,-2,1,-1,0.333333333,5,1.4,-1,2,-0.75,2.244444444,96,18,Woman,5,3,3,1.5,4,2,0,0,0,2.236067977,5,1,0,3,2,4,0,0,0,0,7,0,3,6,1,7,7,3,8,2,9,6,2,7,2,4,2,8,5,2,0,8,398.708,3.75,1.133536585,2.073606798,0.284458455,0.322
224,20,Woman,95.938,1,0,0,1,0,0,0,0,0,0,2,-2,-2,-2,-2,-2,-2,1,-2,0.333333333,0.333333333,0.4,-2,-2,-1.25,0.355555555,724,19,Woman,5,1,1,0.5,3,2,0,0,1,0,5,0,1,0,7,7,0,0,0,0,0,0,2,4,1,5,0,9,4,4,10,10,1,10,10,1,4,8,5,3,0,0,238.272,3.75,1.133536585,1.35,-0.439148343,-0.498
168,21,Woman,97.301,2,1,2,3,0,1,4,0,0,2,3,2,-1,1,-1,-1,1,2,2,1.666666667,1.333333333,1.8,0.5,0,1,1.6,56,21,Woman,5,5,4,0,3,3,0,0,1,0,3,0,0,0,6,7,2,0,1,0,0,0,1,4,7,1,8,8,8,7,6,3,4,5,5,7,7,5,4,0,0,1,209.821,3.821428571,1.204965156,2.1,0.310851657,0.375
299,18,Woman,189.933,0,2,1,3,3,3,5,1,5,2,4,1,2,2,0,0,2,2,2,1,3,3.4,1.5,1,1.5,2.466666667,276,18,Woman,3,2,2,3.5,2,2,1,0,1,1.414213562,2,1,4,3,4,8,2,0,0,1,1,0,1,5,5,5,4,3,9,2,1,8,8,8,8,4,6,5,0,0,9,0,379.114,3.821428571,1.204965156,1.791421356,0.002273013,0.003
131,20,Woman,69.246,3,1,3,5,3,0,5,0,0,0,1,1,2,1,2,2,2,2,2,2.333333333,2.666666667,1.2,1.5,1.5,2,2.066666667,478,19,Woman,2,5,0,2.5,5,3,0,0,2,0,0,2,1,4,4,6,5,7,8,0,2,2,4,5,0,4,2,5,3,2,3,6,7,4,4,3,5,5,3,2,5,2,98.337,3.857142857,1.240679442,1.95,0.160851657,0.2
2486,22,Woman,823.415,4,4,4,4,5,4,5,4,4,3,4,1,0,1,1,2,1,1,1,4,4.333333333,4,0.5,1,1.25,4.111111111,675,21,Woman,3,2,2,3,4,3,0,0,1,0,4,0,3,3,3,5,3,2,4,1,4,1,2,2,3,4,3,4,5,4,6,5,3,6,8,4,3,7,6,4,4,2,340.481,3.857142857,1.240679442,1.8,0.010851657,0.013
224,20,Woman,58.499,2,1,2,2,1,3,2,1,2,1,2,-1,1,0,-1,0,1,1,0,1.666666667,2,1.6,0,-0.5,0.5,1.755555556,608,19,Woman,4,3,2,2.5,5,2,0,1,2,0,0,3,3,2,3,8,2,3,1,0,0,3,1,4,4,8,4,3,8,4,7,6,3,6,2,7,6,7,6,2,0,1,389.192,3.892857143,1.276393728,2.15,0.360851657,0.461
155,18,Prefer not to say,82.802,1,1,2,3,0,1,5,1,0,0,3,1,2,2,2,2,2,2,2,1.333333333,1.333333333,1.8,1.5,2,2,1.488888889,41,18,Other/prefer not to say,4,5,0,2.5,1,1,0,0,0,0,4,0,1,4,3,8,1,1,0,0,2,0,7,6,3,2,5,1,6,1,9,9,6,10,10,6,2,5,2,0,4,0,241.707,3.892857143,1.276393728,1.35,-0.439148343,-0.561
161,19,Woman,79.192,0,1,0,2,0,0,0,0,1,1,0,-1,-1,-1,0,-1,-1,0,1,0.333333333,0.666666667,0.4,-1,-0.5,-0.25,0.466666667,142,19,Woman,4,3,0,2,2,4,0,0,4,3,3,3,1,3,4,7,1,1,3,4,0,5,2,5,0,1,1,7,4,5,6,7,4,6,5,6,6,3,4,6,6,1,263.882,3.928571429,1.312108014,2.2,0.410851657,0.539
124,18,Woman,76.495,4,3,2,3,2,1,1,0,0,0,0,-1,1,-2,-2,-2,0,-1,-1,3,2,0.2,0,-2,-1,1.733333333,385,18,Woman,5,4,2,3.5,4,5,2,1,4,2.236067977,5,1,4,3,6,4,1,1,3,4,2,0,5,3,4,2,4,6,8,4,2,7,5,8,9,5,4,5,6,1,1,1,146.436,3.964285714,1.347822299,3.273606798,1.484458455,2.001
192,21,Woman,129.362,0,0,3,3,1,2,1,1,4,0,0,-1,0,2,1,-1,-1,1,1,1,2,1.2,-0.5,1.5,0,1.4,851,20,Woman,4,4,0,0,2,1,0,0,2,0,5,0,0,0,5,8,1,1,4,1,2,0,1,2,6,6,6,2,2,5,5,6,7,4,8,4,5,7,5,4,2,2,307.312,3.964285714,1.347822299,1.3,-0.489148343,-0.659
189,19,Woman,87.379,0,0,0,0,0,0,0,1,0,0,0,0,1,0,0,-2,0,1,-2,0,0,0.2,0.5,0,-0.75,0.066666667,342,19,Woman,3,3,0,2,3,1,0,0,1,0,0,1,1,3,3,8,4,0,3,2,3,4,1,4,0,0,6,2,4,3,6,6,4,6,8,5,6,6,6,3,6,3,201.855,4,1.383536585,1.3,-0.489148343,-0.677
125,19,Woman,61.804,0,0,1,1,1,1,0,0,0,0,0,0,0,-1,-1,0,0,0,0,0.333333333,1,0,0,-1,0,0.444444444,533,18,Woman,2,2,3,2,2,3,0,0,3,0,0,1,2,2,7,9,6,2,2,2,2,2,1,3,2,1,0,3,4,4,5,4,7,9,9,5,5,7,5,2,3,2,152.422,4.035714286,1.419250871,1.7,-0.089148343,-0.127
132,20,Woman,65.259,2,3,1,3,2,1,0,2,0,2,4,0,1,1,0,1,1,2,2,2,2,1.6,0.5,0.5,1.5,1.866666667,877,19,Woman,3,3,1,0,2,3,0,0,2,0,2,0,0,0,2,7,2,0,4,3,3,7,8,2,6,5,5,6,7,3,2,2,0,2,10,3,5,5,7,2,0,7,242.1,4.107142857,1.490679442,1.4,-0.389148343,-0.58
144,18,Woman,78,0,0,0,0,0,0,0,0,0,0,0,-2,-2,-2,-2,-2,-2,-2,-2,0,0,0,-2,-2,-2,0,174,18,Woman,2,0,0,0.5,0,0,0,0,0,0,0,0,1,0,7,9,0,0,0,0,0,0,5,7,8,8,6,6,10,0,8,10,0,0,8,10,5,5,0,0,3,0,715.737,4.107142857,1.490679442,0.25,-1.539148343,-2.294
229,19,Woman,121.885,1,1,0,2,1,1,4,2,5,3,2,0,0,-1,0,-1,1,2,2,0.666666667,1.333333333,3.2,0,-0.5,1,1.733333333,793,18,Woman,5,4,2,2.5,4,3,2,0,1,3,3,3,2,3,6,7,2,2,5,3,2,4,5,3,4,3,2,7,4,4,6,5,4,5,8,4,3,4,5,4,4,3,323.649,4.214285714,1.597822299,2.65,0.860851657,1.375
50,19,Woman,17.952,4,4,3,2,2,3,4,4,4,3,3,1,0,1,0,1,1,2,1,3.666666667,2.333333333,3.6,0.5,0.5,1.25,3.2,720,18,Woman,4,4,1,0,4,3,0,0,1,0,0,1,0,0,5,6,3,2,3,4,4,2,4,1,5,5,6,4,4,6,5,5,4,5,7,6,3,4,4,5,3,3,354.857,4.214285714,1.597822299,1.7,-0.089148343,-0.142
161,19,Woman,100.325,3,3,3,4,5,4,5,3,3,5,2,1,2,2,1,2,1,2,2,3,4.333333333,3.6,1.5,1.5,1.75,3.644444444,759,18,Woman,5,4,0,0.5,5,2,3,0,1,0,5,0,1,0,6,9,5,1,1,0,9,1,1,1,4,5,2,1,7,3,6,7,4,9,4,4,6,7,5,5,6,0,461.305,4.25,1.633536585,2.05,0.260851657,0.426
202,20,Man,139.025,0,0,1,3,3,0,2,0,0,0,3,-2,-2,0,-2,2,0,0,-1,0.333333333,2,1,-2,-1,0.25,1.111111111,559,19,Man,4,4,0,4.5,5,4,0,0,2,0,0,5,5,4,5,8,0,0,0,0,2,3,0,3,8,4,10,6,2,4,9,6,5,8,9,10,4,7,1,2,4,0,267.457,4.285714286,1.669250871,2.35,0.560851657,0.936
577,18,Woman,127.783,2,2,3,4,0,0,3,0,0,0,0,1,1,0,-1,2,-1,0,1,2.333333333,1.333333333,0.6,1,-0.5,0.5,1.422222222,307,18,Woman,4,5,3,1.5,4,3,0,0,4,0,5,0,2,1,8,9,3,2,6,4,1,0,1,5,0,4,6,6,5,6,6,4,2,7,3,6,5,4,5,4,4,5,937.258,4.321428571,1.704965156,2.45,0.660851657,1.127
215,18,Woman,89.641,1,0,0,1,0,0,0,0,0,2,0,-1,-1,-2,-2,-1,-1,-1,-1,0.333333333,0.333333333,0.4,-1,-2,-1,0.355555555,266,18,Woman,3,5,2,0,4,3,0,0,0,0,5,0,0,0,2,7,1,1,5,6,4,0,6,1,5,1,6,1,10,7,5,9,6,6,10,8,2,6,1,0,0,5,175.667,4.321428571,1.704965156,1.7,-0.089148343,-0.152
478,19,Woman,125.046,0,0,0,1,0,2,0,0,1,0,0,-1,1,-1,-1,-1,1,-1,-1,0,1,0.2,0,-1,-0.5,0.4,899,18,Woman,4,4,1,0,4,2,0,0,1,0,5,0,0,0,5,9,1,1,3,4,9,2,2,1,3,6,2,3,8,2,7,3,3,7,8,5,4,8,2,2,10,2,259.686,4.357142857,1.740679442,1.6,-0.189148343,-0.329
119,20,Woman,58.034,0,0,0,1,0,0,2,0,0,0,2,-2,-2,0,-2,2,2,2,2,0,0.333333333,0.8,-2,-1,2,0.377777778,166,20,Woman,0,5,2,3,3,0,1,1,0,0,1,0,3,3,8,8,5,0,5,1,1,3,1,4,0,0,0,2,7,7,7,7,6,9,9,1,5,8,6,6,7,0,227.901,4.392857143,1.776393728,1.5,-0.289148343,-0.514
172,19,Woman,84.361,0,0,0,0,0,0,0,0,0,0,0,-1,2,0,-2,-1,-2,0,-1,0,0,0,0.5,-1,-1,0,563,18,Woman,4,2,3,0,2,1,0,0,2,0,0,2,0,0,7,8,3,2,3,5,2,3,4,6,4,3,2,2,4,4,3,2,8,7,9,6,6,6,6,5,1,3,220.482,4.428571429,1.812108014,1.4,-0.389148343,-0.705
561,19,Woman,496.602,0,0,2,3,2,4,5,2,2,1,1,2,1,1,2,1,2,1,1,0.666666667,3,2.2,1.5,1.5,1.25,1.955555556,460,18,Woman,4,3,1,0.5,4,2,0,0,2,0,5,0,0,1,1,9,6,3,2,0,0,6,6,8,3,0,1,6,9,7,6,3,8,8,7,6,2,5,3,4,4,2,255.242,4.464285714,1.847822299,1.65,-0.139148343,-0.257
163,19,Another,84.912,0,0,2,3,4,1,0,0,0,0,0,1,0,-1,0,-1,1,-1,-2,0.666666667,2.666666667,0,0.5,-0.5,-0.75,1.111111111,853,19,Non-binary,4,5,0,0.5,2,2,0,0,3,0,5,0,0,1,9,8,6,2,8,4,2,2,4,4,2,3,1,0,5,3,3,2,8,5,8,6,5,8,5,4,9,1,211.236,4.535714286,1.919250871,1.65,-0.139148343,-0.267
103,19,Woman,51.904,2,1,4,5,3,2,4,2,2,1,2,1,1,1,1,1,1,1,1,2.333333333,3.333333333,2.2,1,1,1,2.622222222,658,19,Woman,3,2,3,3.5,4,3,0,0,2,0,0,3,4,3,4,6,1,0,2,0,1,0,2,5,2,8,5,7,8,8,8,8,5,5,6,6,5,5,5,5,5,6,207,4.571428571,1.954965156,2.05,0.260851657,0.51
117,18,Woman,51.15,0,2,2,3,3,0,4,4,4,2,2,-1,-1,1,-2,1,-1,2,2,1.333333333,2,3.2,-1,-0.5,1,2.177777778,82,18,Woman,2,1,0,3,5,2,0,0,0,0,2,0,3,3,8,7,8,1,1,0,7,1,1,1,3,7,7,10,7,6,7,10,7,9,5,4,3,2,2,1,1,2,174.462,4.571428571,1.954965156,1.3,-0.489148343,-0.956
144,18,Woman,81.349,0,0,0,1,0,0,1,0,1,0,0,0,0,-1,-1,-1,1,-1,0,0,0.333333333,0.4,0,-1,-0.25,0.244444444,454,18,Woman,5,4,2,2.5,5,3,0,0,1,0,0,5,2,3,4,8,3,3,5,0,2,0,9,7,5,6,6,7,7,6,5,2,6,5,6,6,3,5,3,4,2,4,215.811,4.607142857,1.990679442,2.25,0.460851657,0.917
176,18,Woman,109.538,4,3,4,5,0,3,1,0,0,0,0,2,1,2,0,2,1,2,2,3.666666667,2.666666667,0.2,1.5,1,1.75,2.177777778,7,19,Woman,5,4,0,0,4,5,0,0,1,0,5,0,0,0,7,8,1,0,1,0,4,0,9,0,1,8,5,5,10,5,4,7,5,9,7,10,9,8,4,1,0,1,241.89,4.607142857,1.990679442,1.9,0.110851657,0.221
187,20,Woman,63.778,1,1,0,4,3,3,3,3,2,2,2,0,0,0,1,1,-2,0,-1,0.666666667,3.333333333,2.4,0,0.5,-0.5,2.133333333,441,20,Woman,3,3,4,0,3,3,0,0,2,0,0,1,0,0,6,8,3,0,3,1,1,0,6,6,5,6,6,8,5,5,1,2,5,8,8,8,6,4,4,5,4,5,853.418,4.607142857,1.990679442,1.8,0.010851657,0.022
187,18,Woman,83.388,0,0,0,4,3,3,0,3,0,0,0,1,0,1,0,-1,-1,0,-1,0,3.333333333,0.6,0.5,0.5,-0.75,1.311111111,85,18,Woman,0,1,0,0,0,0,1,0,0,0,5,0,0,0,5,8,4,1,0,2,4,1,1,6,5,8,3,0,9,6,8,8,6,7,9,3,6,8,3,2,2,4,197.694,4.607142857,1.990679442,0.2,-1.589148343,-3.163
221,18,Woman,99.261,1,1,5,3,3,0,5,3,3,2,5,1,0,1,2,2,1,2,2,2.333333333,2,3.6,0.5,1.5,1.75,2.644444444,274,18,Woman,4,4,1,1.5,3,3,0,0,3,2,2,2,2,1,5,6,3,0,8,1,0,1,3,8,3,3,3,4,9,3,10,10,4,8,7,9,1,7,4,3,8,0,297.601,4.678571429,2.062108014,2.15,0.360851657,0.744
156,19,Woman,92.822,0,0,2,3,2,1,4,5,5,2,3,-1,1,-2,0,2,1,2,1,0.666666667,2,3.8,0,-1,1.5,2.155555556,493,18,Woman,3,5,1,1,2,0,0,0,3,2,4,1,0,2,6,7,8,1,3,0,0,2,4,4,5,8,3,10,7,9,2,9,10,5,4,6,6,9,0,0,3,0,266.4,4.678571429,2.062108014,1.7,-0.089148343,-0.184
82,18,Woman,40.79,3,3,3,3,3,3,3,3,3,3,3,1,1,1,1,1,1,1,1,3,3,3,1,1,1,3,219,18,Woman,4,3,2,3,3,4,0,5,3,0,0,4,3,3,6,7,7,7,7,7,4,4,4,7,4,4,4,4,4,4,4,4,4,4,4,4,4,4,4,4,4,4,96.204,4.714285714,2.097822299,2.7,0.910851657,1.911
59,19,Woman,19.383,2,3,2,3,2,3,3,2,2,3,2,1,-1,0,1,0,0,-1,1,2.333333333,2.666666667,2.4,0,0.5,0,2.466666667,654,18,Woman,4,3,2,2,4,3,2,0,2,0,0,4,2,2,6,4,3,4,3,6,4,5,3,6,3,8,4,5,2,7,5,3,8,5,5,4,7,4,8,5,2,3,37.198,4.714285714,2.097822299,2.2,0.410851657,0.862
237,18,Woman,184.349,3,1,0,3,2,0,4,1,1,0,3,2,2,2,-1,2,0,2,1,1.333333333,1.666666667,1.8,2,0.5,1.25,1.6,288,18,Woman,4,5,1,0,2,1,1,0,0,0,0,5,0,0,1,3,0,0,8,4,2,2,6,9,2,7,3,2,7,4,6,9,10,10,8,10,1,6,2,1,7,2,293.323,4.714285714,2.097822299,1.4,-0.389148343,-0.816
196,18,Woman,55.271,0,0,0,3,3,0,2,0,0,0,2,0,-2,2,1,2,-1,2,2,0,2,0.8,-1,1.5,1.25,0.933333333,317,18,Woman,5,3,1,3,5,3,0,5,2,0,0,5,2,4,6,8,10,0,1,0,0,4,0,0,6,0,3,10,10,8,10,10,9,4,3,4,10,9,8,0,0,0,323.793,4.75,2.133536585,2.7,0.910851657,1.943
159,19,Another,76.003,1,3,3,5,5,5,3,0,0,3,3,0,0,2,0,1,1,-2,0,2.333333333,5,1.8,0,1,0,3.044444444,475,18,Non-binary,5,4,2,3,3,2,0,0,1,0,5,0,2,4,4,8,6,1,5,0,3,0,5,6,4,6,6,5,7,6,6,6,3,8,9,4,6,6,4,1,3,6,288.779,4.785714286,2.169250871,2,0.210851657,0.457
75,20,Another,32.379,0,0,0,4,1,0,0,0,0,0,0,0,0,1,-1,1,-1,0,0,0,1.666666667,0,0,0,0,0.555555556,804,19,Non-binary,4,3,0,0,5,2,0,0,1,0,5,0,0,0,6,8,4,2,2,0,8,0,4,8,8,8,9,6,9,6,3,2,4,6,1,8,1,7,5,3,2,4,134.148,4.785714286,2.169250871,1.5,-0.289148343,-0.627
354,18,Prefer not to say,179.3,2,2,2,4,4,2,1,1,0,2,4,0,0,1,0,1,1,1,0,2,3.333333333,1.6,0,0.5,0.75,2.311111111,20,18,Other/prefer not to say,4,0,1,2,3,2,0,0,1,0,5,0,1,3,5,8,1,1,0,0,4,1,4,3,7,6,5,4,6,6,9,8,9,10,9,9,4,5,3,5,1,1,1075,4.785714286,2.169250871,1.3,-0.489148343,-1.061
244,19,Another,142.542,0,1,0,4,4,2,4,2,2,2,2,0,-1,1,-1,1,2,1,0,0.333333333,3.333333333,2.4,-0.5,0,1,2.022222222,823,18,Non-binary,4,3,2,3,4,2,1,0,1,0,0,4,2,4,4,7,7,1,3,2,3,0,6,4,7,4,4,3,7,3,9,2,6,6,9,7,2,6,4,7,6,6,206.6,4.821428571,2.204965156,2,0.210851657,0.465
301,20,Woman,163.227,2,0,0,4,3,2,0,0,1,0,3,0,-1,-1,-1,-2,-2,0,-1,0.666666667,3,0.8,-0.5,-1,-1.25,1.488888889,708,19,Woman,4,3,0,1.5,2,3,0,0,1,4,4,4,0,3,8,4,1,2,6,0,8,0,8,3,9,9,7,7,3,5,5,8,3,8,1,7,2,8,6,0,1,7,189.097,4.857142857,2.240679442,1.85,0.060851657,0.136
183,27,Woman,96.184,0,0,0,2,3,0,4,2,2,0,0,0,0,0,0,-1,0,0,0,0,1.666666667,1.6,0,0,-0.25,1.088888889,593,26,Woman,5,4,4,0,4,5,0,0,1,0,0,1,0,0,7,7,6,0,1,0,2,0,5,4,2,4,5,7,8,4,9,7,2,3,10,8,7,7,5,6,7,5,365.942,4.928571429,2.312108014,2.3,0.510851657,1.181
122,18,Woman,55.132,4,0,1,2,3,0,0,0,0,0,2,0,-1,-2,1,-2,2,1,-2,1.666666667,1.666666667,0.4,-0.5,-0.5,-0.25,1.244444445,291,18,Woman,3,2,0,2.5,5,4,0,0,1,1.414213562,1,2,4,1,7,7,3,7,4,4,6,4,8,4,7,2,8,1,8,1,8,2,7,6,5,4,4,3,7,6,3,3,47.201,4.964285714,2.347822299,1.891421356,0.102273013,0.24
202,18,Woman,99.093,0,0,5,3,3,0,5,5,3,0,5,2,0,2,1,2,1,2,2,1.666666667,2,3.6,1,1.5,1.75,2.422222222,19,18,Woman,4,5,0,0,3,0,0,1,1,0,0,0,0,0,6,8,4,3,7,2,7,1,5,8,8,8,3,1,9,0,4,3,9,6,9,8,0,9,9,0,2,0,346.655,4.964285714,2.347822299,1.4,-0.389148343,-0.914
218,19,Man,122.04,0,0,0,3,2,4,0,1,0,0,0,1,0,-2,-1,0,-2,-2,-2,0,3,0.2,0.5,-1.5,-1.5,1.066666667,298,19,Man,3,1,0,1.5,1,3,1,0,0,0,0,5,2,1,7,8,7,5,1,7,1,0,8,9,9,7,9,6,10,2,9,1,2,5,1,3,1,7,7,1,5,1,308.13,4.964285714,2.347822299,1.05,-0.739148343,-1.735
152,22,Man,73.32,1,1,3,5,3,4,1,0,1,1,3,0,-1,2,1,2,2,2,2,1.666666667,4,1.2,-0.5,1.5,2,2.288888889,528,21,Other/prefer not to say,5,4,1,2.5,5,3,0,0,2,4.47,5,4,1,4,1,8,4,0,4,3,7,0,1,6,2,6,7,2,8,6,9,4,3,10,8,10,7,8,4,1,7,4,233.426,5,2.383536585,2.697,0.907851657,2.164
259,19,Woman,138.284,1,2,1,3,3,3,4,2,1,3,0,1,1,0,1,0,1,2,1,1.333333333,3,2,1,0.5,1,2.111111111,286,19,Woman,5,5,1,0.5,4,2,1,0,2,2.449489743,2,3,1,0,5,9,2,1,4,4,3,6,2,6,10,10,8,3,7,4,3,4,5,8,6,6,2,7,2,6,3,4,449.727,5,2.383536585,2.294948974,0.505800632,1.206
140,19,Woman,83.327,2,2,0,4,2,5,3,3,1,0,3,2,2,0,1,2,1,-2,-1,1.333333333,3.666666667,2,2,0.5,0,2.333333333,487,18,Woman,5,3,0,2,2,0,0,0,3,3.16,5,2,1,3,8,7,3,3,6,7,8,1,9,7,9,2,6,4,10,4,2,1,4,5,3,8,6,7,3,0,3,4,201.974,5,2.383536585,1.816,0.026851657,0.064
150,19,Woman,80.406,0,0,2,5,5,5,3,0,0,1,5,0,0,-1,-2,-2,-1,-2,-1,0.666666667,5,1.8,0,-1.5,-1.5,2.488888889,602,18,Woman,3,2,3,0,5,1,0,0,0,0,0,0,0,0,7,6,5,0,0,0,6,0,1,0,8,9,9,10,7,8,7,8,3,10,8,10,2,3,1,1,1,10,262.203,5,2.383536585,1.4,-0.389148343,-0.928
252,19,Woman,127.94,0,1,4,2,0,0,2,0,0,0,1,2,1,1,0,2,1,2,1,1.666666667,0.666666667,0.6,1.5,0.5,1.5,0.977777778,834,18,Woman,5,4,0,2.5,4,4,0,0,2,0,0,0,1,4,7,6,1,1,4,1,0,3,2,7,5,3,3,4,6,6,6,7,6,9,9,7,7,7,7,7,9,1,319.046,5.035714286,2.419250871,2.15,0.360851657,0.873
174,18,Woman,102.762,3,1,3,5,5,3,5,1,3,2,0,-1,0,2,-1,2,-1,2,2,2.333333333,4.333333333,2.2,-0.5,0.5,1.25,2.955555555,104,18,Woman,5,2,0,0,5,2,0,0,0,2.236067977,5,1,0,0,4,7,2,1,0,2,5,0,5,6,7,6,8,7,9,8,6,9,4,9,7,8,5,8,4,1,3,1,244.616,5.071428571,2.454965156,1.623606798,-0.165541545,-0.406
113,19,Woman,54.228,1,1,3,2,3,2,3,4,3,2,2,0,1,1,2,1,1,0,0,1.666666667,2.333333333,2.8,0.5,1.5,0.5,2.266666667,378,19,Non-binary,4,5,1,0,4,3,0,0,4,0,5,0,0,0,7,7,4,4,7,6,4,3,6,3,4,5,3,7,7,5,4,4,5,7,6,5,4,8,6,6,3,3,166.106,5.107142857,2.490679442,2.1,0.310851657,0.774
75,19,Woman,41.04,4,2,4,3,1,1,1,1,1,1,1,-1,0,-1,0,0,-1,-1,-1,3.333333333,1.666666667,1,-0.5,-0.5,-0.75,2,625,18,Woman,5,5,4,1,4,5,0,0,2,2.24,1,5,1,1,8,6,7,6,7,5,5,6,5,6,6,6,6,6,6,6,4,4,4,4,4,3,4,4,4,4,4,4,64.392,5.142857143,2.526393728,2.824,1.034851657,2.614
368,18,Woman,93.29,0,0,0,4,3,3,1,0,0,0,0,0,1,0,0,0,1,0,0,0,3.333333333,0.2,0.5,0,0.25,1.177777778,93,18,Woman,2,3,1,0.5,2,2,0,0,1,2.449489743,2,3,0,1,5,7,5,3,3,2,7,1,6,7,6,7,6,5,8,8,7,6,8,8,4,6,2,3,6,4,1,6,515.258,5.25,2.633536585,1.394948974,-0.394199368,-1.038
65,20,Woman,37.646,2,3,1,2,3,1,4,1,2,1,2,0,-1,0,-1,0,0,-1,-1,2,2,2,-0.5,-0.5,-0.5,2,352,20,Woman,4,1,4,1,0,2,0,0,0,0,0,4,2,0,4,8,3,7,4,5,5,4,6,3,8,3,6,4,4,5,6,2,7,5,4,8,4,7,6,4,7,8,56.075,5.25,2.633536585,1.2,-0.589148343,-1.552
56,19,Woman,27.767,0,4,1,3,3,2,4,3,3,3,3,-1,1,-1,2,2,-1,1,-1,1.666666667,2.666666667,3.2,0,0.5,0.25,2.511111111,148,18,Woman,3,4,5,2,2,3,0,0,3,2.236067977,1,5,1,3,7,5,8,3,4,7,5,3,5,6,6,3,3,7,4,7,6,6,6,7,6,3,7,7,6,4,7,0,122.02,5.285714286,2.669250871,2.423606798,0.634458455,1.694
192,20,Woman,116.641,0,2,3,1,0,0,4,1,0,0,4,1,0,1,-2,-2,1,2,-1,1.666666667,0.333333333,1.8,0.5,-0.5,0,1.266666667,801,19,Woman,5,5,2,0.5,5,3,0,0,2,1.73,1,3,1,0,7,8,2,0,1,1,0,4,6,3,6,10,0,3,9,10,5,3,10,8,8,8,10,10,4,2,0,10,552.015,5.285714286,2.669250871,2.423,0.633851657,1.692
182,18,Woman,86.23,0,0,0,2,0,0,2,0,0,0,0,0,1,0,-1,-1,1,0,-1,0,0.666666667,0.4,0.5,-0.5,-0.25,0.355555556,184,18,Woman,4,0,0,0,1,0,0,0,0,1,1,1,0,0,7,8,8,2,0,0,2,0,3,8,8,8,8,1,9,4,7,7,8,8,8,4,5,7,6,1,7,4,327.764,5.285714286,2.669250871,0.6,-1.189148343,-3.174
136,19,Woman,71.221,3,3,2,4,4,5,3,2,1,1,1,1,-1,1,1,-1,-1,-1,-1,2.666666667,4.333333333,1.6,0,1,-1,2.866666667,285,19,Woman,4,4,3,2.5,3,3,3,2,2,0,0,5,3,2,4,7,4,2,4,4,6,1,5,6,8,8,9,7,7,6,3,6,4,6,6,7,3,5,5,3,7,7,173.426,5.357142857,2.740679442,2.65,0.860851657,2.359
189,18,Woman,105.655,0,0,0,1,0,0,0,0,0,0,0,2,1,1,1,0,1,1,1,0,0.333333333,0,1.5,1,0.75,0.111111111,396,18,Woman,3,5,1,3.5,3,1,0,1,3,1.414213562,2,1,3,4,8,10,4,1,5,3,3,0,7,4,1,7,1,2,9,6,8,10,1,10,2,8,8,9,9,3,9,2,296.103,5.357142857,2.740679442,2.191421356,0.402273013,1.103
160,19,Man,46.197,0,0,0,5,2,5,0,0,0,0,0,-2,-2,-2,-2,-2,-2,1,-2,0,4,0,-2,-2,-1.25,1.333333333,208,19,Man,5,4,0,0,4,3,2,0,3,0,0,0,0,0,8,7,8,0,5,4,3,4,4,5,4,3,3,4,3,4,3,6,7,7,7,7,6,9,9,9,6,5,54.909,5.357142857,2.740679442,2.1,0.310851657,0.852
111,19,Woman,61.723,0,0,0,2,1,0,0,0,0,0,0,-2,-2,-1,-2,1,-2,-2,-2,0,1,0,-2,-1.5,-1.25,0.333333333,79,19,Woman,5,4,4,1,1,3,0,1,2,0,0,0,0,2,8,8,6,1,4,8,2,0,1,4,7,2,6,4,8,8,8,8,4,9,1,10,9,8,7,9,0,0,209.807,5.357142857,2.740679442,2.1,0.310851657,0.852
210,18,Man,91.949,4,3,0,3,1,5,0,0,0,0,1,1,1,0,-1,-2,-1,-2,-2,2.333333333,3,0.2,1,-0.5,-1.75,1.844444444,117,18,Man,2,0,0,3,3,2,0,0,0,0,1,0,4,2,4,7,6,1,3,6,9,6,7,2,8,10,1,3,5,4,4,7,8,7,0,5,10,7,4,4,8,9,298.504,5.535714286,2.919250871,1,-0.789148343,-2.304
171,18,Woman,97.502,1,3,1,4,4,2,4,4,2,0,1,2,2,2,1,2,2,2,2,1.666666667,3.333333333,2.2,2,1.5,2,2.4,46,18,Woman,5,4,0,0.5,4,1,0,0,1,1.732050808,3,1,1,0,5,9,1,0,3,0,4,0,1,8,10,9,9,10,10,3,10,10,4,10,5,10,5,9,2,1,6,3,146.355,5.607142857,2.990679442,1.723205081,-0.065943262,-0.197
151,18,Another,58.089,0,0,0,5,5,3,0,0,0,0,0,-2,-2,-1,0,-2,2,-1,-2,0,4.333333333,0,-2,-0.5,-0.75,1.444444444,379,18,Non-binary,0,5,0,0,1,2,0,0,2,2.236067977,5,1,0,0,9,9,6,1,0,4,8,7,9,1,10,10,9,0,6,5,9,9,8,10,3,7,0,2,0,0,7,9,282.67,5.642857143,3.026393728,1.223606798,-0.565541545,-1.712
122,18,Woman,58.908,2,2,0,3,3,3,2,1,0,0,1,1,0,1,0,1,1,0,0,1.333333333,3,0.8,0.5,0.5,0.5,1.711111111,458,18,Woman,5,2,5,4,4,4,0,0,4,2.24,5,1,3,5,9,9,7,7,9,6,3,2,9,9,3,3,3,6,8,9,4,6,4,8,9,8,6,6,5,2,1,1,158.561,5.785714286,3.169250871,3.024,1.234851657,3.914
246,19,Woman,15.395,2,1,3,2,3,1,3,1,3,2,2,0,-1,0,-1,2,-1,0,-1,2,2,2.2,-0.5,-0.5,0,2.066666667,713,18,Woman,2,4,1,1.5,3,2,4,0,1,1.41,2,1,0,3,7,5,7,5,9,1,8,5,8,6,4,8,5,5,8,4,7,6,6,3,10,6,7,4,8,6,4,8,35.877,6.071428571,3.454965156,1.991,0.201851657,0.697
247,18,Woman,96.801,2,1,2,4,4,2,4,4,3,3,3,1,1,2,1,2,2,1,1,1.666666667,3.333333333,3.4,1,1.5,1.5,2.8,126,18,Woman,4,2,3,3,3,4,0,1,2,4,4,4,3,3,9,9,9,4,6,7,7,4,3,9,9,7,6,5,5,3,4,7,7,10,8,6,7,3,3,2,7,6,188.134,6.142857143,3.526393728,2.6,0.810851657,2.859
110,19,Woman,56.099,4,5,4,5,4,3,2,0,2,0,2,2,2,2,0,2,1,2,2,4.333333333,4,1.2,2,1,1.75,3.177777778,125,19,Woman,5,4,1,1.5,3,2,0,0,4,0,5,0,3,0,9,8,1,0,6,7,6,0,7,0,6,9,9,8,8,6,10,9,4,10,9,9,8,7,6,1,2,10,188.002,6.25,3.633536585,2.05,0.260851657,0.948
178,18,Woman,75.526,0,0,2,5,5,5,0,0,0,0,3,0,0,1,-1,-2,-2,1,-1,0.666666667,5,0.6,0,0,-1,2.088888889,392,18,Woman,5,4,0,0,4,4,0,0,1,0,0,0,0,0,1,8,4,2,1,1,9,0,5,3,9,9,9,9,9,7,9,9,2,9,9,10,6,8,8,5,6,9,310.501,6.285714286,3.669250871,1.8,0.010851657,0.04
483,19,Woman,159.896,2,1,0,5,5,3,1,0,0,2,1,1,1,0,-1,0,1,0,0,1,4.333333333,0.8,1,-0.5,0.25,2.044444444,826,18,Woman,5,2,1,1,3,0,0,0,0,0,0,0,1,1,6,6,8,1,2,3,8,0,2,8,5,8,9,9,4,8,10,8,9,9,4,8,8,6,5,6,8,8,260.405,6.285714286,3.669250871,1.2,-0.589148343,-2.162
211,18,Woman,143.951,1,2,2,3,4,4,1,3,2,3,2,1,1,0,0,1,1,2,2,1.666666667,3.666666667,2.2,1,0,1.5,2.511111111,381,18,Woman,3,4,1,1.5,5,2,0,0,2,0,5,0,2,1,6,8,8,8,4,8,6,8,3,8,5,10,5,9,5,9,5,8,4,9,3,6,9,3,8,4,6,3,390.509,6.357142857,3.740679442,1.85,0.060851657,0.228
186,18,Woman,120.317,5,0,0,3,3,0,0,0,3,0,0,0,-1,1,1,-1,1,1,0,1.666666667,2,0.6,-0.5,1,0.25,1.422222222,323,18,Woman,4,3,0,0,4,2,0,0,5,0,0,3,0,0,5,7,5,2,6,3,8,0,3,8,2,7,6,9,7,8,3,8,8,9,9,10,10,10,8,4,10,3,354.158,6.357142857,3.740679442,1.8,0.010851657,0.041
332,18,Woman,144.478,0,2,0,5,1,2,4,0,2,0,4,0,1,1,0,2,1,1,1,0.666666667,2.666666667,2,0.5,0.5,1.25,1.777777778,400,18,Woman,4,5,1,0,5,4,2,0,3,0,5,0,0,0,8,9,5,2,3,4,7,4,8,5,8,10,7,2,8,5,7,8,9,8,9,7,7,9,8,4,3,6,320.347,6.428571429,3.812108014,2.4,0.610851657,2.329
15898,20,Woman,72.842,0,0,0,4,0,0,0,5,0,4,0,0,1,1,1,-1,1,-1,1,0,1.333333333,1.8,0.5,1,0,1.044444444,727,19,Woman,1,1,0,1.5,0,1,0,0,0,0,0,5,1,2,8,8,6,7,8,6,7,4,6,7,6,7,7,8,6,6,5,6,6,7,7,6,7,7,6,7,6,7,54.634,6.571428571,3.954965156,0.45,-1.339148343,-5.296
136,19,Woman,68.626,2,1,4,5,5,5,4,1,0,0,0,1,1,1,0,-1,-2,-2,-2,2.333333333,5,1,1,0.5,-1.75,2.777777778,635,18,Woman,4,3,1,1.5,3,3,0,0,1,0,5,0,2,1,4,7,6,6,8,2,7,3,8,9,9,5,8,5,9,7,8,4,5,9,9,3,7,10,6,5,9,8,134.316,6.642857143,4.026393728,1.65,-0.139148343,-0.56
201,20,Woman,113.289,3,3,1,1,1,1,3,1,1,0,3,1,1,2,1,0,1,2,2,2.333333333,1,1.6,1,1.5,1.25,1.644444444,157,19,Woman,3,5,3,3.5,4,4,0,0,2,2.828427125,2,4,3,4,8,9,9,5,4,3,7,1,5,8,6,9,10,6,8,10,10,10,6,10,8,8,7,5,5,5,2,3,253.873,6.678571429,4.062108014,2.732842713,0.94369437,3.833
215,19,Another,104.402,0,0,0,4,1,1,1,1,0,0,0,-2,-2,-2,-2,2,-2,0,1,0,2,0.4,-2,-2,0.25,0.8,194,19,Non-binary,3,4,1,3.5,5,3,0,0,1,0,0,5,3,4,8,6,7,4,3,0,9,3,5,6,6,9,10,7,9,7,9,9,4,8,10,9,6,9,8,8,7,6,278.125,6.857142857,4.240679442,2.05,0.260851657,1.106
185,19,Man,69.91,0,0,0,4,1,0,3,0,0,0,0,1,1,1,0,1,2,1,1,0,1.666666667,0.6,1,0.5,1.25,0.755555556,255,19,Man,5,4,3,1.5,5,5,0,0,3,0,5,0,1,2,6,9,7,1,8,0,3,0,10,8,10,8,8,9,10,7,7,9,6,10,10,9,3,10,8,7,1,10,215.64,6.928571429,4.312108014,2.65,0.860851657,3.712
144,19,Woman,79.011,1,2,2,2,2,1,2,1,2,1,2,1,1,1,1,1,0,1,1,1.666666667,1.666666667,1.6,1,1,0.75,1.644444445,513,19,Woman,2,1,0,2,2,1,1,0,0,0,1,0,2,2,7,7,8,7,3,7,7,6,7,7,7,6,5,7,6,7,7,6,8,9,9,7,8,7,9,7,8,7,203.645,7,4.383536585,0.9,-0.889148343,-3.898
1171,19,Man,1013.167,3,1,1,1,1,3,3,3,3,0,1,-1,0,0,0,0,0,0,0,1.666666667,1.666666667,2,-0.5,0,0,1.777777778,599,18,Man,4,3,1,0,3,3,0,0,2,0,0,0,0,0,7,7,5,7,7,5,7,7,7,8,8,8,5,8,8,7,8,8,7,9,8,6,7,7,6,5,8,7,51.325,7.035714286,4.419250871,1.6,-0.189148343,-0.836
149,20,Woman,80.57,5,5,2,5,4,4,5,4,3,3,4,2,1,0,1,2,1,1,1,4,4.333333333,3.8,1.5,0.5,1.25,4.044444444,726,19,Woman,4,4,3,1.5,4,4,0,0,2,0,1,0,2,1,9,9,8,1,8,3,8,3,0,5,6,9,8,9,9,9,9,10,2,10,10,10,8,9,7,8,9,7,278.359,7.25,4.633536585,2.25,0.460851657,2.135
135,21,Man,78.168,2,1,0,0,0,0,0,0,0,0,0,1,-1,0,0,1,-1,1,0,1,0,0,0,0,0.25,0.333333333,529,20,Man,4,5,3,0.5,5,4,1,0,4,0,3,0,1,0,9,10,3,3,9,10,0,4,10,10,5,10,9,10,9,9,10,10,7,10,0,7,5,8,9,6,10,3,130.509,7.321428571,4.704965156,2.65,0.860851657,4.05
180,20,Woman,92.37,2,1,3,4,3,3,1,0,0,0,2,1,2,0,1,1,2,1,1,2,3.333333333,0.6,1.5,0.5,1.25,1.977777778,258,19,Woman,4,4,0,1.5,4,4,0,0,3,2,4,1,2,1,4,5,8,5,5,6,7,6,7,6,5,8,6,7,7,7,8,7,10,8,9,9,10,10,8,10,9,10,317.203,7.392857143,4.776393728,2.25,0.460851657,2.201
135,18,Woman,51.815,0,1,1,4,0,0,0,0,0,0,1,-1,-1,1,-2,-2,-2,-1,-1,0.666666667,1.333333333,0.2,-1,-0.5,-1.5,0.733333333,167,18,Woman,4,2,0,4.5,4,0,0,0,4,0,0,0,5,4,9,9,9,3,3,6,9,2,6,9,10,10,10,10,10,10,10,10,10,9,1,10,10,10,10,10,10,1,219.916,8.071428571,5.454965156,1.85,0.060851657,0.332
